brand,model,years,curb_weight_kg,notes
"AC Cars","16/80","1936–1939","975","Довоенный спорткар, масса ориентировочная для стандартного кузова"
"AC Cars","Ace","1953–1963","871","Классический родстер, основа для Cobra"
"AC Cars","Aceca","1954–1963","1020","Купе на базе Ace, масса для версии с двигателем AC"
"AC Cars","Greyhound","1959–1963","1020","Четырёхместное купе на базе Ace/Aceca"
"AC Cars","3000ME","1979–1985","1085","Среднемоторное купе, одна из последних оригинальных разработок"
"AC Cars","Brooklands Ace","1993–2000","1440","Современный родстер, значительно тяжелее классических моделей"
"AC Cars","378 GT Zagato","2012","1465","Спорткар, разработанный совместно с ателье Zagato"
"AC Cars","Mk VI (GT/GTA)","2009–2013","1032","Современная Cobra с алюминиевым кузовом, масса усреднённая"
"AC Cars","Cobra GT Roadster","2024–наст.","1450","Новая модель, алюминиевый шасси и карбоновые панели"
"AC Cars","Ace (2024)","2024–наст.","1134","Современная электрическая версия родстера"
"AC Cars","Cobra GT SuperSport","2025–наст.","","Эксклюзивная лимитированная версия, масса не объявлена"
"Acura","Integra","2023–наст.","1400","Базовая версия, передний привод (3,084 lbs)"
"Acura","Integra A-Spec","2023–наст.","1420","Комплектация A-Spec (3,109–3,150 lbs)"
"Acura","Integra Type S","2024–наст.","1460","Заряженная версия, 320 л.с., механика (3,219 lbs)"
"Acura","ADX","2025–наст.","1528","Компактный кроссовер, передний привод (3,369 lbs)"
"Acura","ADX AWD","2025–наст.","1638","Полноприводная версия (3,578–3,611 lbs)"
"Acura","RDX","2019–наст.","1820","Базовая версия (4,014 lbs)"
"Acura","RDX A-Spec Advance","2019–наст.","1841","Топовая комплектация (4,058 lbs)"
"Acura","TLX","2021–наст.","1704","Базовый переднеприводный седан (3,756 lbs)"
"Acura","TLX SH-AWD","2021–наст.","1915","Полноприводная версия Type S (4,221 lbs)"
"Acura","MDX","2022–наст.","1936","Базовая версия (4,268 lbs)"
"Acura","MDX Type S","2022–наст.","2172","Заряженная версия (4,788 lbs)"
"Acura","ZDX A-Spec","2024–наст.","2459","Электрический кроссовер, базовая версия (5,421 lbs)"
"Acura","ZDX Type S","2024–наст.","2745","Электрический кроссовер, топ-версия (6,052 lbs)"
"Acura","NSX Type S","2022","1760","Гибридный суперкар, стандартная версия (3,878 lbs)"
"Aehra","SUV","2025 (план)","2000","Электрический внедорожник. Целевая снаряжённая масса — менее 2000 кг, что очень мало для электромобиля такого класса. Достигается за счёт применения лёгких композитных материалов в шасси и кузове."
"Aehra","Sedan","2026 (план)","1800","Электрический седан с дизайном «купе». Ожидается, что он будет ещё легче SUV-версии благодаря более низкому профилю и меньшему количеству материалов."
"Agrale","Marruá AM1","2005–наст.","1960","Армейский внедорожник. Базовая версия. Снаряжённая масса — 1,960 кг, полная масса — 2,460 кг. Вместимость — 4 человека[reference:2][reference:3]."
"Agrale","Marruá AM10 REC","2005–наст.","2000","Версия для разведки. Масса может незначительно отличаться от базовой из-за дополнительного оборудования."
"Agrale","Marruá AM20 CC","2005–наст.","2100","Версия для перевозки грузов и личного состава (до 750 кг). Масса немного выше за счёт усиленной конструкции[reference:4]."
"Agrale","Marruá AM22","2005–наст.","2100","Санитарная версия (карета скорой помощи). Масса сопоставима с грузовой версией."
"Agrale","Marruá AM200 G2","2015–наст.","2300","Более тяжёлая версия. Полная масса — 4,300 кг. Грузоподъёмность — 1,300 кг (с кузовом)[reference:5]."
"Aiways","U5 Standard","2020–наст.","1720","Базовая версия. Снаряжённая масса — 1,720 кг (Leergewicht). Достигается за счёт использования алюминия (52% кузова) и высокопрочных сталей (48%).""Aiways","U5 Premium","2020–наст.","1770","Топ-версия с расширенным оснащением. Масса — 1,770 кг (снаряжённая). Полная масса — до 2,155 кг.""Aiways","U5 (общий диапазон)","2020–наст.","1720–1890","Диапазон снаряжённой массы для всех версий модели U5 в зависимости от комплектации и года выпуска.""Aiways","U6","2022–наст.","1790–1920","Купеобразный кроссовер. Базовая снаряжённая масса — 1,790 кг (poids à vide). В некоторых комплектациях — до 1,920 кг (собственный вес). Длина — 4,800 мм.""Aiways","U7 ion (концепт)","2019 (концепт)","—","Концепт-кар, представленный на Auto Shanghai в 2019 году. Демонстрирует технологии искусственного интеллекта и автопилота. В серию не запущен, данных о массе нет."
"Aixam","City (дизель)","2016–наст.","350","Базовая дизельная версия (двигатель Kubota 400cc). Снаряжённая масса — 350 кг. Вмещает 2 человек."
"Aixam","City Sport (дизель)","2016–наст.","350","Спорт-версия с дизельным двигателем. Масса аналогична базовой — 350 кг."
"Aixam","City Crossline (дизель)","2016–наст.","350","Версия с внедорожным стайлингом. Масса — 350 кг."
"Aixam","City Crossover (дизель)","2016–наст.","350","Топ-версия с максимальным клиренсом и защитным обвесом. Масса — 350 кг."
"Aixam","City (электро)","2017–наст.","485","Электрическая версия с батареей. Снаряжённая масса — 485 кг (с батареями). Запас хода — до 80 км."
"Aixam","e-City Sport (электро)","2017–наст.","485","Спорт-версия с электромотором. Масса — 485 кг."
"Aixam","e-Crossline (электро)","2017–наст.","485","Электрическая версия Crossline. Масса — 485 кг."
"Aixam","e-Crossover (электро)","2017–наст.","485","Электрическая версия Crossover. Масса — 485 кг."
"Aixam","Minauto (дизель)","2016–наст.","400","Грузовой фургон на базе City. Снаряжённая масса — 400 кг. Грузоподъёмность — до 200 кг."
"Aixam","Coupe (дизель)","2012–2016","350","Классическая двухместная модель в кузове купе (снята с производства). Масса — 350 кг."
"Alfa Romeo","Giulia 2.0 Turbo","2016–наст.","1530","Седан RWD (280 л.с.)"
"Alfa Romeo","Giulia Quadrifoglio","2016–наст.","1695","Седан RWD (510 л.с. V6)"
"Alfa Romeo","Stelvio 2.0 Turbo","2017–наст.","1680","Внедорожник AWD (280 л.с.)"
"Alfa Romeo","Stelvio Quadrifoglio","2018–наст.","1905","Внедорожник AWD (505 л.с. V6)"
"Alfa Romeo","Tonale 1.5 MHEV","2022–наст.","1600","Компактный внедорожник, мягкий гибрид"
"Alfa Romeo","Tonale 1.3 PHEV","2022–наст.","1875","Компактный внедорожник, подзаряжаемый гибрид"
"Alfa Romeo","Tonale (diesel)","2022–наст.","1580","Компактный внедорожник, дизель (DIN)"
"Alfa Romeo","Junior Ibrida","2024–наст.","1380","Подкомпактный внедорожник, мягкий гибрид"
"Alfa Romeo","Junior Elettrica","2024–наст.","1620","Подкомпактный внедорожник, электрический"
"Alfa Romeo","33 Stradale (V6)","2024–наст.","1500","Купе, лимитированная серия (33 экз.)"
"Alfa Romeo","33 Stradale (BEV)","2024–наст.","2100","Купе, электрический, лимитированная серия (33 экз.)"
"Alfa Romeo","Giulia GTA","2020–2021","1520","Седан, облегченная трековая версия"
"Alfa Romeo","Giulietta","2010–2020","1355","Компактный хэтчбек, снят с производства"
"Alfa Romeo","4C","2013–2020","970","Спорт-купе, снято с производства"
"Alpina","B3 Limousine (G20)","2022–наст.","1855","Седан (4,090 lbs)"
"Alpina","B3 Touring (G21)","2022–наст.","1870","Универсал (4,123 lbs)"
"Alpina","B3 Limousine (F30)","2013–2019","1610","Седан, пред. поколение, RWD, сухая масса"
"Alpina","B3 Touring (F31)","2013–2019","1675","Универсал, пред. поколение, RWD, сухая масса"
"Alpina","B4 Gran Coupe (G26)","2022–наст.","1965","Четырехдверное купе, AWD (4,333 lbs)"
"Alpina","B4 Coupe (F32)","2014–2020","1615","Купе, базовое (3,562 lbs)"
"Alpina","B4 Cabrio (F33)","2014–2020","1840","Кабриолет, максимальная масса (4,057 lbs)"
"Alpina","B5 Limousine (G30)","2017–наст.","2055","Седан (4,533 lbs)"
"Alpina","B5 Touring (G31)","2017–наст.","2155","Универсал, рестайлинг (4,750 lbs)"
"Alpina","B5 Limousine (F10)","2010–2016","1920","Седан, LCI (4,232 lbs)"
"Alpina","B5 Touring (F11)","2010–2016","1990","Универсал, LCI (4,386 lbs)"
"Alpina","B7 (G12)","2016–2022","2035","Седан, короткая база (4,487 lbs)"
"Alpina","B7 LWB (G12)","2016–2022","2210","Седан, длинная база (4,872 lbs)"
"Alpina","B7 (F01/F02)","2010–2015","2070","Седан, длинная база (4,564 lbs)"
"Alpina","B8 Gran Coupe (G16)","2021–наст.","2100","Четырехдверное купе, базовое (4,629 lbs)"
"Alpina","XB7 (G07)","2020–наст.","2655","Внедорожник, базовый (5,856 lbs)"
"Alpina","XD7 (G07)","планировался","2300","Проект дизельного внедорожника, не выпущен"
"Alpina","D3 Limousine (G20)","2020–2022","1950","Дизельный седан (4,299 lbs)"
"Alpina","D3 Touring (G21)","2020–2022","2010","Дизельный универсал (4,430 lbs)"
"Alpina","D3 Touring (F31)","2013–2018","1585","Дизельный универсал, LCI, базовая масса (3,496 lbs)"
"Alpina","D4 Gran Coupe (G26)","2022–наст.","1945","Дизельное купе (4,290 lbs)"
"Alpina","D5 Touring (G31)","2017–наст.","2035","Дизельный универсал (4,487 lbs)"
"Alpina","D5 Limousine (F10)","2011–2016","1865","Дизельный седан, LCI (4,114 lbs)"
"Alpina","D5 Touring (F11)","2011–2016","1990","Дизельный универсал, LCI (4,387 lbs)"
"Alpina","XD3 (G01)","2022–наст.","2070","Дизельный внедорожник (4,564 lbs)"
"Alpina","XD3 (F25)","2013–2017","1910","Дизельный внедорожник, пред. поколение (4,210 lbs)"
"Alpina","XD4 (G02)","2022–наст.","2070","Дизельный внедорожник-купе (4,564 lbs)"
"Alpine","A110 (оригинальная)","1963–1977","706","Классическая берлинетта, снаряжённая масса по данным Wikipedia"
"Alpine","A110","2017–наст.","1102","Базовая версия, 252 л.с. (kerb weight)"
"Alpine","A110 S","2019–наст.","1114","Спорт-версия, 300 л.с. (kerb weight)"
"Alpine","A110 GT","2021–наст.","1119","Версия Grand Touring, 300 л.с. (kerb weight DIN)"
"Alpine","A110 R","2022–наст.","1082","Облегчённая трек-версия (kerb weight)"
"Alpine","A110 Tour de Corse 75","2022","1109","Лимитированная серия 150 экз. (poids à vide)"
"Alpine","A290","2024–наст.","1479","Электрический хот-хэтч, версия GT Performance (kerb weight DIN)"
"Alpine","A390 GT","2025–наст.","2124","Электрический кроссовер, 400 л.с. (curb weight)"
"Alpine","A390 GTS","2025–наст.","2121","Электрический кроссовер, 470 л.с. (curb weight)"
"Alpine","A310","1971–1984","980","Преемник A110 с двигателем V6"
"Alpine","GTA","1984–1991","1210","Версия V6 Turbo"
"Alpine","A610","1991–1995","1420","Последняя модель перед закрытием в 1995"
"Alpine","A106","1955–1961","550","Самая первая модель Alpine"
"Alpine","A108","1958–1965","600","Предшественник A110"
"Amberauto","А5 (JMEV GSE)","2024–наст.","1570","Электрический седан С-класса, 160 л.с., запас хода 520 км, адаптирован под климат РФ"
"Amberauto","1","2025–наст. (план)","","Городской электромобиль-квадрицикл L7, длина 3160 мм, мощность 20 л.с., запас хода 250-300 км. Точная снаряжённая масса неизвестна."
"Amberauto","3","2025–наст. (план)","","Более крупный городской электромобиль, длина 3720 мм, мощность 68 л.с., запас хода до 330 км. Точная масса неизвестна."
"Amberauto","Ambertruck JL","2024–наст.","2000","Коммерческий грузовик, дизель 2.8 л (109 л.с.), полная масса 3.5 т"
"Amberauto","Ambertruck Work","2025–наст.","1948","Пикап, полная масса 2820 кг, грузоподъёмность 872 кг"
"Apollo","Gumpert Apollo","2005–2013","1150","Суперкар с битурбо V8 от Audi, 650-800 л.с., средняя снаряжённая масса (диапазон 1,100–1,200 кг)"
"Apollo","Gumpert Apollo Sport","2007–2013","1200","Трековая версия с улучшенной аэродинамикой (базовая снаряжённая масса до 1,468 кг в полной комплектации)"
"Apollo","Gumpert Apollo R","2010–2013","1100","Облегченная трековая версия, 860 л.с."
"Apollo","Apollo Arrow (концепт)","2016","1300","Концепт-кар, битурбо V8 4.0 л, 1,000 л.с."
"Apollo","Apollo Intensa Emozione (IE)","2019–наст.","1250","Серийный гиперкар, атмосферный V12 6.3 л от Ferrari, 780 л.с., тираж 10 экз."
"Apollo","Apollo Project EVO","2022–наст.","1250","Трековый гиперкар, V12 6.3 л от Ferrari, 780-812 л.с., карбоновый монокок 165 кг, тираж 10 экз. (диапазон снаряжённой массы 1,200-1,300 кг)"
"Apollo","Apollo N (концепт)","2017","1200","Концепт на базе IE, соотношение мощность/вес 1.71 кг/л.с."
"Apollo","Apollo EVision S (концепт)","2021","","Электрический седан-концепт, 800V архитектура. Точная снаряжённая масса не раскрыта."
"Apollo","Apollo EVision X (концепт)","2021","","Электрический SUV-концепт. Точная снаряжённая масса не раскрыта."
"Aptera","2e (Typ-1e)","2009–2011","680","Электромобиль, Cd 0.15, запас хода 160 км, серийно не производился"
"Aptera","2h (Typ-1h)","2009–2011","816","Гибридная версия, серийно не производилась"
"Aptera","Solar EV (базовая 60 кВт·ч)","2025 (план)","816","Современный электромобиль, запас хода 600 миль"
"Aptera","Solar EV (версия 25 кВт·ч)","2025 (план)","","Запас хода 400 км, точная масса не разглашается"
"Aptera","Solar EV (версия 100 кВт·ч)","2025 (план)","998","Запас хода 1000 миль, менее 1000 кг"
"Aptera","Launch Edition","2025 (план)","816","Финальный дизайн и комплектация"
"Arcfox","Lite","2017–2020","870","Городской двухместный микро-кар"
"Arcfox","T1","2025–наст.","1420","Городской хэтчбек, 95 л.с., батарея 42.3 кВт⋅ч, запас хода 425 км (CLTC)"
"Arcfox","Alpha S5","2024–наст.","1920","Базовая версия, седан-фастбек (снаряжённая масса от 1,920 до 2,040 кг в зависимости от модификации)"
"Arcfox","Alpha S","2021–наст.","1900","Базовая версия, лифтбек (снаряжённая масса от 1,900 до 2,245 кг в зависимости от модификации)"
"Arcfox","Alpha T","2021–наст.","1935","Базовая версия, SUV (снаряжённая масса от 1,935 до 2,125 кг в зависимости от модификации)"
"Arcfox","Kaola","2023–наст.","1800","Компактвэн для семей с детьми"
"Arcfox","GT","2020–наст.","1840","Электрический гиперкар, разгон до 100 км/ч за 2.6 с"
"Arcfox","S3","2025–наст.","1630","Базовая версия, седан среднего класса (снаряжённая масса от 1,630 до 2,005 кг в зависимости от модификации)"
"Arrinera","Hussarya (прототип)","2011","1300","Сухая масса, первый прототип, также известен как Venocara (неофициально)"
"Arrinera","Hussarya (дорожная версия)","2014–2016","1300","Снаряжённая масса (2,900 lbs), кузов из композитов и карбона, тираж ~100 экз./год"
"Arrinera","Hussarya GT","2016–наст.","1250","Гоночная версия FIA GT3/GT4, 1,250 кг (2,756 lbs), двигатель GM LS7 V8 6.2 л (~500 л.с.), победа в классе на Goodwood FoS 2016"
"Arrinera","Hussarya 33","2016 (анонс)","1300","Лимитированная версия (33 экз.), двигатель GM LT4 V8 с наддувом (~650 л.с.), масса оценочная"
"Aspark","Owl (прототип)","2017","850","Ранний прототип с карбоновым кузовом 50 кг, мощность 430 л.с."
"Aspark","Owl (предсерийный)","2018","1500","Модернизированная версия, мощность 1,166 л.с."
"Aspark","Owl (серийная версия, 2019 г.)","2019–2024","1900","Серийная модель с батареей 64 кВт·ч, мощность 2,012 л.с."
"Aspark","Owl SP600 (прототип)","2024","2000","Рекордный прототип, достигший скорости 438.7 км/ч."
"Aspark","Owl SP600 (дорожная версия)","2024–наст.","","Дорожная версия рекордного гиперкара. Официальная масса не объявлена."
"Aspark","Owl Roadster","2025–наст.","1900","Открытая версия мощностью 1,953 л.с., тираж 20 экз."
"Aston Martin","DB12","2023–наст.","1788","Super Tourer, 4.0 л V8 AMG (680 л.с.)[reference:38][reference:39]"
"Aston Martin","DB12 Volante","2023–наст.","1898","Кабриолет, масса увеличена из-за усиления кузова[reference:40]"
"Aston Martin","Vantage","2024–наст.","1670","Спорткар, 4.0 л V8 AMG (665 л.с.). Снаряженная масса от 1670 кг[reference:41]"
"Aston Martin","Vantage S","2025–наст.","","Версия с форсированным двигателем (680 л.с.) и улучшенной аэродинамикой[reference:42]"
"Aston Martin","Vanquish","2024–наст.","1774","Флагманский Grand Tourer, 5.2 л V12 (835 л.с.). Сухая масса[reference:43]"
"Aston Martin","Vanquish Volante","2025–наст.","","Кабриолет, самый мощный серийный Aston Martin с открытым верхом[reference:44]"
"Aston Martin","DBX707","2022–наст.","2245","Кроссовер с 4.0 л V8 (707 л.с.)[reference:45]"
"Aston Martin","DBS","2018–2024","1693","Grand Tourer, 5.2 л V12 (715 л.с.). Снаряженная масса от 1693 кг[reference:46][reference:47]"
"Aston Martin","Valkyrie","2021–2024","1030","Гиперкар, 6.5 л V12 Cosworth (1,160 л.с.)[reference:48]"
"Aston Martin","Valhalla","2025–наст.","1655","Суперкар, 4.0 л V8 гибрид (1,079 л.с.)[reference:49]"
"Aston Martin","DB11","2016–2023","1760","Предшественник DB12, 4.0 л V8 (528 л.с.)[reference:50][reference:51]"
"Aston Martin","V12 Speedster","2021–2022","1750","Лимитированная модель (88 экз.) без крыши и лобового стекла[reference:52]"
"Aston Martin","DB9","2004–2016","1710","Grand Tourer с 5.9 л V12 (450 л.с.)[reference:53][reference:54]"
"Aston Martin","Virage","2011–2012","1740","Модель между DB9 и DBS, 5.9 л V12 (490 л.с.)[reference:55][reference:56]"
"Atom","Кама-2185 (базовая версия)","2025–наст.","1977","Снаряжённая масса от 1955 до 1998 кг. Стандартная 4-местная версия."
"Atom","Кама-21852 (такси)","2025–наст.","1950","Версия для такси без переднего пассажирского сиденья. Масса оценочная."
"Atom","Delivery (курьер)","2025–наст.","1950","Грузовая модификация для доставки. Грузоподъёмность до 360 кг. Масса оценочная."
"Atom","Atom (ранний прототип)","2023","1900","Предсерийный прототип. Предварительная снаряжённая масса — 1900 кг."
"Audi","A1 Sportback","2010–2022","1165","Компактный хэтчбек, 1.0 TFSI с МКПП"
"Audi","A3 Sedan (8V)","2013–2020","1250","Базовая версия 1.4 TFSI"
"Audi","A3 Sedan (8Y)","2020–наст.","1415","2.0 TFSI Quattro, S-tronic"
"Audi","A4 Sedan (B9)","2015–2024","1550","Базовая версия"
"Audi","A4 Avant (B9)","2015–2024","1610","Универсал"
"Audi","A5 Sportback (F5)","2016–2024","1535","Лифтбек, 2.0 TFSI"
"Audi","A5 Coupe (F5)","2016–2024","1565","Купе, 2.0 TFSI Quattro"
"Audi","A5 Cabriolet (F5)","2016–2024","1655","Кабриолет, 2.0 TFSI"
"Audi","A6 Sedan (C8)","2018–наст.","1705","Базовая версия 40 TDI"
"Audi","A6 Avant (C8)","2018–наст.","1705","Универсал, 40 TDI"
"Audi","A6 e-tron","2024–наст.","2100","Электрический седан"
"Audi","A7 Sportback (C8)","2018–наст.","1660","Лифтбек, 45 TFSI"
"Audi","A8 (D5)","2017–наст.","1880","Представительский седан, 3.0 TDI"
"Audi","A8 L (D5)","2017–наст.","1940","Удлиненная версия"
"Audi","Q2","2016–2024","1280","Компактный кроссовер, 1.0 TFSI"
"Audi","Q3","2018–наст.","1595","Базовая версия"
"Audi","Q3 Sportback","2019–наст.","1540","Купе-кроссовер"
"Audi","Q4 e-tron","2021–наст.","2120","Электрический кроссовер, MEB"
"Audi","Q4 Sportback e-tron","2021–наст.","2135","Купе-кроссовер, электрический"
"Audi","Q5","2017–2024","1740","Базовая версия 40 TDI"
"Audi","Q5 Sportback","2021–2024","1775","Купе-кроссовер, Mild Hybrid"
"Audi","Q6 e-tron","2023–наст.","2325","Электрический кроссовер, PPE"
"Audi","Q7","2015–наст.","1995","Семиместный кроссовер, 3.0 TDI"
"Audi","Q8","2018–наст.","2145","Купе-кроссовер"
"Audi","Q8 e-tron","2019–наст.","2595","Электрический кроссовер, 55 Quattro"
"Audi","Q8 Sportback e-tron","2023–наст.","2605","Купе-кроссовер, электрический"
"Audi","e-tron GT","2021–наст.","2340","Электрический спортседан, J1"
"Audi","RS e-tron GT","2021–наст.","2370","Заряженный электрический спортседан"
"Audi","TT Coupe (8S)","2014–2023","1285","Спорткупе, базовая версия"
"Audi","TTS Coupe (8S)","2014–2023","1400","Заряженное купе"
"Audi","TT RS Coupe (8S)","2016–2023","1490","Топ-версия, 2.5 TFSI (400 л.с.)"
"Audi","R8 Coupe (4S)","2015–2023","1590","Суперкар, RWD"
"Audi","R8 Spyder (4S)","2016–2023","1695","Кабриолет, V10 RWD"
"Audi","S3 Sedan (8Y)","2020–наст.","1575","Спортседан, 2.0 TFSI Quattro"
"Audi","S4 Sedan (B9)","2016–2024","1765","Спортседан, 3.0 TFSI V6"
"Audi","S5 Sportback (F5)","2016–2024","1735","Спорт-лифтбек, 3.0 TFSI V6"
"Audi","S6 Sedan (C8)","2019–наст.","2035","Спортседан, 3.0 TFSI V6"
"Audi","S7 Sportback (C8)","2019–наст.","2080","Спорт-лифтбек, 3.0 TFSI V6"
"Audi","S8 (D5)","2019–наст.","2305","Заряженный седан, 4.0 TFSI V8"
"Audi","RS3 Sportback (8Y)","2021–наст.","1510","Горячий хэтчбек, 2.5 TFSI (400 л.с.)"
"Audi","RS3 Sedan (8Y)","2021–наст.","1515","Седан, 2.5 TFSI (400 л.с.)"
"Audi","RS4 Avant (B9)","2017–2024","1790","Универсал, 2.9 TFSI V6 (450 л.с.)"
"Audi","RS5 Coupe (F5)","2017–2024","1760","Спорткупе, 2.9 TFSI V6 (450 л.с.)"
"Audi","RS5 Sportback (F5)","2018–2024","1795","Лифтбек, 2.9 TFSI V6 (450 л.с.)"
"Audi","RS6 Avant (C8)","2019–наст.","2025","Супер-универсал, 4.0 TFSI V8 (600 л.с.)"
"Audi","RS6 Avant Performance","2023–наст.","2150","Форсированная версия, 630 л.с."
"Audi","RS7 Sportback (C8)","2019–наст.","2065","Лифтбек, 4.0 TFSI V8 (600 л.с.)"
"Audi","RS Q3","2019–наст.","1775","Заряженный кроссовер, 2.5 TFSI (400 л.с.)"
"Audi","RS Q8","2020–наст.","2390","Заряженный купе-кроссовер, 4.0 TFSI V8 (600 л.с.)"
"Aura","Lada Aura (1.8 л, 122 л.с.)","2024–наст.","1400","Бизнес-седан с мотором 1.8 л (122 л.с.) и вариатором"
"Aura","Lada Aura, версия Premier","2024–наст.","1400","Базовая комплектация, 7-дюймовая мультимедиа, 16-дюймовые диски"
"Aura","Lada Aura, версия Status","2024–наст.","1400","Топ-версия с кожаным салоном, 10-дюймовой мультимедиа, 17-дюймовыми дисками"
"Aura","Lada Aura, версия 2026 г.","2026–наст.","1400","Обновлённая версия с бесключевым доступом, дистанционным запуском и новой мультимедиа"
"Aura","Lada Aura (версия Такси)","2024–наст.","","Специализированная версия для такси без переднего пассажирского сиденья. Точная снаряжённая масса не разглашается, но предположительно аналогична стандартной (~1,400 кг)."
"Aura","Lada e-Aura (электрическая)","Концепт (2025)","1450","Электрический концепт, запас хода 350 км, масса увеличена на 50 кг"
"Avatr","Avatr 11 EV (RWD)","2022–наст.","2160-2310","Среднеразмерный кроссовер, заднеприводная электрическая версия. Масса зависит от емкости батареи"
"Avatr","Avatr 11 EV (AWD)","2022–наст.","2410","Среднеразмерный кроссовер, полноприводная версия (578 л.с.). Разгон 0-100 км/ч: 3.9 с"
"Avatr","Avatr 11 REEV (RWD)","2024–наст.","2240","Среднеразмерный кроссовер, гибридная версия с ДВС 1.5 л. Общий запас хода: 1065 км"
"Avatr","Avatr 12 EV (RWD)","2023–наст.","2180-2255","Премиальный фастбэк, заднеприводная электрическая версия. Масса зависит от комплектации"
"Avatr","Avatr 12 EV (AWD)","2023–наст.","2300-2365","Премиальный фастбэк, полноприводная электрическая версия"
"Avatr","Avatr 06 EV (RWD)","2024–наст.","2210","Среднеразмерный седан, заднеприводная электрическая версия"
"Avatr","Avatr 06 EV (AWD)","2024–наст.","2320","Среднеразмерный седан, полноприводная версия (598 л.с.)"
"Avatr","Avatr 06 REEV","2024–наст.","2120","Среднеразмерный седан, гибридная модификация"
"Avatr","Avatr 07 EV (RWD)","2024–наст.","2315","Среднеразмерный кроссовер, заднеприводная электрическая версия"
"Avatr","Avatr 07 EV (AWD)","2024–наст.","2434","Среднеразмерный кроссовер, полноприводная электрическая версия"
"Avatr","Avatr 07 REEV (RWD)","2024–наст.","2240","Среднеразмерный кроссовер, гибридная версия с задним приводом"
"Avatr","Avatr 07 REEV (AWD)","2024–наст.","2326","Среднеразмерный кроссовер, полноприводная гибридная версия"
"BAIC","Beijing X55 / Mofang / Rubik's Cube","2022–наст.","1550","Компактный кроссовер, 1.5T (188 л.с.)"
"BAIC","Beijing X75","2024–наст.","1700","Среднеразмерный кроссовер, 1.5T (177 л.с.)"
"BAIC","BJ40 (бензин)","2024–наст.","2080","Рамный внедорожник, 2.0T (218 л.с.), полный привод"
"BAIC","BJ40 SE (2-дверный)","2024–наст.","1950","Укороченный рамный внедорожник, 2.0T (225 л.с.)"
"BAIC","BJ40 (дизель)","2025–наст.","2250","Рамный внедорожник, 2.0D (163 л.с.), полный привод"
"BAIC","BJ40e EREV","2025–наст.","2640","Гибридный внедорожник, 540 л.с., запас хода 1200 км"
"BAIC","Beijing BJ60","2022–наст.","2250","Среднеразмерный рамный внедорожник, 2.0D (163 л.с.)"
"BAIC","Beijing BJ80","2016–наст.","2285","Полноразмерный рамный внедорожник, 3.0T V6 (276 л.с.)"
"BAIC","U5 Plus","2023–наст.","1240","Компактный седан, 1.5L (113 л.с.), вариатор"
"BAIC","D70","2015–наст.","1590","Бизнес-седан, 1.8T"
"BAIC","Arcfox-1 / Lite","2017–2020","890","Городской электромобиль-родстер, запас хода 200 км"
"BAIC","Arcfox T1","2025–наст.","1450","Электрический хетчбек, запас хода 425 км"
"BAIC","Arcfox Alpha S5","2024–наст.","1920","Электрический седан-фастбек, базовая версия"
"BAIC","Arcfox Alpha S","2021–наст.","1900","Электрический лифтбек Е-класса, базовая версия"
"BAIC","Arcfox Alpha T","2021–наст.","1935","Электрический кроссовер, базовая версия"
"BAIC","Arcfox S3","2025–наст.","1630","Электрический седан среднего класса, запас хода до 650 км"
"BAIC","Arcfox V9","2026–наст.","2580","Премиальный гибридный минивэн"
"Baojun","E100","2017–2021","840–920","Городской электромобиль (city car). Снаряженная масса по разным источникам от 750 до 920 кг."
"Baojun","E200","2018–2021","830–860","Электромобиль, похожий на E100, масса зависит от версии."
"Baojun","E300 / KiWi EV","2020–наст.","920–1,052","Футуристичный микрокар. Масса ранних версий от 920 кг, версия DJI — 1,052 кг."
"Baojun","Yep (3-дверный)","2023–наст.","1,006","Кроссовер А-класса, запас хода 303 км."
"Baojun","Yep Plus (5-дверный)","2024–наст.","1,325","Удлиненная версия Yep."
"Baojun","Cloud / Yunduo (360)","2023–наст.","1,495","Электромобиль С-класса, батарея 37.9 кВт·ч, запас хода 360 км."
"Baojun","Cloud / Yunduo (460)","2023–наст.","1,615","Электромобиль С-класса, батарея 50.6 кВт·ч, запас хода 460 км."
"Baojun","Yunhai EV (500 км)","2024–наст.","1,645–1,700","Электрический кроссовер, запас хода 500 км."
"Baojun","Yunhai EV (600 км)","2024–наст.","1,675–1,760","Электрический кроссовер, запас хода 600 км."
"Baojun","Yunhai PHEV","2024–наст.","1,700–1,760","Подключаемый гибрид."
"Baojun","Xiangjing EV","2024–наст.","1,905","Электрический бизнес-седан D-класса."
"Baojun","Xiangjing PHEV","2024–наст.","1,840","Гибридный бизнес-седан D-класса."
"Baojun","310","2016–2019","935–1,055","Компактный хэтчбек."
"Baojun","310W","2017–2021","1,110–1,240","Универсал на базе 310."
"Baojun","360","2018–2021","1,321–1,400","Компактный 6-местный минивэн."
"Baojun","510","2017–2019","1,206–1,290","Компактный кроссовер."
"Baojun","530","2018–2019","1,435–1,720","Кроссовер С-класса."
"Baojun","630","2011–2016","1,206","Седан, первая модель бренда."
"Baojun","730","2014–2017","1,340–1,564","Семиместный минивэн."
"Baojun","RC-5","2020–2021","1,250–1,410","Лифтбек С-класса."
"Baojun","RM-5","2019–2021","1,470–1,541","Кроссовер-минивэн."
"Baojun","RS-3","2019–2021","1,218–1,355","Кроссовер, преемник 510."
"Bentley","S1","1955–1959","1700","Стандартная версия (не Continental)"
"Bentley","S1 Continental","1955–1959","1800","Облегчённая версия купе"
"Bentley","S2","1959–1962","1981","Стандартная версия"
"Bentley","S3","1962–1965","1918","Стандартная версия"
"Bentley","T1","1965–1977","2103","Стандартная версия"
"Bentley","T2","1977–1980","2235","Стандартная версия"
"Bentley","Mulsanne (1980–1992)","1980–1992","2320","Базовая модель"
"Bentley","Mulsanne Turbo","1982–1988","2250","Турбированная версия"
"Bentley","Eight","1984–1992","2320","Доступная версия"
"Bentley","Turbo R","1985–1999","2390","Улучшенная управляемость"
"Bentley","Turbo RT","1997–1999","2420","Самая мощная версия Turbo R"
"Bentley","Continental R","1991–2002","2420","Купе"
"Bentley","Continental T","1996–2002","2450","Укороченное купе"
"Bentley","Continental SC","1998–2000","2610","Купе-кабриолет"
"Bentley","Brooklands (1992–1997)","1992–1998","2350","Замена Mulsanne S"
"Bentley","Azure (1995–2009)","1995–2009","2610","Кабриолет"
"Bentley","Arnage","1998–2009","2302","Базовая версия Green Label"
"Bentley","Continental GT (2003–2018)","2003–2018","2320","Первое поколение"
"Bentley","Continental Flying Spur (2005–2013)","2005–2013","2475","Седан на базе Continental GT"
"Bentley","Brooklands (2008–2011)","2008–2011","2655","Современное купе"
"Bentley","Mulsanne (2010–2020)","2010–2020","2585","Флагманский седан"
"Bentley","Bentayga","2015–наст.","2388","Первый внедорожник Bentley"
"Bentley","Continental GT (2018–наст.)","2018–наст.","2165","Третье поколение"
"Bentley","Flying Spur (2019–наст.)","2019–наст.","2330","Представительский седан"
"Bentley","Bacalar","2021–2022","2270","Барчетта (12 экз.)"
"Bentley","Batur","2023–2024","2399","Купе (18 экз.)"
"Bentley","Batur Convertible","2024–2025","2399","Кабриолет (16 экз.)"
"Bestune","B70 (III поколение) 1.5T","2020–наст.","1485","Лифтбек, 1.5T (169 л.с.), 7DCT"
"Bestune","B70 (III поколение) 2.0T Master","2020–наст.","1615","Лифтбек, 2.0T (217 л.с.), 6AT Aisin"
"Bestune","B70 (II поколение)","2014–2020","1480","Базовая версия, масса до 1930 кг в топ-версиях"
"Bestune","B70S 1.5T","2022–2025","1500","Купе-кроссовер, 1.5T (169 л.с.), 7DCT"
"Bestune","B70S 2.0T","2022–2025","1535","Купе-кроссовер, 2.0T (224 л.с.), 6AT"
"Bestune","T90","2024–наст.","1525","Среднеразмерный кроссовер, 1.5T (169 л.с.), 7DCT"
"Bestune","T77","2018–наст.","1468","Компактный кроссовер, минимальная масса (1.2T, 143 л.с.)"
"Bestune","T77 (1.5T)","2018–наст.","1515","Компактный кроссовер, 1.5T (169 л.с.), 7DCT"
"Bestune","T99","2019–наст.","1775","Флагманский кроссовер, 2.0T (224 л.с.), 6/8AT"
"Bestune","T55","2021–наст.","1485","Компактный кроссовер, 1.5T (160 л.с.), 7DCT"
"Bestune","E01","2020–наст.","1810","Электрический кроссовер, 190 л.с., запас хода 450 км"
"Bestune","Pony","2024–наст.","685","Городской электромобиль, минимальная масса, запас хода 122–170 км"
"Bestune","Pony (топ-версия)","2024–наст.","715","Городской электромобиль, максимальная масса"
"Bestune","NAT","2021–наст.","1700","Электрический компактвэн для такси, запас хода до 425 км"
"Bestune","M9","2023–наст.","2200","Полноразмерный минивэн, 2.0T (252 л.с.) + 48V, 8AT"
"BMW","2 Series Gran Coupe 228 xDrive","2025–наст.","1603","Компактный четырехдверный седан с полным приводом"
"BMW","3 Series 330i","2025–наст.","1653","Базовый седан бизнес-класса"
"BMW","3 Series 330i xDrive","2025–наст.","1702","Полноприводная версия 330i"
"BMW","5 Series 530i","2025–наст.","1833","Бизнес-седан с 2.0-литровым двигателем"
"BMW","5 Series 550e xDrive PHEV","2025–наст.","2220","Подключаемый гибрид (PHEV)"
"BMW","7 Series 740i","2025–наст.","2141","Флагманский седан с рядным 6-цилиндровым двигателем"
"BMW","7 Series 750e xDrive PHEV","2025–наст.","2418","Подключаемый гибрид на базе 7 Series"
"BMW","2 Series Coupe 230i xDrive","2025–наст.","1630","Компактное купе с полным приводом"
"BMW","4 Series Coupe 430i","2025–наст.","1623","Классическое купе с задним приводом"
"BMW","4 Series Convertible 430i","2025–наст.","1777","Кабриолет на базе 4 Series"
"BMW","4 Series Gran Coupe 430i","2025–наст.","1768","Четырехдверное купе с задним приводом"
"BMW","4 Series Gran Coupe M440i xDrive","2025–наст.","1935","Полноприводная версия с рядным 6-цилиндровым двигателем"
"BMW","8 Series Gran Coupe M850i xDrive","2025–наст.","2130","Люксовое четырехдверное купе с V8"
"BMW","8 Series Convertible 840i","2025–наст.","1885","Кабриолет на базе 8 Series"
"BMW","Z4 sDrive30i","2025–наст.","1503","Родстер с задним приводом"
"BMW","Z4 M40i","2025–наст.","1607","Более мощная версия родстера"
"BMW","X1 xDrive28i","2025–наст.","1701","Компактный кроссовер с полным приводом"
"BMW","X1 M35i","2025–наст.","1719","«Заряженная» версия X1"
"BMW","X3 30 xDrive","2025–наст.","1894","Кроссовер среднего размера"
"BMW","X3 M50","2025–наст.","2057","Мощная версия X3"
"BMW","X5 xDrive40i","2025–наст.","2267","Большой кроссовер с рядным 6-цилиндровым двигателем"
"BMW","X5 xDrive50e PHEV","2025–наст.","2528","Подключаемый гибрид на базе X5"
"BMW","X5 M Competition","2025–наст.","2494","Топ-версия X5 от M GmbH"
"BMW","X6 M60i xDrive","2025–наст.","2404","Купеобразный кроссовер с V8"
"BMW","X6 M Competition","2025–наст.","2438","Заряженная версия X6 от M GmbH"
"BMW","X7 xDrive40i","2025–наст.","2457","Трехрядный внедорожник"
"BMW","X7 M60i","2025–наст.","2674","Мощная версия X7 с V8"
"BMW","XM","2025–наст.","2764","Самостоятельная модель M GmbH"
"BMW","i4 eDrive35","2025–наст.","2000","Электрический лифтбек"
"BMW","i4 eDrive40","2025–наст.","2116","Электрический лифтбек с увеличенным запасом хода"
"BMW","i4 xDrive40","2025–наст.","2254","Полноприводная версия i4"
"BMW","i5 eDrive40","2025–наст.","2230","Электрический бизнес-седан"
"BMW","i5 M60","2025–наст.","2380","Заряженная версия i5 от M GmbH"
"BMW","i7 eDrive50","2025–наст.","2520","Электрический флагманский седан"
"BMW","i7 xDrive60","2025–наст.","2710","Полноприводная версия i7"
"BMW","i7 M70","2025–наст.","2808","Топ-версия электрического седана от M GmbH"
"BMW","iX xDrive50","2025–наст.","2567","Электрический кроссовер"
"BMW","iX M60","2025–наст.","2639","Заряженная версия iX от M GmbH"
"BMW","M2","2025–наст.","1730","Компактное спортивное купе M"
"BMW","M3 Sedan","2025–наст.","1742","Спортседан с задним приводом"
"BMW","M3 Competition","2025–наст.","1765","Более мощная версия M3"
"BMW","M4 Coupe","2025–наст.","1737","Спортивное купе M"
"BMW","M4 Competition","2025–наст.","1760","Более мощная версия M4"
"BMW","M4 Competition xDrive Convertible","2025–наст.","1953","Полноприводный кабриолет M"
"BMW","M5 Sedan","2025–наст.","2445","Спортседан бизнес-класса"
"BMW","M5 Touring","2025–наст.","2508","Универсал M5"
"BMW","M8 Competition Gran Coupe","2025–наст.","2032","Четырехдверное купе M"
"BMW","M8 Competition Convertible","2025–наст.","2068","Кабриолет M"
"Bollinger","B1 (прототип, 2017)","2017 (прототип)","1769","Первый прототип внедорожника, 360 л.с., запас хода 200 миль (3900 lbs)"
"Bollinger","B1 (серийная версия)","2019–2022 (план)","2177","Серийная версия внедорожника, 614 л.с., разгон 0-60 за 4.5 с (4800 lbs)"
"Bollinger","B2","2019–2022 (план)","2268","Пикап-версия B1, грузоподъемность 5000 lbs (5000 lbs)"
"Bollinger","B2 Chassis Cab","2021–2022 (план)","2268","Шасси-кабина на базе B2, батареи 105 или 140 кВт·ч"
"Bollinger","Chass-E-3","2021–2022 (план)","2268","Платформа-скейтборд класса 3, грузоподъемность до 8000 lbs"
"Bollinger","Chass-E-4","2021–2022 (план)","2495","Платформа-скейтборд класса 4, грузоподъемность до 9000 lbs"
"Bollinger","Chass-E-5","2021–2022 (план)","2722","Платформа-скейтборд класса 5, грузоподъемность до 11 500 lbs"
"Bollinger","B4","2023–наст.","3663","Коммерческий электрический грузовик класса 4, GVWR 15 500 lbs, грузоподъемность 7325-7425 lbs"
"Bollinger","Deliver-E","2021–2023 (концепт)","","Концепт электрического фургона для доставки, точная масса не разглашается"
"Brabus","Rocket 900","2015–2020","2130","Суперседан на базе AMG S 65, V12, 900 л.с."
"Brabus","Rocket 900 Coupe","2016–2020","2185","Двухдверное купе на базе AMG S 65"
"Brabus","Rocket 900 Cabriolet","2017–2020","2200","Открытая версия на базе AMG S 65"
"Brabus","900 Rocket Edition (AMG G 63)","2021–наст.","2640","Внедорожник на базе G 63, V8, 900 л.с."
"Brabus","G V12 900","2019–наст.","2660","Внедорожник с V12, тираж 10 экз."
"Brabus","900 Crawler","2022–наст.","2065","Облегченный внедорожник для пустыни"
"Brabus","Rocket R","2024","1640","Суперкар на базе Porsche 911 Turbo S, тираж 25 экз."
"Brabus","800 XLP Superblack","2022","3000","Пикап-внедорожник на базе AMG G 63"
"Brabus","800 4x4² Stealth Green","2023","2900","Внедорожник с V8, 800 л.с."
"Brabus","800 Roadster","2013","1952","Кабриолет с V12, 800 л.с."
"Brabus","800 GLS 63","2021","2600","Семейный кроссовер премиум-класса"
"Brabus","850 (Maybach S 680)","2022","2800","Представительский седан с V12, 850 л.с."
"Brabus","700 (S 63 AMG)","2017","2200","Бизнес-седан с V8, 700 л.с."
"Brabus","EQS 53","2022–наст.","2700","Электрический лифтбек, 761 л.с."
"Brabus","Smart #3","2024","1780","Компактный электрический кроссовер"
"Brabus","Invicto Luxury (AMG G 63)","2020–наст.","3500","Бронированный G-Class, защита VR6"
"Brabus","Invicto (Maybach S 650)","2017–2023","2845","Бронированный представительский седан"
"Brilliance","BS6 / M1","2000–2010","1420","Среднеразмерный седан, дизайн Italdesign Giugiaro, двигатели 1.8T, 2.0L, 2.4L"
"Brilliance","H530","2011–2020","1365","Седан D-сегмента, 1.6L (118 л.с.) и 1.5T (136 л.с.), рестайлинг в 2014 г., снаряжённая масса от 1365 до 1415 кг"
"Brilliance","BS4 / M2 (JunJie)","2006–2014","1415","Компактный седан, дизайн Pininfarina, двигатели 1.6L, 1.8L, 1.8T, 2.0L, масса от 1415 до 1480 кг"
"Brilliance","H330","2013–2020","1225","Компактный седан, рестайлинг Junjie FSV, 1.5L (105 л.с.), масса от 1225 до 1270 кг"
"Brilliance","H230","2012–2017","1207","Субкомпактный седан B-класса, 1.5L (105 л.с.), масса от 1207 до 1340 кг"
"Brilliance","H320","2012–2018","1240","Компактный хэтчбек на базе H330, 1.5L (105 л.с.), масса от 1240 до 1270 кг"
"Brilliance","H220","2012–2017","1200","Субкомпактный хэтчбек на базе H230, 1.5L (105 л.с.)"
"Brilliance","Tun","2014–2015","1000","Городской хэтчбек A-класса, 1.3L, также известен как Brilliance Dolphin"
"Brilliance","V7","2018–2023","1590","Среднеразмерный кроссовер, 5 и 7 мест, 1.6T (204 л.с.), масса от 1590 до 1710 кг"
"Brilliance","V6","2017–2022","1480","Среднеразмерный 5-местный кроссовер, 1.5T (150 л.с.), масса от 1480 до 1600 кг"
"Brilliance","V5","2011–2020","1340","Компактный кроссовер на платформе H350, 1.6L и 1.5T, масса от 1340 до 1600 кг"
"Brilliance","V3","2015–2020","1325","Субкомпактный кроссовер, 1.5L (112 л.с.) и 1.5T (150 л.с.), масса от 1325 до 1375 кг"
"Brilliance","Jinbei Granse","2001–2018","1450","Минивэн бизнес-класса на базе Toyota Granvia, двигатели 2.0L, 2.4L, 2.7L"
"Bugatti","Type 35","1924–1930","650-750","Легендарный гоночный автомобиль"
"Bugatti","Type 41 Royale","1927–1933","3175","Огромный люксовый автомобиль"
"Bugatti","Type 57 / 57S / 57SC","1934–1940","950-1270","Дорожные и спортивные модели Жана Бугатти"
"Bugatti","EB110","1991–1995","1615","Первый гиперкар возрожденной марки"
"Bugatti","Veyron 16.4","2005–2015","1888","Рекордный гиперкар с 8.0 л W16 (1,001 л.с.)"
"Bugatti","Chiron","2016–2024","1995","Преемник Veyron с двигателем 1,500 л.с."
"Bugatti","Divo","2019–2021","1961","Трек-ориентированная версия Chiron"
"Bugatti","La Voiture Noire","2019","1980","Уникальный автомобиль в честь Type 57 Atlantic"
"Bugatti","Centodieci","2022","1976","Лимитированная серия (10 ед.) в честь EB110"
"Bugatti","Bolide","2024 (концепт)","1240","Трековый гиперкар, самый легкий Bugatti современности"
"Bugatti","Mistral","2024–2025","1977","Прощальный W16, самый быстрый родстер в мире"
"Bugatti","Tourbillon","2026–наст.","1995","Новый гиперкар с гибридным V16"
"Buick","Encore GX (1.2T FWD)","2020–наст.","1371","Компактный кроссовер, 1.2T (137 л.с.), вариатор (3023 lbs)"
"Buick","Encore GX (1.3T FWD)","2020–наст.","1389","Компактный кроссовер, 1.3T (155 л.с.), вариатор, комплектация Avenir (3063 lbs)"
"Buick","Encore GX (AWD)","2020–наст.","1476","Полноприводная версия, 1.3T, 9-ступенчатый автомат (3255 lbs)"
"Buick","Envista (1.2T FWD, Preferred)","2024–наст.","1374","Купеобразный кроссовер, базовая версия (3030 lbs)"
"Buick","Envista (1.2T FWD, Sport Touring)","2024–наст.","1423","Купеобразный кроссовер, топ-версия (3137 lbs)"
"Buick","Envision (AWD, Preferred)","2021–наст.","1787","Среднеразмерный кроссовер, 2.0T (228 л.с.), базовая версия (3940 lbs)"
"Buick","Envision (AWD, Sport Touring)","2021–наст.","1798","Среднеразмерный кроссовер, топ-версия (3964 lbs)"
"Buick","Envision (AWD, Avenir)","2021–наст.","1853","Среднеразмерный кроссовер, премиум-версия (4085 lbs)"
"Buick","Enclave (FWD)","2018–наст.","2058","Трехрядный кроссовер, 2.5T (328 л.с.) (4537 lbs)"
"Buick","Enclave (AWD)","2018–наст.","2147","Трехрядный кроссовер, полный привод (4733 lbs)"
"Buick","Electra E5 (RWD, 65 кВт·ч)","2023–наст.","2125","Электрический кроссовер на платформе Ultium, базовая версия"
"Buick","Electra E5 (AWD, 76.8 кВт·ч)","2023–наст.","2320","Электрический кроссовер, полноприводная версия"
"Buick","Electra E4 (RWD)","2023–наст.","2150","Купеобразный электрический кроссовер, 245 л.с."
"Buick","Electra E4 (AWD)","2023–наст.","2240","Купеобразный электрический кроссовер, полный привод, 287 л.с."
"Buick","Electra E7 (EREV)","2024–наст.","1950","Гибридный кроссовер, 1.5T (156 л.с.) + электромотор, запас хода 1600 км"
"Buick","Electra E7 (турбо)","2024–наст.","1995","Гибридный кроссовер, форсированная версия"
"Buick","GL8 (2.0T, бензин)","2010–наст.","1980","Минивэн бизнес-класса, 2.0T, 9-ступенчатый автомат"
"Buick","GL8 (PHEV, 2025)","2024–наст.","2250","Подключаемый гибрид, 7 мест"
"Buick","GL8 (PHEV, 2026)","2025–наст.","2400","Подключаемый гибрид, обновленная версия"
"Buick","GL8 Encasa","2025–наст.","2510","Новый 7-местный минивэн премиум-класса (5533 lbs)"
"Buick","Velite 6 (EV)","2019–наст.","1540","Компактный электрический универсал, базовая версия (3395 lbs)"
"Buick","Velite 6 (EV, топ-версия)","2019–наст.","1675","Компактный электрический универсал, топ-версия (3693 lbs)"
"Buick","Velite 7 (EV)","2020–наст.","1660","Субкомпактный электрический кроссовер (3660 lbs)"
"Buick","Encore (оригинальный, 2013)","2013–2014","1447","Компактный кроссовер, ранняя версия (3190 lbs)"
"Buick","Encore (оригинальный, 2020)","2020–2022","1468","Компактный кроссовер, поздняя версия (3237 lbs)"
"Buick","Cascada","2016–2019","1805","Четырехместный кабриолет на базе Opel Cascada (3979 lbs)"
"Buick","Regal Sportback","2018–2020","1700","Лифтбек, 2.0T (250 л.с.) (3748 lbs)"
"Buick","Regal (AWD, 2014)","2014–2017","1806","Полноприводный седан с турбомотором (3982 lbs)"
"Buick","Regal (FWD, 2013)","2013–2017","1665","Переднеприводный седан, 2.4 л (3671 lbs)"
"Buick","Regal (2002)","2002–2004","1559","Седан начала 2000-х на платформе W-body (3438 lbs)"
"Buick","Regal (1996)","1996","1522","Седан середины 1990-х (3355 lbs)"
"Buick","LaCrosse (2016)","2016–2019","1809","Полноразмерный седан, 3.6 л V6 (3988 lbs)"
"Buick","LaCrosse (2013)","2013–2016","1712","Седан второго поколения, 2.4 л (3774 lbs)"
"Buick","LaCrosse (2010, CX)","2010–2016","1791","Базовая версия второго поколения (3948 lbs)"
"Buick","LaCrosse (2010, CXL AWD)","2010–2016","1905","Полноприводная версия второго поколения (4199 lbs)"
"Buick","LaCrosse (2005)","2005–2009","1618","Первое поколение LaCrosse (3568 lbs)"
"Buick","Lucerne (V6, CX)","2006–2011","1694","Полноразмерный седан, базовая версия (3735 lbs)"
"Buick","Lucerne (V6, CXL)","2006–2011","1727","Полноразмерный седан, топ-версия (3806 lbs)"
"Buick","Lucerne Super (V8)","2008–2011","1826","Седан с 4.6 л Northstar V8 (4025 lbs)"
"Buick","Century (2005)","2005","1516","Седан, финальный год выпуска (3342 lbs)"
"Buick","Century (2003)","2003","1528","Седан начала 2000-х (3368 lbs)"
"Buick","Century (1989)","1989","1775","Седан конца 1980-х (3913 lbs)"
"Buick","LeSabre (2004, Limited)","2004–2005","1629","Полноразмерный седан, топ-версия Limited (3591 lbs)"
"Buick","LeSabre (2004, базовая)","2004–2005","1618","Полноразмерный седан, базовая версия (3567 lbs)"
"Buick","LeSabre (1997)","1997","1570","Седан конца 1990-х с 3.8 л V6 (3462 lbs)"
"Buick","Park Avenue (2004)","2004–2005","1714","Флагманский седан с 3.8 л V6 (3778 lbs)"
"Buick","Park Avenue Ultra (2000)","2000–2005","1771","Версия с наддувом V6 (3905 lbs)"
"Buick","Riviera (1997)","1997","1705","Купе с 3.8 л V6 с наддувом (3759 lbs)"
"Buick","Riviera (1986)","1986","1509","Купе середины 1980-х (3327 lbs)"
"Buick","Roadmaster Sedan (1994)","1994–1996","1941","Заднеприводный седан с 5.7 л V8 LT1 (4279 lbs)"
"Buick","Roadmaster Estate Wagon (1996)","1996","2132","Универсал с деревом на кузове (4700 lbs)"
"Buick","Skylark (базовая версия, 1994)","1994","1266","Компактный седан, базовая версия (2791 lbs)"
"Buick","Skylark Gran Sport (1994)","1994","1378","Компактный седан, спортивная версия (3038 lbs)"
"Buick","Rendezvous (FWD)","2002–2007","1858","Первый кроссовер Buick, передний привод (4096 lbs)"
"Buick","Rendezvous (AWD)","2002–2007","1946","Первый кроссовер Buick, полный привод (4290 lbs)"
"Buick","Rainier (RWD)","2004–2007","2015","Рамный внедорожник с 4.2 л I6 (4442 lbs)"
"Buick","Rainier (AWD)","2004–2007","2099","Рамный внедорожник, полный привод (4628 lbs)"
"Buick","Terraza (базовая версия)","2005–2007","2008","Минивэн, базовая версия (4426 lbs)"
"Buick","Terraza CX","2005–2007","2028","Минивэн, топ-версия CX (4470 lbs)"
"BYD","Seagull (305 км)","2023–наст.","1160","Городской хэтчбек"
"BYD","Seagull (405 км)","2023–наст.","1240","Городской хэтчбек"
"BYD","Dolphin","2021–наст.","1285","Электрический хэтчбек B-класса"
"BYD","Seal (RWD)","2022–наст.","1922","Электрический седан D-класса"
"BYD","Seal (AWD)","2022–наст.","2185","Электрический седан D-класса (полный привод)"
"BYD","Seal 05 DM-i","2025–наст.","1620","Гибридный седан C-класса"
"BYD","Seal 06 DM-i","2024–наст.","1670","Гибридный седан"
"BYD","Sealion 05 DM-i","2024–наст.","1675","Гибридный кроссовер C-класса"
"BYD","Sealion 06 EV (75.6 кВт·ч)","2024–наст.","2040","Среднеразмерный электрический кроссовер"
"BYD","Destroyer 05","2022–наст.","1620","Гибридный седан C-класса"
"BYD","Xia","2024–наст.","2470","Электрический минивэн"
"BYD","e7","2025–наст.","1499","Электрический седан для такси"
"BYD","M6 (420 км)","2024–наст.","1780","Компактный электрический минивэн"
"BYD","M6 (530 км)","2024–наст.","1895","Компактный электрический минивэн"
"BYD","Qin L DM-i","2024–наст.","1660","Гибридный седан"
"BYD","Qin L EV (470 км)","2025–наст.","1670","Электрический седан"
"BYD","Qin L EV (545 км)","2025–наст.","1800","Электрический седан"
"BYD","Han EV (506 км)","2020–наст.","2295","Флагманский электрический седан"
"BYD","Han L BEV","2025–наст.","2283","Удлиненный флагманский седан"
"Byton","M-Byte (Concept)","2018 (концепт)","2300-2680","Электрический кроссовер с 48-дюймовым дисплеем. Снаряжённая масса по разным источникам: от 2300 до 2680 кг."
"Byton","K-Byte (Concept)","2018 (концепт)","Н/Д","Электрический седан с автопилотом 4-го уровня. Данные о снаряжённой массе отсутствуют."
"Byton","Concept SUV (ранний прототип)","2018 (прототип)","2090","Ранний прототип будущего M-Byte, масса 2090 кг."
"Cadillac","Optiq (2025, США)","2025–наст.","2355","Компактный электрический кроссовер, AWD, 300 л.с. (5,192 lbs)"
"Cadillac","Optiq (2023, Китай)","2023–наст.","2220","Компактный электрический кроссовер, версия для китайского рынка, FWD (4,890–5,180 lbs)"
"Cadillac","Lyriq (RWD)","2023–наст.","2521","Заднеприводный электрический кроссовер, 340 л.с. (5,557–5,688 lbs)"
"Cadillac","Lyriq (AWD)","2023–наст.","2648","Полноприводный электрический кроссовер, 515 л.с. (5,838–6,094 lbs)"
"Cadillac","Vistiq","2026–наст.","2869","Трехрядный электрический кроссовер, 615 л.с. (6,326 lbs)"
"Cadillac","Vistiq (Китай)","2025–наст.","2740","Трехрядный электрический кроссовер, версия для китайского рынка (6,041–6,305 lbs)"
"Cadillac","Escalade IQ","2025–наст.","4103","Полностью электрический Escalade, ~9,046 lbs"
"Cadillac","Celestiq","2025–наст.","3102","Эксклюзивный электрический седан ручной сборки, 6,839 lbs"
"Cadillac","XT4 (FWD)","2019–2025","1660","Компактный кроссовер с ДВС, передний привод (3,660 lbs)"
"Cadillac","XT5","2017–наст.","1830","Среднеразмерный кроссовер с ДВС, 2.0T (4,034 lbs)"
"Cadillac","XT6","2020–наст.","1980","Трехрядный кроссовер с ДВС, 2.0T (4,365 lbs)"
"Cadillac","CT4","2020–наст.","1552","Компактный спортивный седан, базовая версия (3,422–3,836 lbs)"
"Cadillac","CT5","2020–наст.","1660","Седан бизнес-класса, базовая версия (3,659–4,145 lbs)"
"Cadillac","Escalade (стандартная)","2021–наст.","2634","Полноразмерный внедорожник с ДВС, 6.2L V8 (5,807–6,014 lbs)"
"Cadillac","Escalade ESV","2021–наст.","2714","Удлиненный полноразмерный внедорожник с ДВС (5,984–6,519 lbs)"
"Cadillac","ATS","2013–2019","1570","Компактный спортивный седан, предшественник CT4 (3,461 lbs)"
"Cadillac","CTS-V","2011–2019","1880","Заряженный седан среднего размера (4,145–4,208 lbs)"
"Cadillac","ELR","2014–2016","1837","Гибридное купе на платформе Chevrolet Volt (4,050 lbs)"
"Cadillac","STS","2005–2011","1782","Полноразмерный седан бизнес-класса (3,929–4,012 lbs)"
"Canoo","Lifestyle Vehicle (LV)","2020–наст.","2268","Пассажирский минивэн, 300 л.с., батарея 80 кВт·ч, запас хода до 400 км (4,500–5,000 lbs)"
"Canoo","Multi-Purpose Delivery Vehicle (MPDV)","2021–наст.","2495","Коммерческий фургон для доставки, батарея 60/80 кВт·ч, грузоподъемность до 800 кг (5,500 lbs)"
"Canoo","Pickup Truck","2021–наст. (концепт)","2359","Электрический пикап с 2-местной кабиной, разгон 0-100 км/ч за 4.5 с (5,200 lbs)"
"Canoo","Lifestyle Delivery Vehicle 190 (LDV 190)","2022–наст.","2500","Модификация для доставки на базе LV, точная масса не раскрыта"
"Canoo","Sedan Delivery (концепт)","2022 (концепт)","","Спортивный электрический седан-концепт, данных о массе нет"
"Chamonix","Spyder 550","1987–наст.","640","Реплика Porsche 550, трубчатое шасси, стеклопластиковый кузов, масса варьируется от 640 до 680 кг"
"Chamonix","Spyder 550S","1995–наст.","680","Улучшенная версия Spyder 550, 1.8L (115 л.с.), разгон 0-100 км/ч: 6.5 с, макс. скорость: 230 км/ч"
"Chamonix","Super 90 Cabriolet","1991–наст.","795","Реплика Porsche 356 C Cabriolet (1964 г.), 1.9L (115 л.с.)"
"Chamonix","Speedster 356","1993–наст.","680","Реплика Porsche 356 Speedster, масса от 680 до 710 кг в зависимости от двигателя"
"Chamonix","356 C Coupe","~1991–наст.","680","Закрытая версия на базе Super 90, 1.6L (62 л.с.) или 1.9L (115 л.с.)"
"Chamonix","Lobini","1999–наст.","680","Оригинальный бразильский спорткар, в разработке которого участвовала Chamonix"
"Changan","Uni-T","2020–наст.","1540","Компактный кроссовер, 1.5T (167 л.с.), 7DCT. Сертифицирован для РФ, сборка на Автоторе."
"Changan","CS35 Plus","2018–наст.","1465","Субкомпактный кроссовер, 1.4T (150 л.с.), 7DCT. Версия 2024 г."
"Changan","CS75 (I поколение)","2014–2022","1560","Среднеразмерный кроссовер, 1.5T (188 л.с.), 7DCT."
"Changan","CS75 Plus (III поколение, 1.5T)","2024–наст.","1665","Среднеразмерный кроссовер. Базовая версия. Масса также указана как 1625 кг для версии 1.5T."
"Changan","CS75 Plus (III поколение, 2.0T)","2024–наст.","1655","Среднеразмерный кроссовер, монопривод. Версия 2025 г."
"Changan","CS75 Plus (III поколение, PHEV)","2024–наст.","1880","Гибридная версия кроссовера. Масса зависит от конфигурации."
"Changan","UNI-K (FWD)","2021–наст.","1920","Флагманский кроссовер, 2.0T (226 л.с.), передний привод, 8AT. Версия 2WD Comfort."
"Changan","UNI-K (AWD)","2021–наст.","2005","Флагманский кроссовер, 2.0T (232 л.с.), полный привод 4WD, 8AT. Версия Tech."
"Changan","UNI-K iDD (PHEV)","2021–наст.","2075","Гибридная версия кроссовера."
"Changan","Nevo (Qiyuan) Q07","2025–наст.","1935","Среднеразмерный PHEV кроссовер, 1.5T, запас хода на электротяге 215 км."
"Changan","Eado (IV поколение)","2024–наст.","1325","Компактный седан, 1.5T (170 л.с.), 7DCT."
"Changan","Eado Plus","2019–2023","1415","Компактный седан, 1.5L (128 л.с.)."
"Changan","Eado DT","2018–наст.","1220","Субкомпактный седан, 1.6L (125 л.с.)."
"Changan","Raeton (Rui Cheng CC)","2018–наст.","1510","Среднеразмерный бизнес-седан, 1.5T (156 л.с.), 6AT."
"Changan","Lumin","2022–наст.","840","Городской электромобиль (сити-кар). Запас хода 210 км."
"Changan","Deepal G318","2024–наст.","2060","Гибридный внедорожник. Базовая версия. Масса до 2360 кг в топ-версиях, спецверсия тяжелее 2.9 тонны."
"Changan","Eado EV (EV460)","2018–наст.","1650","Электрический седан на базе Eado. Запас хода 460 км (NEDC)."
"Chery","Tiggo 9 (2.0T)","2023–наст.","1719","Флагманский кроссовер, 2.0T (257 л.с.), масса варьируется от 1719 до 1832 кг"
"Chery","Tiggo 9 C-DM","2024–наст.","2012","Подключаемый гибрид, 1.5T + электромотор, масса 2012-2047 кг"
"Chery","Tiggo 8 Pro (Caoa Chery, 1.6T)","2022–наст.","1589","Версия для Бразилии, 1.6T"
"Chery","Tiggo 8 Pro (2.0T)","2022–наст.","1650","Версия для Китая, 2.0T"
"Chery","Tiggo 8 Pro (1.6T, Пакистан)","2022–наст.","1565","Версия для Пакистана"
"Chery","Tiggo 8 Pro Plug-in Hybrid","2022–наст.","1882","Гибридная версия от Caoa Chery, 7 мест"
"Chery","Tiggo 8 Pro EV","2023–наст.","1769","Электрическая версия, два электромотора"
"Chery","Tiggo 8 Plus (2.0T)","2022–наст.","1708","Улучшенная версия Tiggo 8, 2.0T"
"Chery","Tiggo 8 Plus (1.6T)","2022–наст.","1541","Базовая версия Tiggo 8 Plus, 1.6T, масса от 1541 до 1587 кг"
"Chery","Tiggo 8 Plus Kunpeng e+ (PHEV)","2022–наст.","1740","Подключаемый гибрид"
"Chery","Tiggo 8","2018–наст.","1521","Среднеразмерный кроссовер, 1.5T/1.6T, масса 1521-1590 кг"
"Chery","Tiggo 8 (Египет)","2018–наст.","1541","Версия для египетского рынка"
"Chery","Tiggo 8 C-DM","2023–наст.","1907","Гибридная версия Tiggo 8"
"Chery","Tiggo 7 Pro","2020–наст.","1465","Среднеразмерный кроссовер, масса 1465-1696 кг в зависимости от рынка"
"Chery","Tiggo 7 Pro Hybrid","2021–наст.","1465","Гибридная версия Tiggo 7 Pro"
"Chery","Tiggo 7 Pro (Малайзия)","2021–наст.","1512","Версия для малазийского рынка"
"Chery","Tiggo 7 Pro (Пакистан)","2021–наст.","1565","Версия для пакистанского рынка"
"Chery","Tiggo 7 Pro (Австралия)","2023–наст.","1497","Версия для австралийского рынка, передний привод"
"Chery","Tiggo 7 (1.5T)","2016–наст.","1421","Базовая версия Tiggo 7, масса 1421-1484 кг"
"Chery","Tiggo 7 (Caoa Chery, 1.6T)","2018–наст.","1488","Версия для Бразилии, 1.6T"
"Chery","Tiggo 7 Plus PHEV","2022–наст.","1695","Подключаемый гибрид"
"Chery","Tiggo 7 Urban (Австралия)","2024–наст.","1788","Специальная версия для Австралии"
"Chery","Tiggo 5x","2017–наст.","1420","Субкомпактный кроссовер, масса 1420-1454 кг"
"Chery","Tiggo 5 (2.0 MT)","2013–2020","1495","Среднеразмерный кроссовер, 2.0L, МКПП"
"Chery","Tiggo 5 (2.0 CVT)","2013–2020","1537","Среднеразмерный кроссовер, 2.0L, вариатор"
"Chery","Tiggo 4 Pro","2020–наст.","1272","Компактный кроссовер, масса 1272-1346 кг"
"Chery","Tiggo 3x","2016–наст.","1238","Субкомпактный кроссовер, масса 1238-1275 кг"
"Chery","Tiggo 3 (1.6 CVT)","2014–2022","1358","Компактный кроссовер, масса 1358-1405 кг"
"Chery","Tiggo 3xe (электро)","2018–2020","1515","Электрическая версия Tiggo 3"
"Chery","Tiggo 2 (1.5 MT)","2016–2020","1216","Мини-кроссовер, масса 1216-1290 кг"
"Chery","Tiggo 2 Pro","2020–наст.","1238","Обновленная версия Tiggo 2, масса 1238-1268 кг"
"Chery","Tiggo (оригинальный)","2005–2015","1375","Первый кроссовер Chery, 2.0L"
"Chery","Arrizo 8 (2.0T)","2022–наст.","1523","Флагманский седан D-класса, 2.0T, масса 1523-1540 кг"
"Chery","Arrizo 8 (1.6T)","2022–наст.","1428","Седан D-класса, 1.6T, масса 1428-1471 кг"
"Chery","Arrizo 8 C-DM","2023–наст.","1696","Подключаемый гибрид"
"Chery","Arrizo 7 (1.6 CVT)","2013–2020","1390","Среднеразмерный седан, масса 1390-1470 кг"
"Chery","Arrizo 7e (PHEV)","2016–2020","1590","Подключаемый гибрид"
"Chery","Arrizo 6 Pro Hybrid","2022–наст.","1378","Гибридная версия от Caoa Chery"
"Chery","Arrizo 6 (1.5T)","2022–наст.","1340","Компактный седан, масса 1340-1364 кг"
"Chery","Arrizo 5 Plus","2021–наст.","1275","Обновленная версия Arrizo 5, масса 1275-1365 кг"
"Chery","Arrizo 5 (1.5 MT)","2016–наст.","1221","Компактный седан, масса 1221-1249 кг"
"Chery","Arrizo 3","2014–2020","1206","Субкомпактный седан, масса 1206-1225 кг"
"Chery","Arrizo M7","2015–2018","1505","Компактвэн на базе Chery V5"
"Chery","Fulwin 2","2009–2018","1200","Субкомпактный хэтчбек, масса 1200-1275 кг"
"Chery","Fulwin T9","2023–наст.","1953","Гибридный кроссовер, масса 1953-2062 кг"
"Chery","Eastar (оригинальный)","2003–2012","1440","Первый автомобиль Chery, масса 1440-1470 кг"
"Chery","Eastar II (E8)","2012–2018","1520","Второе поколение Eastar"
"Chery","E5","2011–2016","1285","Компактный седан, масса 1285-1336 кг"
"Chery","E3","2013–2021","1208","Субкомпактный седан, масса 1208-1230 кг"
"Chery","eQ7 (Shuxiangjia)","2023–наст.","1769","Электрический кроссовер, масса 1769-1850 кг"
"Chery","eQ5 (Big Ant)","2020–2023","1760","Электрический кроссовер, масса 1760-1910 кг"
"Chery","eQ1 (Little Ant)","2017–наст.","855","Городской электромобиль, масса 855-975 кг"
"Chery","QQ Ice Cream","2021–наст.","699","Бюджетный городской электромобиль, масса 699-778 кг"
"Chery","eQ (электрический QQ)","2014–2021","1115","Электрическая версия QQ"
"Chery","QQ (бензиновый)","2003–2015","880","Городской хэтчбек, масса 880-910 кг"
"Chery","A5","2006–2011","1290","Компактный седан, предшественник E5"
"Chevrolet","Equinox EV","2024–наст.","2300","Компактный электрический кроссовер на платформе Ultium, запас хода до 513 км"
"Chevrolet","Blazer EV (RWD RS)","2024–наст.","2447","Заднеприводная версия электрического кроссовера"
"Chevrolet","Blazer EV (AWD LT)","2024–наст.","2342","Полноприводная версия"
"Chevrolet","Silverado EV","2023–наст.","3900","Полноразмерный электрический пикап, запас хода до 724 км"
"Chevrolet","Bolt EV","2017–2023","1625","Компактный электрический хетчбек. Снят с производства, ожидается возвращение"
"Chevrolet","Bolt EUV","2022–2023","1669","Удлиненная версия Bolt EV"
"Chevrolet","Trax","2013–наст.","1353","Субкомпактный кроссовер"
"Chevrolet","Trailblazer","2020–наст.","1374","Компактный кроссовер"
"Chevrolet","Equinox (LT FWD)","2018–наст.","1555","Компактный кроссовер"
"Chevrolet","Equinox (ACTIV AWD)","2018–наст.","1636","Полноприводная версия"
"Chevrolet","Blazer","2018–наст.","1928","Среднеразмерный кроссовер"
"Chevrolet","Traverse","2009–наст.","2195","Трехрядный кроссовер"
"Chevrolet","Tahoe (3.0 Diesel)","2021–наст.","2499","Полноразмерный рамный внедорожник"
"Chevrolet","Tahoe (6.2 V8)","2021–наст.","2746","Топ-версия"
"Chevrolet","Suburban","1935–наст.","2585","Удлиненная версия Tahoe"
"Chevrolet","Colorado (WT)","2015–наст.","1955","Среднеразмерный пикап"
"Chevrolet","Colorado (ZR2 AWD)","2015–наст.","2180","Внедорожная версия"
"Chevrolet","Silverado 1500 (Custom)","2019–наст.","2114","Полноразмерный пикап"
"Chevrolet","Silverado 1500 (RST Crew Cab 4WD)","2019–наст.","2245","Популярная версия"
"Chevrolet","Silverado HD (2500/3500)","2020–наст.","2950","Тяжелые пикапы для буксировки, средняя масса 2700-3200 кг"
"Chevrolet","Corvette Stingray (Coupe)","2020–наст.","1527","Среднемоторный спорткар"
"Chevrolet","Corvette Stingray (Convertible)","2020–наст.","1573","Кабриолет"
"Chevrolet","Corvette Z06","2023–наст.","1660","Трековая версия, 5.5L V8 (670 л.с.)"
"Chevrolet","Corvette E-Ray","2024–наст.","1750","Гибридная версия с полным приводом (655 л.с.)"
"Chevrolet","Camaro (2.0 I4)","2016–2024","1515","Базовое купе шестого поколения"
"Chevrolet","Camaro SS (V8)","2016–2024","1671","Версия с 6.2L V8 (455 л.с.)"
"Chevrolet","Camaro ZL1","2017–2024","1770","Топ-версия с наддувом (650 л.с.)"
"Chevrolet","Malibu (1LT)","2016–2025","1433","Седан среднего размера. Снят с производства в 2025 г."
"Chevrolet","Spark (2019)","2009–2022","1049","Городской хетчбек. Снят с производства"
"Chrysler","300 (V6 RWD)","2011–2023","1805","Полноразмерный седан, 3.6L V6 (292-300 л.с.), задний привод. Масса: 3980-4013 lbs."
"Chrysler","300 (V6 AWD)","2011–2023","1928","Полноприводная версия. Масса: 4250 lbs."
"Chrysler","300C (V8)","2011–2023","1978","Заряженная версия, 5.7L HEMI V8 (363 л.с.). Масса: 4360 lbs."
"Chrysler","Pacifica (FWD, 2020)","2017–наст.","1964","Минивэн, 3.6L V6 (287 л.с.). Масса: 4330 lbs."
"Chrysler","Pacifica (FWD, 2022)","2017–наст.","2051","Минивэн, 3.6L V6 (287 л.с.). Масса: 4521 lbs."
"Chrysler","Pacifica Hybrid (PHEV)","2017–наст.","2272","Подключаемый гибрид, 3.6L V6 + электромотор. Масса: 5010 lbs."
"Chrysler","Voyager (FWD)","2020–наст.","1964","Бюджетный минивэн, 3.6L V6 (287 л.с.). Масса: 4330 lbs."
"Chrysler","Grand Caravan (Канада)","2020–наст.","1964","Аналог Voyager для канадского рынка."
"Chrysler","200 (FWD, 2013)","2010–2017","1543","Среднеразмерный седан, 2.4L I4 (173 л.с.). Масса: 3402 lbs."
"Chrysler","200 (FWD, 2015)","2015–2017","1575","Среднеразмерный седан, 2.4L I4 (184 л.с.). Масса: 3473 lbs."
"Chrysler","200 Convertible","2011–2014","1768","Кабриолет, 2.4L I4 (173 л.с.). Масса: 3898 lbs."
"Chrysler","Sebring (седан, 2007)","2007–2010","1452","Среднеразмерный седан, 2.4L I4 (173 л.с.). Масса: 3201 lbs."
"Chrysler","Sebring Convertible","2008","1796","Кабриолет, 2.4L I4 (173 л.с.). Масса: 3959 lbs."
"Chrysler","PT Cruiser (хэтчбек, 2003)","2001–2010","1383","Ретро-компакт, 2.4L I4 (150 л.с.). Масса: 3049 lbs."
"Chrysler","PT Cruiser Convertible","2005–2008","1498","Кабриолет, 2.4L I4 (150 л.с.). Масса: 3303 lbs."
"Chrysler","Crossfire Coupe","2004–2008","1388","Спорткупе, 3.2L V6 (215 л.с.). Масса: 3061 lbs."
"Chrysler","Crossfire Roadster","2005–2008","1424","Кабриолет, 3.2L V6 (215 л.с.). Масса: 3140 lbs."
"Chrysler","Aspen (RWD)","2007–2009","2207","Полноразмерный внедорожник, 4.7L V8 (303 л.с.). Масса: 4866 lbs."
"Chrysler","Town & Country (2013)","2008–2016","2110","Минивэн, 3.6L V6 (283 л.с.). Масса: 4652 lbs."
"Chrysler","Cirrus","1995–2000","1320","Среднеразмерный седан, 2.5L V6 (168 л.с.). Масса: 2911 lbs."
"Chrysler","Concorde (1998)","1993–2004","1563","Полноразмерный седан, 2.7L V6 (200 л.с.). Масса: 3446 lbs."
"Chrysler","LHS (1999)","1994–2001","1617","Представительский седан, 3.5L V6 (253 л.с.). Масса: 3564 lbs."
"Chrysler","New Yorker (1996)","1940–1996","1627","Представительский седан, 3.3L V6 (161 л.с.). Масса: 3587 lbs."
"Chrysler","Imperial (1992)","1926–1993","1596","Флагманский седан, 3.3L V6 (147 л.с.). Масса: 3519 lbs."
"Chrysler","LeBaron (1988)","1977–1995","1176","Среднеразмерный седан, 2.5L I4 (100 л.с.). Масса: 2593 lbs."
"Chrysler","Fifth Avenue (1987)","1983–1993","1606","Люксовый седан, 5.2L V8 (140 л.с.). Масса: 3540 lbs."
"Chrysler","Halcyon (концепт)","2024","1377","Электрический концепт-кар на 800-вольтовой платформе."
"Chrysler","Airflow (электрический концепт)","2022","","Электрический кроссовер-концепт. Данные о массе не раскрыты."
"Citroën","C3 (IV поколение, 1.2 PureTech)","2024–наст.","1151","Бюджетный кроссовер-хэтчбек, 1.2 PureTech (101 л.с.), масса 1151-1198 кг"
"Citroën","C3 Aircross (II поколение, 1.2 PureTech, 7 мест)","2024–наст.","1267","7-местный компактный кроссовер, 1.2 PureTech (110 л.с.), масса 1267-1275 кг"
"Citroën","ë-C3 (электрический)","2024–наст.","1338","Электрический кроссовер-хэтчбек, 113 л.с., батарея 30.3 кВт·ч, масса 1338-1383 кг"
"Citroën","C4 (III поколение, 1.5 BlueHDi)","2020–наст.","1380","Компактный кроссовер-купе, дизель 1.5 BlueHDi (130 л.с.), масса версии"
"Citroën","C4 (III поколение, ë-C4 электрический)","2020–наст.","1630","Электрическая версия компактного кроссовера-купе"
"Citroën","C4 X (1.2 PureTech MHEV)","2022–наст.","1344","Фастбек на базе C4, мягкий гибрид 1.2 MHEV (136 л.с.)"
"Citroën","C4 X (1.2 PureTech, 100 л.с.)","2022–2024","1300","Фастбек, базовая версия 1.2 PureTech (100 л.с.)"
"Citroën","C5 Aircross (1.5 BlueHDi)","2017–наст.","1430","Среднеразмерный кроссовер, дизель 1.5 BlueHDi (130 л.с.)"
"Citroën","C5 Aircross (2.0 BlueHDi)","2017–наст.","1540","Среднеразмерный кроссовер, дизель 2.0 BlueHDi (180 л.с.)"
"Citroën","C5 X (1.2 PureTech)","2021–наст.","1493","Флагманский кросс-лифтбек, бензин 1.2 PureTech (130 л.с.)"
"Citroën","C5 X (1.6 PHEV)","2021–наст.","1722","Флагманский кросс-лифтбек, подключаемый гибрид 1.6 PHEV (225 л.с.)"
"Citroën","Berlingo (I поколение)","1996–2002","1275","Компактный фургон (каблучок), базовая версия"
"Citroën","Berlingo (современный, дизель)","2008–наст.","1455","Современный Berlingo, дизельная версия"
"Citroën","Jumper (4-35 L3H2)","2006–наст.","1393","Полноразмерный фургон, версия 4-35 L3H2 (130 л.с.)"
"Citroën","SpaceTourer (2.2 Diesel)","2016–наст.","1943","Пассажирский минивэн, дизель 2.2 (180 л.с.), масса 1943-2082 кг"
"Citroën","Ami (электрический, современный)","2020–наст.","485","Электрический квадрицикл, 8 л.с., батарея 5.4 кВт·ч"
"Citroën","Ami (классический, 8/AM3)","1962–1977","620","Классический седан 60-х годов, версия 8 (AM3)"
"Cupra","Formentor (1.5 TSI)","2020–наст.","1359","Компактный кроссовер-купе, базовая версия, масса варьируется от 1359 до 1667 кг"
"Cupra","Formentor (2.0 TSI, 245 л.с.)","2020–наст.","1644","Кроссовер-купе с 2.0 TSI (245 л.с.), DSG, по данным AUTO.RIA"
"Cupra","Formentor (2.0 TSI, 300 л.с.)","2020–наст.","1626","Топ-версия с 300 л.с. и полным приводом 4Drive, по данным auto-data.net"
"Cupra","Formentor (e-Hybrid)","2021–наст.","1704","Подключаемый гибрид, 1.4 TSI (245 л.с.), батарея 13 кВт·ч, по данным Practical Caravan"
"Cupra","Leon (1.5 TSI)","2020–наст.","1326","Спортивный хэтчбек C-сегмента, масса варьируется от 1326 до 1633 кг"
"Cupra","Leon (2.0 TSI, 300 л.с.)","2020–наст.","1490","Хэтчбек с 2.0 TSI (300 л.с.), DSG, по данным AUTO.RIA (также 1421 кг по sgcarmart)"
"Cupra","Leon Sportstourer (2.0 TSI, 204 л.с.)","2020–наст.","1510","Универсал с 2.0 TSI (204 л.с.), полный привод 4Drive DSG, по данным auto-data.net"
"Cupra","Leon Sportstourer (1.5 eTSI, 150 л.с.)","2020–наст.","1372","Универсал с мягким гибридом 1.5 eTSI (150 л.с.), по данным Autotijd.be"
"Cupra","Ateca (2.0 TSI, 300 л.с.)","2018–наст.","1626","Компактный кроссовер с 2.0 TSI (300 л.с.), полный привод, по данным autoboom.co.il"
"Cupra","Ateca (1.5 Eco TSI, 150 л.с.)","2018–наст.","1449","Кроссовер с 1.5 Eco TSI (150 л.с.), DSG, по данным Practical Caravan"
"Cupra","Ateca (VZX, 2023)","2023–наст.","1652","Обновленная топ-версия Ateca, по данным carsguide.com.au"
"Cupra","Terramar (e-Hybrid, 272 л.с.)","2024–наст.","1829","Среднеразмерный кроссовер-купе, подключаемый гибрид, по данным AUTO.RIA"
"Cupra","Terramar (2.0 TSI, 265 л.с.)","2024–наст.","1831","Кроссовер-купе с 2.0 TSI (265 л.с.), полный привод, по данным drive.com.au"
"Cupra","Born (84 кВт·ч, 231 л.с.)","2021–наст.","1902","Электрический хэтчбек, батарея 84 кВт·ч, по данным auto-data.net"
"Cupra","Born (58 кВт·ч, 204 л.с.)","2021–наст.","1702","Электрический хэтчбек, батарея 58 кВт·ч, масса варьируется от 1702 до 1999 кг"
"Cupra","Tavascan (Endurance, 286 л.с.)","2023–наст.","2238","Электрический кроссовер-купе, батарея 77 кВт·ч, по данным CarExpert"
"Cupra","Tavascan (VZ, 340 л.с.)","2023–наст.","2178","Электрический кроссовер-купе, двухмоторная версия, масса 2178-2267 кг"
"Cupra","Raval (55 кВт·ч, 211 л.с.)","2026–наст.","1610","Компактный электрический хэтчбек, батарея 55 кВт·ч, по данным auto-data.net"
"Cupra","Raval (базовая версия)","2026–наст.","1535","Электрический хэтчбек, масса варьируется от 1535 до 1633 кг, по данным dominaspa.it"
"Czinger","Divergent Blade (концепт)","2019 (концепт)","1200","Концепт-кар с 2.0-литровым турбомотором (700 л.с.), предшественник 21C. Точная масса не раскрыта, ожидалась на уровне ~1200 кг."
"Czinger","21C (стандартная версия)","2021–наст.","1250","Гибридный гиперкар, 2.88-литровый twin-turbo V8 + 3 электромотора (1250 л.с.). Масса по данным Wikipedia: 1250 кг, по другим источникам: 1620 кг."
"Czinger","21C V Max","2022–наст.","1250","Версия, оптимизированная для максимальной скорости (452 км/ч). Масса приблизительно 1250 кг."
"Czinger","21C Lightweight Track","2023–наст.","1218","Облегченная трековая версия с улучшенной аэродинамикой. Снаряженная масса: 1218 кг."
"Czinger","Hyper GT","2024–наст.","1300","Четырехместный гибридный гипер-GT. Точная масса не раскрыта, оценка: ~1300 кг."
"Dacia","Sandero","2008–наст.","1016–1204","Хэтчбек, бестселлер бренда, масса зависит от поколения и двигателя (Wikipedia, 2025)"
"Dacia","Sandero Stepway","2012–наст.","1077–1134","Кросс-версия Sandero с увеличенным клиренсом (vehiclesizes.com, 2025)"
"Dacia","Logan","2004–наст.","1050–1280","Седан, известен простотой и надежностью (carspector.com, 2025)"
"Dacia","Duster","2010–наст.","1264–1514","Компактный кроссовер, один из самых доступных в сегменте (autotijd.be, 2025)"
"Dacia","Jogger","2021–наст.","1176–1385","Семейный универсал повышенной вместимости, до 7 мест (Wikipedia, 2025)"
"Dacia","Bigster","2025–наст.","1350–1478","Новый флагманский кроссовер на платформе CMF-B (autotijd.be, 2025)"
"Dacia","Spring","2021–наст.","1012–1049","Бюджетный городской электромобиль (autotijd.be, 2025)"
"Dacia","Dokker","2012–2021","1165–1405","Компактный фургон и пассажирский LAV (Wikipedia, 2025)"
"Dacia","Lodgy","2012–2022","1165–1337","Компактный минивэн, предшественник Jogger (Wikipedia, 2025)"
"Dacia","Logan MCV","2006–2020","1055–1280","Универсал на базе Logan (autotijd.be, 2025)"
"Dacia","Logan Pick-Up","2008–2012","1125–1270","Пикап на базе Logan (Wikipedia, 2025)"
"Dacia","Solenza","2003–2005","1035","Субкомпактный лифтбек, переходная модель к Logan и Sandero (Wikipedia, 2025)"
"Dacia","SuperNova","2000–2003","950","Хэтчбек, модернизированная версия Nova (web.archive.org, 2025)"
"Dacia","1100","1968–1970","760","Первая модель марки, лицензионный Renault 8 (auto-data.net, 2025)"
"Dacia","1300","1969–1984","930","Легендарный седан на базе Renault 12 (Wikipedia, 2025)"
"Dacia","1310","1979–2004","940","Глубоко модернизированная версия 1300 (auto-data.net, 2025)"
"Dacia","Pick-Up","1975–2006","1125–1270","Пикап на базе 1300/1310, долгожитель конвейера (Wikipedia, 2025)"
"Daewoo","Tico","1991–2001","680","Городской автомобиль, 0.8L (48 л.с.), основан на Suzuki Alto. Масса: 680 кг."
"Daewoo","Matiz (0.8)","1998–2005","725","Городской автомобиль, 0.8L (52 л.с.). Масса по данным auto-data.net: 725 кг."
"Daewoo","Matiz (Chevy Joy)","2005–2010","847","Городской автомобиль, 1.0L (64 л.с.). Масса по данным PakWheels: 847 кг."
"Daewoo","Kalos","2002–2011","1070-1170","Компактный автомобиль, преемник Lanos. Масса варьируется в зависимости от кузова и двигателя."
"Daewoo","Lanos","1997–2002","990-1177","Компактный автомобиль, разработан Italdesign Giugiaro. Масса: от 990 до 1177 кг."
"Daewoo","Nexia","1995–2016","1004-1105","Седан на базе Opel Kadett E. Масса варьируется от 1004 до 1105 кг."
"Daewoo","Nubira (1.6)","1997–2010","1153","Среднеразмерный автомобиль, 1.6L (106 л.с.). Масса по данным cars-data.com: 1153 кг."
"Daewoo","Nubira (универсал, 2.0D)","1997–2010","1365","Среднеразмерный универсал, 2.0L дизель. Масса по данным carspector.com: 1365 кг."
"Daewoo","Espero","1990–1997","1108","Среднеразмерный седан, разработан Bertone. Масса по данным Wikipedia: 1108 кг."
"Daewoo","Leganza","1997–2002","1380-1400","Бизнес-седан, разработан Italdesign Giugiaro. Масса: от 1380 до 1400 кг."
"Daewoo","Magnus","2000–2006","1400-1450","Седан бизнес-класса, разработан совместно с Holden. Масса варьируется от 1400 до 1450 кг."
"Daewoo","Musso","1993–2005","1700-1800","Внедорожник, разработан совместно с SsangYong. Масса варьируется в зависимости от двигателя."
"Daewoo","Damas","1992–2011","905-1010","Микроавтобус на базе Suzuki Carry. Масса: 905-1010 кг."
"Daewoo","Rezzo","2000–2008","1350-1400","Компактвэн, разработан совместно с Pininfarina. Масса варьируется в зависимости от двигателя."
"Daewoo","Prince","1983–1997","1280-1450","Бизнес-седан, выпускавшийся до появления Leganza. Масса: от 1280 до 1450 кг."
"Daihatsu","Mira (ранние версии)","1980–1990","560","Кей-кар, 0.5–0.6 л, ранние поколения"
"Daihatsu","Mira (L500, 0.7)","1990–1998","750","Кей-кар, 0.66 л (54 л.с.)"
"Daihatsu","Mira Custom L (2006)","2002–2006","780","Кей-кар, 0.66 л"
"Daihatsu","Move (базовый, 1998)","1995–2000","755","Микровэн-кей-кар, 0.85 л"
"Daihatsu","Move (LA100/LA110)","2002–2006","720-820","Микровэн-кей-кар, 0.66 л. Масса: 720–820 кг"
"Daihatsu","Move (0.7 i 16V RS)","2002–2006","870","Микровэн-кей-кар, 0.66 л (64 л.с.)"
"Daihatsu","Tanto (базовая версия, 2004)","2003–2007","870","Кей-кар с высокой посадкой, 0.66 л"
"Daihatsu","Tanto (стандарт, 2004)","2003–2007","890","Кей-кар с высокой посадкой, 0.66 л"
"Daihatsu","Tanto (Turbo AT AWD)","2003–2007","940","Кей-кар с высокой посадкой, 0.66 л турбо, полный привод"
"Daihatsu","Tanto Exe Custom RS (2009)","2008–2013","980","Кей-кар с высокой посадкой, 0.66 л турбо"
"Daihatsu","Taft (современный, базовая версия)","2020–наст.","830","Кей-кроссовер, 0.66 л"
"Daihatsu","Taft G Turbo","2020–наст.","890","Кей-кроссовер, 0.66 л турбо"
"Daihatsu","Wake","2014–2022","990-1060","Кей-кар с высокой крышей. Масса: 990–1060 кг"
"Daihatsu","Rocky (классический, 1989)","1989–2002","1310","Рамный внедорожник"
"Daihatsu","Rocky (поздние версии)","1993–2002","1470","Рамный внедорожник, 2.8 л дизель"
"Daihatsu","Rocky (современный, 2021)","2019–наст.","1680","Современный компактный кроссовер, 1.0 л турбо"
"Daihatsu","Terios (I поколение)","1997–2005","1015","Компактный кроссовер, 1.3 л (83 л.с.)"
"Daihatsu","Terios (I поколение, 2001)","1997–2005","1055","Компактный кроссовер, 1.3 л"
"Daihatsu","Terios (II поколение, 2WD)","2006–2016","1170","Компактный кроссовер, 1.5 л (105 л.с.), передний привод"
"Daihatsu","Terios (II поколение, 4WD)","2006–2016","1250","Компактный кроссовер, 1.5 л (105 л.с.), полный привод"
"Daihatsu","Feroza","1989–1999","1220","Компактный внедорожник, 1.6 л (95 л.с.)"
"Daihatsu","Taft (классический, F10/F20)","1974–1984","985-1255","Классический рамный внедорожник, 1.0–2.8 л. Масса: 985–1255 кг"
"Daihatsu","Taft (классический, 2.8 MT)","1974–1984","1330","Классический рамный внедорожник, 2.8 л, механическая КПП"
"Daihatsu","Charade (1.0 EL, 2005)","2003–2007","745","Хэтчбек, 1.0 л"
"Daihatsu","Charade (1.3, 1997)","1993–2000","830","Хэтчбек, 1.3 л"
"Daihatsu","Charade (1.0 CXL, 2005)","2003–2007","750","Хэтчбек, 1.0 л"
"Daihatsu","Hi-Jet Deluxe (4x4)","1986","820","Микроавтобус/фургон, 0.55 л"
"Daihatsu","55 pickup","1970-е","585","Пикап-кей-кар, 0.55 л (25 л.с.)"
"Daihatsu","Delta Low Roof Glass","1987","1810","Коммерческий фургон, 2.8 л"
"Datsun","Go (1.2)","2014–2022","810","Компактный хэтчбек для индийского рынка. Масса: 810 кг (Wikipedia), 785 кг (auto.ndtv.com)."
"Datsun","Go+ (базовая версия D)","2014–2022","794","7-местная версия Go. Масса базовой версии D: 794 кг."
"Datsun","Go+ (версия T)","2014–2022","810","7-местная версия Go. Масса версии T: 810 кг."
"Datsun","on-DO","2014–2022","1160","Седан для российского рынка на базе Lada Granta, 1.6 л (87/106 л.с.)."
"Datsun","mi-DO","2015–2022","1160","Хэтчбек для российского рынка на базе Lada Kalina, масса от 1160 до 1225 кг в зависимости от КПП."
"Datsun","mi-DO (АКПП)","2015–2022","1225","Хэтчбек с автоматической коробкой передач."
"Datsun","redi-GO (0.8)","2016–2022","795","Городской хэтчбек для индийского рынка, 0.8 л."
"Datsun","redi-GO (1.0)","2016–2022","825","Городской хэтчбек, 1.0 л."
"Datsun","Cross","2018–2022","870","Кросс-версия хэтчбека Go, масса 870–965 кг в зависимости от комплектации."
"Datsun","240Z / Fairlady Z","1969–1973","1020","Культовое спорткупе, масса от 1020 до 1066 кг."
"Datsun","510","1968–1973","940","Компактный седан, масса 940–1000 кг."
"Dayun","Yuehu S5 (230 км)","2023–наст.","1010","Электрический мини-кроссовер, батарея 20.42 кВт·ч, запас хода 230 км. Масса: 1010 кг."
"Dayun","Yuehu S5 (300 км)","2023–наст.","1100","Электрический мини-кроссовер, батарея 30.66 кВт·ч, запас хода 300 км. Масса: 1100 кг."
"Dayun","Yuehu S5 (330 км)","2023–наст.","1100","Электрический мини-кроссовер, батарея 31.7 кВт·ч, запас хода 330 км. Электромотор: 35 кВт (48 л.с.)."
"Dayun","Yuanzhi M1 (4-местный, 450 км)","2022–наст.","2150","Электрический минивэн, батарея 72.3 кВт·ч, 4-местный салон первого класса. Электромотор: 145 кВт (194 л.с.)."
"Dayun","Yuanzhi M1 (7-местный, 450 км)","2022–наст.","2010","Электрический минивэн, батарея 72.3 кВт·ч, 7-местный салон."
"Dayun","Yuanzhi M1 (7-местный, 490 км)","2024–наст.","1870","Электрический минивэн, батарея 70.1 кВт·ч, запас хода 490 км (CLTC). Колесная база: 2902 мм."
"Dayun","Yuanzhi M1 (5-местный, 550 км)","2023–наст.","2050","Электрический минивэн, батарея 90.58 кВт·ч, запас хода 550 км."
"Dayun","Yuanhang H9","2024–наст.","","Полноразмерный электрический SUV, 6 мест. Батарея: 98/120/150 кВт·ч. Запас хода: 650/840/950 км. Разгон 0-100 км/ч: 3.8 с. Точная масса не раскрыта."
"Dayun","Yuanhang Y6","2023–наст.","","Электрический бизнес-седан. Задний привод, 335 л.с. Точная масса не раскрыта."
"Dayun","Yuanhang Y7","2024–наст.","","Премиальный электрический седан. Точные спецификации уточняются."
"Dayun","Yuanhang H8","2024–наст.","","Роскошный электрический SUV. Точная масса не раскрыта."
"Dayun","V5 (бензиновый, 2.4T, 4WD)","2020–наст.","1998","Пикап, 2.4T бензин (218 л.с.), полный привод. Масса: 1998 кг."
"Dayun","V5 (дизельный, 2.0T, 4WD)","2020–наст.","2200","Пикап, 2.0T дизель (163 л.с., 390 Н·м), полный привод. Масса: 2200 кг (по данным тайской версии NEX)."
"Dayun","V5 (дизельный, тяжелая версия)","2020–наст.","2755","Пикап, усиленная версия с грузоподъемностью 500 кг. Масса: 2755 кг."
"Dayun","Pickup (электрический)","2024–наст.","1900","Электрический пикап с батареей CATL. Масса: 1900 кг. Запас хода уточняется."
"Dayun","CGC1120 (шасси, 4×2)","2010-е–наст.","3890","Шасси для коммерческих автомобилей, полная масса 12 000 кг, грузоподъемность 8 110 кг."
"Dayun","CGC1121 (шасси, 4×4)","2010-е–наст.","4800","Полноприводное шасси, полная масса 12 100 кг."
"Dayun","CGC1141 (шасси)","2010-е–наст.","4465","Шасси полной массой 14 000 кг."
"Dayun","CGC1331 (шасси)","2010-е–наст.","8870","Тяжелое шасси полной массой 33 000 кг, грузоподъемность 24 130 кг."
"Dayun","N6H (грузовик)","2010-е–наст.","","Среднетоннажный грузовик, колесная формула 4×2, двигатели 160–350 л.с. Точная масса зависит от конфигурации."
"Dayun","N8V (тягач)","2010-е–наст.","","Тяжелый седельный тягач, двигатели Weichai 350–460 л.с. Точная масса зависит от конфигурации."
"Dayun","Electric Box Truck (4.5 т)","2020-е–наст.","2850","Электрический грузовой фургон, полная масса 4495 кг, грузоподъемность 1170–1515 кг. Масса: 2850–3130 кг."
"Dayun","CGC5045JSQHDD33F","2020-е–наст.","2380","Автомобиль с краном-манипулятором, полная масса 3505 кг."
"Dayun","CGC5042XYKHDF33F","2020-е–наст.","2805","Фургон с распашными стенками, полная масса 4495 кг."
"De Tomaso","Vallelunga","1964–1967","726","Первый серийный спорткар, 1.5 л Ford Kent (104 л.с.), стеклопластиковый кузов, 59 экз."
"De Tomaso","Mangusta","1967–1971","1300","Среднемоторное купе, Ford V8 4.7 л (305 л.с.), дизайн Джуджаро, 400 экз."
"De Tomaso","Pantera (ранние)","1971–1974","1420","Среднемоторное купе, Ford V8 5.8 л (330 л.с.), масса для версий 1971 года"
"De Tomaso","Pantera (поздние)","1975–1992","1474","Обновленные версии Pantera GTS/GT5 с увеличенной массой"
"De Tomaso","Pantera GT4K (IMSA)","1980-е","1202","Гоночная версия для американского чемпионата IMSA GTO, облегченная до 1202 кг"
"De Tomaso","Guarà (BMW)","1993–2004","1200","Среднемоторное купе, BMW V8 4.0 л (286 л.с.), карбоновый кузов"
"De Tomaso","Guarà (Ford)","1998–2004","1400","Среднемоторное купе, наддувный Ford V8 4.6 л (305–375 л.с.)"
"De Tomaso","Guarà Barchetta","1998–2004","1050","Открытая версия среднемоторного спорткара с карбоновым кузовом"
"De Tomaso","Bigua / Qvale Mangusta","1999–2002","1520","Переднемоторное купе, Ford V8 4.6 л (320 л.с.), дизайн Гандини"
"De Tomaso","P72","2025–наст.","1400","Современный гиперкар, наддувный Ford V8 5.0 л (700 л.с.), 6-МКПП, карбоновый монокок"
"De Tomaso","Deauville","1971–1985","1940","Представительский седан, Ford V8 5.8 л (330 л.с.), 244 экз."
"De Tomaso","Longchamp (GTS)","1972–1989","1815","Переднемоторное купе Gran Turismo, Ford V8 5.8 л (330 л.с.), 409 экз."
"De Tomaso","Longchamp (Cabriolet)","1978–1989","1700","Открытая версия купе Longchamp, разработанная Carrozzeria Pavesi"
"DeLorean","DMC-12 (130-150 л.с.)","1981–1983","1230-1244","Культовое купе из н/ж стали с дверями 'крыло чайки', дизайн Джуджаро, двигатель PRV V6 2.85 л, задний привод"
"DeLorean","Alpha5 (концепт, 2022)","2022 (концепт)","","Электрическое купе с дверями 'крыло чайки', батарея 110 кВт·ч, запас хода >480 км, разгон 0-100 км/ч <3 сек. Официальная масса не раскрыта, ожидается значительной из-за веса батарей."
"DeLorean","DMC-EV (план, 2025)","2025 (план)","","Планируемый электромобиль, 4 электромотора, батарея 70 кВт·ч, запас хода ~402 км. Официальная масса не раскрыта."
"DeLorean","DMC-24 (дизайн-проект)","1981 (дизайн)","","Неосуществленный проект 4-5-местного автомобиля на смену DMC-12."
"DeLorean","Alpha2 (концепт)","1996 (концепт)","","Концепт родстера, ретроспективно воссозданный современной DMC."
"DeLorean","Alpha3 (концепт)","2006 (концепт)","","Концепт электрического седана класса люкс, ретроспективно воссозданный современной DMC."
"DeLorean","Alpha4 (концепт)","2013 (концепт)","","Концепт водородного внедорожника (SUV), ретроспективно воссозданный современной DMC."
"Deepal","SL03 (BEV, 58.1 кВт·ч)","2022–2024","1725","Электрический лифтбек, базовая версия с задним приводом"
"Deepal","SL03 (BEV, 79.97 кВт·ч)","2022–2024","1870","Электрический лифтбек с увеличенным запасом хода 705 км"
"Deepal","SL03 (EREV, 1.5 л, 135 км)","2022–2024","1780","Гибридный лифтбек EREV, 218 л.с., запас хода на электротяге 135 км"
"Deepal","L07 (BEV, 185 кВт)","2024–наст.","1825","Электрический лифтбек с обновлённым дизайном от Huawei, масса 1825-1880 кг"
"Deepal","L07 (EREV, 1.5 л, 240 км)","2024–наст.","1835","Гибридный лифтбек EREV, запас хода на электротяге 240 км"
"Deepal","S07 / S7 (BEV, 79.97 кВт·ч)","2023–наст.","2000","Электрический кроссовер с задним приводом, масса 2000-2035 кг"
"Deepal","S07 / S7 (EREV, 1.5 л, 238 л.с.)","2023–наст.","1890","Гибридный кроссовер EREV, масса 1890-1990 кг"
"Deepal","S07 / S7 (EREV, 285 км)","2024–наст.","1970","Гибридный кроссовер EREV с увеличенным запасом хода, масса 1970-2025 кг"
"Deepal","S05","2024–наст.","1700-1850","Субкомпактный кроссовер, точная масса уточняется"
"Deepal","S09 (ожидается)","2025 (план)","2590","Полноразмерный гибридный кроссовер с трёхрядным салоном, аналог Li Auto L9"
"Deepal","G318 (EREV, 1.5T, 4WD, базовая)","2024–наст.","2360","Полноразмерный гибридный внедорожник с полным приводом, 430 л.с."
"Deepal","G318 (EREV, 4WD, топ-версия)","2024–наст.","2452","Внедорожник с увеличенной батареей и запасом хода 174 км на электротяге"
"Deus","Vayanne (концепт)","2024","1810","Электрический гиперкар. 2 электромотора (2,243 л.с.), разгон 0-100 км/ч: 1.99 с, макс. скорость: 400 км/ч."
"Deus","Vayanne (серийная версия)","2025 (план)","1810","Серийная версия гиперкара. Снаряжённая масса на уровне концепта: 1,810 кг."
"Dodge","Charger Daytona (EV)","2025–наст.","2585","Электрический маслкар, базовая версия R/T, масса варьируется от 2585 до 2687 кг для Scat Pack"
"Dodge","Charger (бензиновый)","2025–наст.","2185","Бензиновая версия с 8-ступенчатым автоматом и полным приводом"
"Dodge","Hornet GT (базовая)","2023–наст.","1685","Компактный кроссовер, 2.0T (268 л.с.), передний привод"
"Dodge","Hornet R/T PHEV","2023–наст.","1878","Подключаемый гибрид, 1.3T + электромотор (288 л.с.), полный привод"
"Dodge","Durango (базовая версия)","1998–наст.","2154","Полноразмерный внедорожник, V6 3.6L (295 л.с.)"
"Dodge","Durango R/T","1998–наст.","2245","Версия с 5.7L HEMI V8 (360 л.с.)"
"Dodge","Durango SRT 392","2018–2024","2449","Версия с 6.4L HEMI V8 (475 л.с.)"
"Dodge","Durango SRT Hellcat","2021–2024","2534","Топ-версия с наддувным 6.2L V8 (710 л.с.)"
"Dodge","Challenger (базовая, V6)","2008–2023","1742","Современный маслкар, 3.6L Pentastar V6 (305 л.с.)"
"Dodge","Challenger R/T","2008–2023","1886","Маслкар с 5.7L HEMI V8 (375 л.с.)"
"Dodge","Challenger SRT Hellcat","2014–2023","2029","Наддувный 6.2L V8 (717 л.с.)"
"Dodge","Challenger SRT Super Stock","2020–2023","2014","Наддувный 6.2L V8 (807 л.с.)"
"Dodge","Charger (LX, базовая)","2006–2023","1787","Седан-маслкар, 3.6L Pentastar V6 (292 л.с.)"
"Dodge","Charger R/T","2006–2023","1930","Седан с 5.7L HEMI V8 (370 л.с.)"
"Dodge","Charger SRT Hellcat","2014–2023","2075","Седан с наддувным 6.2L V8 (717 л.с.)"
"Dodge","Viper (SR I)","1992–2017","1490","Легендарный спорткар, 8.0L V10 (400 л.с.)"
"Dodge","Viper GTS (2001)","1996–2002","1643","Версия купе с 8.0L V10 (450 л.с.)"
"Dodge","Viper (финальная версия)","2013–2017","1532","Последнее поколение, 8.4L V10 (645 л.с.)"
"Dodge","Journey (базовая версия)","2008–2020","1732","Среднеразмерный кроссовер, 2.4L I4 (173 л.с.)"
"Dodge","Journey Crossroad AWD","2008–2020","1922","Полноприводная версия с 3.6L V6 (283 л.с.)"
"Dodge","Nitro (базовая версия)","2007–2012","1734","Компактный внедорожник, 3.7L V6 (210 л.с.)"
"Dodge","Nitro (полноприводная)","2007–2012","1939","Полноприводная версия с 4.0L V6 (260 л.с.)"
"Dodge","Caliber (базовая версия)","2007–2012","1345","Компактный хэтчбек, 1.8L I4 (148 л.с.)"
"Dodge","Caliber SRT-4","2008–2009","1431","Заряженная версия с 2.4L турбо (285 л.с.)"
"Dodge","Dart (базовая версия)","2013–2016","1442","Компактный седан, 2.0L I4 (160 л.с.)"
"Dodge","Dart GT","2013–2016","1458","Версия с 2.4L Tigershark (184 л.с.)"
"Dodge","Avenger (базовая версия)","2007–2014","1543","Среднеразмерный седан, 2.4L I4 (173 л.с.)"
"Dodge","Avenger R/T","2011–2014","1636","Версия с 3.6L V6 (283 л.с.)"
"Dodge","Magnum (базовая версия)","2005–2008","1725","Универсал, 2.7L V6 (190 л.с.)"
"Dodge","Magnum SRT8","2005–2008","1932","Заряженная версия универсала, 6.1L HEMI V8 (425 л.с.)"
"Dodge","Grand Caravan","1987–2020","2045","Популярный минивэн, 3.6L V6 (283 л.с.), масса для версий 2011-2020 годов"
"Dodge","Charger (классический, 1966)","1966–1978","1565","Легендарный маслкар, масса базовой версии с 5.2L V8"
"Dodge","Challenger (классический, 1970)","1970–1974","1610","Классический маслкар первого поколения с 6.3L V8"
"Dodge","Coronet (1967)","1949–1976","1542","Седан среднего размера, масса версии 1967 года"
"Dodge","Dart (классический, 1962)","1960–1976","1320","Компактный автомобиль, предшественник Dodge Aspen"
"Dodge","Monaco (1970)","1965–1978","1715","Полноразмерный седан, масса версии с V8"
"Dodge","Aspen","1976–1980","1450","Компактный автомобиль, преемник Dart"
"Dodge","Diplomat","1977–1989","1587","Седан среднего размера, популярный в полицейских службах"
"Dodge","Aries","1981–1989","1100","Переднеприводный компактный седан на платформе K-car"
"Dodge","Omni","1978–1990","970","Субкомпактный хэтчбек, один из первых переднеприводных Dodge"
"Dodge","Shadow","1987–1994","1180","Компактный автомобиль, заменивший Omni"
"Dodge","Spirit","1989–1995","1310","Седан среднего размера на платформе AA-body"
"Dodge","Dynasty","1988–1993","1450","Полноразмерный переднеприводный седан"
"Dodge","600","1983–1988","1220","Седан среднего размера, выпускался также как купе и кабриолет"
"Dodge","Lancer","1985–1989","1180","Переднеприводный компактный автомобиль"
"Dodge","Mirada","1980–1983","1530","Купе среднего размера"
"Dodge","St. Regis","1979–1981","1670","Полноразмерный седан, популярный в полиции"
"Dodge","Neon","1994–2005","1100","Компактный автомобиль, преемник Shadow"
"Dodge","Stratus","1995–2006","1410","Седан среднего размера, заменивший Spirit"
"Dodge","Intrepid","1993–2004","1542","Полноразмерный переднеприводный седан"
"Dodge","RAM 1500 (Dodge Ram, 3-е поколение)","2002–2008","2070","Полноразмерный пикап, до выделения RAM в отдельный бренд"
"Dodge","RAM 1500 (Dodge Ram, 4-е поколение)","2009–2018","2050","Последнее поколение пикапа под брендом Dodge перед выделением RAM"
"Dodge","Dakota (4x4 Crew Cab, 2005)","1987–2011","1770","Среднеразмерный пикап, полноприводная версия с кабиной Crew Cab"
"Dodge","Dakota (базовая версия)","1987–2011","1500","Среднеразмерный пикап, базовая версия"
"Denza","D9 (EV, базовая версия)","2022–наст.","2325–2764","Премиальный минивэн. Масса: 2,325 кг (сухая, по Wikipedia) до 2,764 кг (полная, по BitAuto) в зависимости от версии."
"Denza","D9 (EV, AWD, топ-версия)","2022–наст.","2865","Полноприводная версия с двумя электромоторами. Масса по данным BitAuto: 2,865 кг."
"Denza","D9 (PHEV, передний привод)","2022–наст.","2695","Гибридная версия (PHEV) с 1.5T. Данные Autohome: 2,695 кг."
"Denza","D9 (PHEV, полный привод)","2022–наст.","2325 (сухая)","Полноприводная гибридная версия. Данные MarkLines: 2,325 кг (сухая масса)."
"Denza","N7 (базовая версия)","2023–наст.","2280","Среднеразмерный электрический кроссовер. Масса базовой версии: 2,280 кг."
"Denza","N7 (AWD, топ-версия)","2023–наст.","2440–2815","Электрический кроссовер. Масса полноприводной версии: от 2,440 до 2,815 кг."
"Denza","N8","2023–наст.","2120–2450","Кроссовер, пришедший на смену Denza X. Доступен в версиях BEV и PHEV. Масса: 2,120–2,330 кг (BEV) или 2,450 кг (PHEV, по FastestLaps)."
"Denza","X (PHEV)","2019–2021","2390","Предшественник N8, созданный на базе BYD Tang. Масса PHEV-версии: 2,390 кг."
"Denza","X (BEV)","2019–2021","2330","Полностью электрическая версия предшественника N8. Масса: 2,330 кг."
"Denza","B5 (сухая масса)","2026 (план)","2800","Новый электрический внедорожник B-сегмента. Данные о массе: 2,800 кг."
"Denza","B8","2026 (план)","2897","Новый электрический внедорожник C/D-сегмента. Масса по данным Carmudi: 2,897 кг."
"Denza","N8L","2025 (план)","2980–3040","Полноразмерный гибридный внедорожник (PHEV). Ожидаемая масса: 2,980–3,040 кг."
"Denza","Z9 (PHEV)","2024–наст.","2740–2810","Представительский седан с гибридной установкой. Масса: от 2,740 до 2,810 кг."
"Denza","Z9 (BEV)","2024–наст.","2895","Полностью электрическая версия седана Z9. Масса: 2,895 кг."
"Denza","Z9 GT (PHEV)","2024–наст.","2740–2780","Универсал (shooting brake) с гибридной установкой. Масса: от 2,740 до 2,780 кг."
"Denza","Z9 GT (BEV)","2024–наст.","2875–2895","Полностью электрическая версия универсала. Масса: от 2,875 до 2,895 кг."
"Denza","500","2014–2019","Н/Д","Первый серийный электромобиль бренда. Точная снаряженная масса не указана."
"Denza","EV (прототип)","2013","Н/Д","Ранний прототип, на базе которого был создан Denza 500. Точная масса не указана."
"Dongfeng","Aeolus Shine Max (1.5T)","2021–наст.","1486","Седан D-класса, 190 л.с., 7-ст. DCT"
"Dongfeng","Aeolus Shine Max (Hybrid)","2023–наст.","1560","Гибридная версия седана"
"Dongfeng","Aeolus AX7 (1.5T)","2014–наст.","1600","Компактный кроссовер, 1.5T, 7-ст. DCT"
"Dongfeng","Aeolus AX7 (1.6T)","2014–наст.","1572","Компактный кроссовер, 1.6T"
"Dongfeng","Aeolus Haoji (1.5T)","2022–наст.","1608","Компактный кроссовер, 204 л.с., 7-ст. DCT"
"Dongfeng","Aeolus L7 (PHEV)","2024–наст.","1725","Гибридный кроссовер, 1.5T, запас хода на электротяге 86 км"
"Dongfeng","Aeolus L7 (BEV)","2024–наст.","1740","Электрический кроссовер, запас хода 518 км"
"Dongfeng","Aeolus Yixuan (1.0T)","2019–наст.","1253","Субкомпактный седан, 1.0T (125 л.с.)"
"Dongfeng","Aeolus Yixuan (1.5T)","2019–наст.","1273","Субкомпактный седан, 1.5T (150 л.с.)"
"Dongfeng","Aeolus Yixuan GS (1.0T)","2020–наст.","1297","Кросс-хэтчбек, 1.0T (125 л.с.)"
"Dongfeng","Aeolus Yixuan GS (1.5T)","2020–наст.","1315","Кросс-хэтчбек, 1.5T (150 л.с.)"
"Dongfeng","Forthing T5 (1.5T)","2018–наст.","1480","Компактный кроссовер, 1.5T (150 л.с.), CVT"
"Dongfeng","Forthing T5 (1.6L)","2018–наст.","1575","Компактный кроссовер, 1.6L (122 л.с.), 5-ст. МТ"
"Dongfeng","Forthing T5 Evo (1.5T)","2021–наст.","1550","Спортивный кроссовер, 1.5T (197 л.с.), 7-ст. DCT"
"Dongfeng","Forthing SX6 (1.6L)","2016–наст.","1425","7-местный кроссовер, 1.6L (122 л.с.), 5-ст. МТ"
"Dongfeng","Forthing Yacht (1.5T)","2022–наст.","1715","7-местный минивэн, 1.5T (197 л.с.), 7-ст. DCT"
"Dongfeng","Fengon 580 (1.5T)","2016–наст.","1590","7-местный кроссовер, 1.5T (150 л.с.)"
"Dongfeng","Fengon 580 (1.8L)","2016–наст.","1510","7-местный кроссовер, 1.8L (139 л.с.)"
"Dongfeng","Fengon ix5 (1.5T)","2018–наст.","1570","Купе-кроссовер, 1.5T (150 л.с.)"
"Dongfeng","Fengon ix7 (2.0T)","2019–наст.","1890","Среднеразмерный кроссовер, 2.0T (231 л.с.), AWD"
"Dongfeng","Nammi 01 (330 км)","2024–наст.","1235","Городской хэтчбек, батарея 31.5 кВт·ч"
"Dongfeng","Nammi 01 (430 км)","2024–наст.","1312","Городской хэтчбек, батарея 42.3 кВт·ч"
"Dongfeng","Nammi 06 (EV)","2025–наст.","1526","Электрический кроссовер, батарея 53 кВт·ч"
"Dongfeng","Rich 6 (бензин)","2018–наст.","1810","Пикап, 2.4L (158 л.с.), на базе Nissan Navara"
"Dongfeng","Rich 6 (дизель)","2018–наст.","1900","Пикап, 2.3L дизель (163 л.с.)"
"Dongfeng","Rich 6 (EV)","2023–наст.","2130","Электрический пикап, запас хода 451 км"
"Dongfeng","Paladin (2.5L)","2003–наст.","1820","Рамный внедорожник на базе Nissan Pathfinder"
"Donkervoort","F22","2022–наст.","750","Самостоятельная модель с Audi 2.5 TFSI (492 л.с.). Масса: 750 кг (Kerb weight). Версия Final Five — 716 кг, пакет Bare Naked — 740 кг."
"Donkervoort","S7","1978–1984","","Самая первая модель на базе Lotus Seven. Точная снаряжённая масса не указана, оценка: ~570–600 кг."
"Donkervoort","S8","1984–1994","675","Первый собственный автомобиль. Масса: 675 кг (1,488 lb). Двигатель: Ford 2.0."
"Donkervoort","S8A","1985–1990","675","Версия S8 с увеличенной колёсной базой. Масса: 675 кг."
"Donkervoort","S8AT","1986–1994","685","Турбированная версия S8A. Масса: 685–755 кг в зависимости от источника. Двигатель: Ford 2.0 OHC Turbo (170 л.с.)."
"Donkervoort","D10","1988–1994","650","Юбилейная модель к 10-летию. Масса: 650 кг (1,430 lb). Двигатель: Ford 2.2 Turbo (190 л.с.)."
"Donkervoort","D8 Zetec","1993–1998","570","Первое поколение D8. Масса: 570 кг (1,260 lb). Двигатель: Ford Zetec 1.8/2.0 (140–160 л.с.)."
"Donkervoort","D8 Sport Cosworth","1993–1999","570","Версия с двигателем Cosworth YB (220–280 л.с.)."
"Donkervoort","D8 Audi","1999–2012","695","Переход на двигатели Audi 1.8T. Масса: 695 кг (1,532 lb)."
"Donkervoort","D8 270RS","2005–2012","625","Облегчённая версия с Audi 1.8T (270 л.с.). Масса: 625 кг (auto-data.net, vehiclesizes.com), также указывается 630–650 кг."
"Donkervoort","D8 GT","2007–2012","695","Версия купе. Масса сопоставима с D8 Audi."
"Donkervoort","D8 GTO","2013–2022","700","Эволюция D8. Масса: 695–730 кг. Двигатель: Audi 2.5 TFSI (340–380 л.с.)."
"Donkervoort","D8 GTO-RS","2016–2021","715","Облегчённая версия с технологией X-Core. Масса: 715 кг."
"Donkervoort","D8 GTO JD70","2020–2021","680","Юбилейная версия, 415 л.с. Самая лёгкая — 680 кг (2G боковой перегрузки). Тираж: 70 экз."
"Donkervoort","D8 GTO JD70 R","2021","715","Трековая версия JD70. Масса: 715 кг."
"DS Automobiles","DS 3 Crossback (1.2 PureTech 130)","2019–наст.","1205","Компактный кроссовер, бензин, 1.2 л (130 л.с.), АКПП"
"DS Automobiles","DS 3 E-Tense (электрический)","2019–наст.","1598","Электрический кроссовер, батарея 50 кВт·ч, запас хода 341 км"
"DS Automobiles","DS 4 (BlueHDi 130)","2021–наст.","1414","Компактный хэтчбек, дизель, 1.5 л (130 л.с.), АКПП"
"DS Automobiles","DS 4 (PureTech 225)","2021–наст.","1494","Компактный хэтчбек, бензин, 1.6 л (225 л.с.), АКПП"
"DS Automobiles","DS 4 E-Tense 225 (PHEV)","2021–наст.","1653","Гибридный хэтчбек, 1.6 л + электромотор (225 л.с.), запас хода на электротяге 55 км"
"DS Automobiles","DS 7 Crossback (PureTech 225)","2017–наст.","1420","Среднеразмерный кроссовер, бензин, 1.6 л (225 л.с.), АКПП"
"DS Automobiles","DS 7 Crossback (BlueHDi 130)","2017–наст.","1535","Среднеразмерный кроссовер, дизель, 1.5 л (130 л.с.), АКПП"
"DS Automobiles","DS 7 Crossback (BlueHDi 180)","2017–наст.","1585","Среднеразмерный кроссовер, дизель, 1.5 л (180 л.с.), АКПП"
"DS Automobiles","DS 7 E-Tense 4x4 300 (PHEV)","2019–наст.","1836","Гибридный кроссовер, 1.6 л + 2 электромотора (300 л.с.), полный привод, запас хода на электротяге 68 км"
"DS Automobiles","DS 9 (PureTech 225)","2020–наст.","1540","Представительский седан, бензин, 1.6 л (225 л.с.), АКПП"
"DS Automobiles","DS 9 (BlueHDi 130)","2020–наст.","1615","Представительский седан, дизель, 1.5 л (130 л.с.), АКПП"
"DS Automobiles","DS 9 E-Tense 360 4x4 (PHEV)","2021–наст.","1931","Гибридный седан, 1.6 л + 2 электромотора (360 л.с.), полный привод"
"DS Automobiles","DS No. 8 (батарея 74 кВт·ч)","2025–наст.","2132","Электрический кроссовер, батарея 74 кВт·ч, запас хода 572 км"
"DS Automobiles","DS No. 8 (батарея 97.2 кВт·ч)","2025–наст.","2289","Электрический кроссовер, батарея 97.2 кВт·ч, запас хода 750 км"
"DS Automobiles","DS 3 (оригинальный, 1.6 VTi)","2010–2015","1070","Хэтчбек, бензин, 1.6 л (120 л.с.). Изначально Citroën DS3."
"DS Automobiles","DS 3 (оригинальный, 1.6 THP 165)","2010–2015","1165","Хэтчбек, бензин, 1.6 л (165 л.с.). Изначально Citroën DS3."
"DS Automobiles","DS 3 (оригинальный, HDi 110)","2010–2015","1090","Хэтчбек, дизель, 1.6 л (110 л.с.). Изначально Citroën DS3."
"DS Automobiles","DS 4 (оригинальный, 1.6 VTi)","2010–2015","1205","Хэтчбек, бензин, 1.6 л (120 л.с.). Изначально Citroën DS4."
"DS Automobiles","DS 4 (оригинальный, 2.0 HDi)","2010–2015","1430","Хэтчбек, дизель, 2.0 л (160 л.с.). Изначально Citroën DS4."
"DS Automobiles","DS 5 (1.6 THP 150)","2011–2015","1495","Хэтчбек, бензин, 1.6 л (150 л.с.). Изначально Citroën DS5."
"DS Automobiles","DS 5 (2.0 HDi 180)","2011–2015","1605","Хэтчбек, дизель, 2.0 л (180 л.с.). Изначально Citroën DS5."
"DS Automobiles","DS 5 (Hybrid4)","2012–2015","1710","Гибридный хэтчбек, 2.0 л дизель + электромотор (200 л.с.), полный привод. Изначально Citroën DS5."
"DS Automobiles","DS 4 Crossback (BlueHDi 120)","2015–2018","1265","Кросс-хэтчбек, дизель, 1.6 л (120 л.с.)"
"DS Automobiles","DS 7 Crossback Vauban (бронированный)","2024","~2000","Бронированная версия DS 7 E-Tense 4x4 300. Стандарт защиты VPAM4. Примерно на 164 кг тяжелее базовой модели."
"Evolute","i-PRO","2023–наст.","1515","Седан (Dongfeng Aeolus E70), 150 л.с., запас хода 433 км, снаряженная масса по данным производителя"
"Evolute","i-PRO (полная масса)","2023–наст.","1577","Седан (Dongfeng Aeolus E70), 150 л.с., запас хода 433 км, снаряженная масса по другим источникам"
"Evolute","i-JOY","2023–наст.","1690","Компактный кроссовер (Forthing T5 EVO), 163 л.с., запас хода 407 км"
"Evolute","i-JOY (полная масса)","2023–наст.","1765","Компактный кроссовер (Forthing T5 EVO), 163 л.с., запас хода 407 км, снаряженная масса по данным некоторых источников"
"Evolute","i-SKY","2023–наст.","2025","Среднеразмерный кроссовер (Forthing Thunder), 204 л.с., запас хода 511 км"
"Evolute","i-SKY City Edition","2025–наст.","1995","Облегченная версия со сниженным запасом хода (400 км)"
"Evolute","i-JET","2024–наст.","2350","Полноприводный кроссовер, 585 л.с., разгон 0-100 км/ч за 3.7 с"
"Evolute","i-JET (полная масса)","2024–наст.","2370","Полноприводный кроссовер, 585 л.с., разгон 0-100 км/ч за 3.7 с, снаряженная масса по данным других источников"
"Evolute","i-VAN","2024–наст.","2020","Электрический минивэн (Forthing Lingzhi M5EV), 122 л.с., запас хода 400 км"
"Exeed","VX (C-DM, 2025)","2025–наст.","2280","Флагманский 7-местный кроссовер, PHEV 1.5T + 3 э/м (610 л.с.), AWD. Масса: 2,280 кг"
"Exeed","VX (2.0T, бензин)","2021–наст.","1920","Флагманский 7-местный кроссовер, 2.0T (245 л.с.), 8-ст. АКПП. Масса: 1,920 кг"
"Exeed","VX (экспортные рынки)","2021–наст.","2445","Флагманский кроссовер, полная снаряжённая масса для некоторых рынков: 2,445 кг"
"Exeed","Yaoguang / RX (бензин)","2023–наст.","1783","Среднеразмерный кроссовер, 2.0T (261 л.с.). Масса: 1,783 кг"
"Exeed","RX C-DM (FWD)","2024–наст.","1913","Среднеразмерный кроссовер, PHEV 1.5T + э/м, FWD. Масса: 1,913-1,977 кг"
"Exeed","RX C-DM (AWD)","2025–наст.","2171","Среднеразмерный кроссовер, PHEV 1.5T + 3 э/м (610 л.с.), AWD. Масса: 2,171 кг"
"Exeed","TXL (2.0T, AWD)","2020–наст.","1765","Среднеразмерный кроссовер, 2.0T (245 л.с.), AWD. Масса: 1,765 кг"
"Exeed","TXL (1.6T)","2020–наст.","1650","Среднеразмерный кроссовер, 1.6T (197 л.с.). Масса: 1,650 кг"
"Exeed","LX (1.5T, CVT)","2020–наст.","1470","Компактный кроссовер, 1.5T (156 л.с.), CVT. Масса: 1,470 кг"
"Exeed","Sterra ES (BEV, 550 км)","2024–наст.","1870","Электрический седан, RWD, 252 л.с., батарея 60.7 кВт·ч, запас хода 550 км"
"Exeed","Sterra ES (BEV, 680 км)","2024–наст.","2080","Электрический седан, RWD, 313 л.с., батарея 77 кВт·ч, запас хода 680 км"
"Exeed","Sterra ES (BEV, AWD)","2025–наст.","2210","Электрический седан, AWD, 480 л.с., батарея 77 кВт·ч, запас хода 605 км"
"Exeed","Sterra ET (BEV, 625 км)","2024–наст.","2215","Электрический кроссовер, RWD, 313 л.с., батарея 77 кВт·ч, запас хода 625 км"
"Exeed","Sterra ET (BEV, 760 км)","2024–наст.","2340","Электрический кроссовер, RWD, 313 л.с., батарея 100 кВт·ч, запас хода 760 км"
"Exeed","Sterra ET (EREV, RWD)","2024–наст.","2140","Гибридный кроссовер, 1.5T + э/м, RWD, запас хода 200 км (CLTC)"
"Exeed","Sterra ET (EREV, AWD)","2025–наст.","2380","Гибридный кроссовер, 1.5T + 2 э/м, AWD, запас хода 200 км (CLTC)"
"FAW","Bestune B70 (III поколение, 1.5T)","2020–наст.","1485","Лифтбек, 1.5T (160 л.с.), 7-ст. DCT, масса версии Exclusive 1.5 DCT"
"FAW","Bestune B70 (III поколение, 2.0T Master)","2020–наст.","1615","Лифтбек, 2.0T (217 л.с.), 6-ст. АКПП Aisin, масса версии Master"
"FAW","Bestune B70 (II поколение, 2.0 AT)","2014–2020","1440","Седан, 2.0L (147 л.с.), 6-ст. АКПП, масса версии Comfort AT 2.0"
"FAW","Bestune T77","2018–наст.","1468–1515","Компактный кроссовер, 1.2T/1.5T, 6-ст. МКПП или 7-ст. DCT"
"FAW","Bestune T99","2019–наст.","1775","Флагманский среднеразмерный кроссовер, 2.0T (224 л.с.), 8-ст. АКПП"
"FAW","Hongqi H5","2018–наст.","1600","Среднеразмерный седан премиум-класса, 1.8T/2.0T, 6-ст. АКПП"
"FAW","Hongqi HS5","2019–наст.","1890","Среднеразмерный кроссовер класса люкс, 2.0T (224 л.с.), 8-ст. АКПП"
"FAW","Hongqi EH7 (AWD)","2024–наст.","2360","Электрический седан, двухмоторный полный привод, батарея 85 кВт·ч, запас хода 640 км (CLTC)"
"FAW","Hongqi HQ9","2023–наст.","2465","Роскошный минивэн, 2.0T (245 л.с.), 8-ст. АКПП, 7 мест"
"FAW","Hongqi LS7","2022–наст.","3100","Полноразмерный рамный внедорожник, 4.0T V8, 360 л.с."
"FAW","FAW V2","2010–наст.","985","Компактный хэтчбек, 1.3L (91 л.с.), 5-ст. РКПП или МКПП, на базе Toyota Yaris"
"FAW","FAW Oley","2012–2019","1115","Бюджетный седан, 1.5L, 5-ст. МКПП, на базе Toyota Corolla"
"FAW","FAW-Volkswagen Jetta (I поколение)","1991–2001","970","Седан, 1.6L (70 л.с.), 5-ст. МКПП, на платформе VW Golf II"
"FAW","FAW-Volkswagen Magotan (B6)","2007–2011","1450","Седан бизнес-класса, 1.8T/2.0T, 6-ст. АКПП, европейская версия VW Passat B6"
"FAW","FAW-Volkswagen Caddy","2005–наст.","1437–1500","Коммерческий фургон/универсал, 1.6L бензин/дизель, 5-ст. МКПП"
"FAW","FAW Jiefang CA1041","2011–наст.","1990–2250","Лёгкий грузовик, 3.2L дизель (103 л.с.), 5-ст. МКПП, задний привод"
"FAW","FAW Jiefang CA1121 (Tiger 6G)","2025–наст.","3795–4795","Среднетоннажный грузовик (полная масса 12 т), дизели Deutz 160/180 л.с., 6-ст. МКПП"
"FAW","FAW Jiefang J6P New (самосвал)","2019–наст.","12080","Тяжёлый самосвал (8×4), 11-литровый дизель (420/460 л.с.), 12-ст. МКПП"
"FAW","FAW FAC Linghe (шасси)","2010–наст.","1990–2700","Шасси для коммерческих автомобилей, дизельные двигатели, полная масса 4.5–8.2 т"
"Ferrari","Amalfi","2025–наст.","1470","Преемник Roma, купе GT, 3.9L V8 твин-турбо, 620 л.с. (3,241 lbs)"
"Ferrari","296 GTB","2022–наст.","1470","Сухая масса. Среднемоторное купе, 3.0L V6 твин-турбо + гибрид (830 л.с.). Снаряженная масса: ~1,602 кг (3,532 lbs)"
"Ferrari","296 GTS","2022–наст.","1540","Сухая масса. Открытая версия 296 GTB, тяжелее на 70 кг"
"Ferrari","296 Speciale","2025–наст.","1410","Сухая масса. Трековая версия 296, 867 л.с., облегченная за счет карбона (3,108 lbs)"
"Ferrari","SF90 Stradale","2020–наст.","1570","Сухая масса. PHEV, 4.0L V8 + 3 э/м (1,000 л.с.). Снаряженная масса: ~1,630 кг (3,593 lbs)"
"Ferrari","SF90 Spider","2021–наст.","1660","Сухая масса. Открытая версия SF90 Stradale, тяжелее на 90 кг (3,660 lbs)"
"Ferrari","SF90 XX Stradale","2023–наст.","1560","Сухая масса. Трековая версия SF90 с улучшенной аэродинамикой (3,439 lbs)"
"Ferrari","SF90 XX Spider","2023–наст.","1660","Сухая масса. Открытая версия SF90 XX (3,660 lbs)"
"Ferrari","Purosangue","2023–наст.","2033","Первый кроссовер Ferrari, 6.5L V12 атмосферный (725 л.с.). Полная масса: 2,200 кг (4,850 lbs)"
"Ferrari","Roma","2020–2025","1570","Переднемоторное купе GT, 3.9L V8 твин-турбо (620 л.с.). Снята с производства в 2025 г."
"Ferrari","Roma Spider","2023–2025","1650","Открытая версия Roma с мягким складным верхом. Масса оценочная"
"Ferrari","12Cilindri","2024–наст.","1560","Сухая масса. Переднемоторное купе, 6.5L V12 атмосферный (830 л.с.), преемник 812 Superfast"
"Ferrari","12Cilindri Spider","2025–наст.","1620","Сухая масса. Открытая версия 12Cilindri с жесткой складной крышей"
"Ferrari","Daytona SP3","2022–наст.","1485","Сухая масса. Лимитированная серия (599 экз.), 6.5L V12 (840 л.с.), дизайн в стиле 1960-х (3,274 lbs)"
"Ferrari","Monza SP1","2018–2022","1500","Одноместный спидстер без крыши и лобового стекла, 6.5L V12 (810 л.с.) (3,306 lbs)"
"Ferrari","Monza SP2","2018–2022","1520","Двухместная версия Monza SP1 (3,351 lbs)"
"Ferrari","812 Competizione","2021–2023","1487","Сухая масса. Лимитированная трековая версия 812 Superfast, 6.5L V12 (830 л.с.)"
"Ferrari","812 Competizione Aperta","2021–2023","1560","Открытая версия 812 Competizione, масса оценочная"
"Ferrari","812 Superfast","2017–2021","1630","Переднемоторное купе, 6.5L V12 атмосферный (800 л.с.). Снаряженная масса (3,594 lbs)"
"Ferrari","812 GTS","2019–2021","1700","Открытая версия 812 Superfast, масса оценочная"
"Ferrari","F8 Tributo","2019–2023","1435","Сухая масса. Среднемоторное купе, 3.9L V8 твин-турбо (720 л.с.) (3,164 lbs)"
"Ferrari","F8 Spider","2019–2023","1500","Открытая версия F8 Tributo, масса оценочная"
"Ferrari","Portofino M","2021–2023","1664","Переднемоторный кабриолет, 3.9L V8 твин-турбо (620 л.с.) (3,669 lbs)"
"Ferrari","GTC4Lusso","2016–2020","1790","Полноприводный 4-местный шутинг-брейк, 6.3L V12 (690 л.с.) (3,946 lbs)"
"Ferrari","GTC4Lusso T","2017–2020","1740","Заднеприводная версия, 3.9L V8 твин-турбо (610 л.с.) (3,836 lbs)"
"Ferrari","F12berlinetta","2012–2017","1525","Сухая масса. Предшественник 812 Superfast, 6.3L V12 (740 л.с.) (3,362 lbs)"
"Ferrari","F12tdf","2015–2017","1415","Сухая масса. Лимитированная трековая версия F12berlinetta, 6.3L V12 (780 л.с.) (3,120 lbs)"
"Ferrari","488 GTB","2015–2019","1475","Сухая масса. Среднемоторное купе, 3.9L V8 твин-турбо (670 л.с.) (3,252 lbs)"
"Ferrari","488 Spider","2015–2019","1545","Открытая версия 488 GTB, масса оценочная"
"Ferrari","488 Pista","2018–2020","1280","Сухая масса. Трековая версия 488, 3.9L V8 твин-турбо (720 л.с.), на 90 кг легче GTB (2,822 lbs)"
"Ferrari","458 Italia","2009–2015","1485","Среднемоторное купе, 4.5L V8 атмосферный (570 л.с.) (3,274 lbs)"
"Ferrari","458 Spider","2011–2015","1560","Открытая версия 458 Italia, масса оценочная"
"Ferrari","FF","2011–2016","1790","Полноприводный 4-местный шутинг-брейк, предшественник GTC4Lusso (3,946 lbs)"
"Ferrari","California T","2014–2017","1625","Переднемоторный кабриолет, 3.9L V8 твин-турбо (560 л.с.) (3,583 lbs)"
"Ferrari","California","2008–2014","1735","Переднемоторный кабриолет, 4.3L V8 атмосферный (460 л.с.) (3,825 lbs)"
"Ferrari","LaFerrari","2013–2016","1270","Первый гибридный гиперкар Ferrari, 6.3L V12 + электромотор KERS (963 л.с.). Сухая масса: 1,255 кг (2,767 lbs)"
"Ferrari","LaFerrari Aperta","2016–2017","1310","Сухая масса. Открытая версия LaFerrari"
"Ferrari","Enzo","2002–2004","1365","Гиперкар, 6.0L V12 атмосферный (660 л.с.), предшественник LaFerrari (3,009 lbs)"
"Ferrari","F50","1995–1997","1230","Сухая масса. Гиперкар, 4.7L V12 атмосферный (520 л.с.)"
"Ferrari","F40","1987–1992","1100","Сухая масса. Легендарный гиперкар, 2.9L V8 твин-турбо (478 л.с.)"
"Ferrari","288 GTO","1984–1987","1160","Сухая масса. Первый гиперкар Ferrari, 2.9L V8 твин-турбо (400 л.с.)"
"Ferrari","FXX-K","2014–2017","1165","Сухая масса. Трековый гиперкар на базе LaFerrari, гибридная установка (1,050 л.с.)"
"Ferrari","FXX-K Evo","2017–2019","1200","Обновленная версия FXX-K с улучшенной аэродинамикой, масса оценочная"
"Ferrari","250 GTO","1962–1964","880","Сухая масса. Один из самых ценных автомобилей в мире, 3.0L V12 (300 л.с.)"
"Ferrari","250 Testa Rossa","1957–1961","800","Сухая масса. Гоночный автомобиль, 3.0L V12 (300 л.с.)"
"Ferrari","365 GTB/4 Daytona","1968–1973","1200","Сухая масса. Переднемоторное купе, 4.4L V12 (352 л.с.)"
"Ferrari","Dino 246 GT","1969–1974","1080","Среднемоторное купе, 2.4L V6 (195 л.с.)"
"Ferrari","Testarossa","1984–1996","1506","Среднемоторное купе, 5.0L оппозитный 12-цилиндровый (390 л.с.) (3,320 lbs)"
"Ferrari","512 TR","1991–1994","1475","Обновленная версия Testarossa, 5.0L оппозитный 12-цилиндровый (428 л.с.) (3,252 lbs)"
"Ferrari","F355 Berlinetta","1994–1999","1350","Среднемоторное купе, 3.5L V8 (380 л.с.) (2,976 lbs)"
"Ferrari","360 Modena","1999–2005","1290","Сухая масса. Среднемоторное купе, 3.6L V8 (400 л.с.)"
"Ferrari","430 Scuderia","2007–2010","1250","Сухая масса. Трековая версия F430, 4.3L V8 (510 л.с.)"
"Ferrari","599 GTB Fiorano","2006–2012","1690","Переднемоторное купе, 6.0L V12 (620 л.с.) (3,726 lbs)"
"Ferrari","599 GTO","2010–2011","1495","Сухая масса. Лимитированная трековая версия 599, 6.0L V12 (670 л.с.)"
"Ferrari","575M Maranello","2002–2006","1730","Переднемоторное купе, 5.75L V12 (515 л.с.) (3,814 lbs)"
"Ferrari","550 Maranello","1996–2001","1690","Переднемоторное купе, 5.5L V12 (485 л.с.) (3,726 lbs)"
"Ferrari","456 GT","1992–2003","1770","Переднемоторное 4-местное купе, 5.5L V12 (442 л.с.) (3,902 lbs)"
"Fiat","500 (2-е поколение, 1.2, ранние версии)","2007–2013","865","Городской хэтчбек, 1.2 л (69 л.с.), 5-ст. МКПП"
"Fiat","500 (2-е поколение, 1.2, современный)","2015–2025","1015","Городской хэтчбек, 1.2 л (69 л.с.), снаряжённая масса по данным jcwiki.ru"
"Fiat","500 Hybrid (2026)","2026–наст.","1050","Обновлённая версия с мягким гибридом, точная масса ожидает уточнения"
"Fiat","500L (1.4, FWD)","2012–2021","1476","Удлинённая 5-местная версия, 1.4 л (160 л.с.). Масса: 3,254 lbs"
"Fiat","500X (FWD, 2019)","2014–наст.","1346","Компактный кроссовер, передний привод. Масса: 2,967–3,124 lbs"
"Fiat","500X (AWD, 2019)","2014–наст.","1499","Компактный кроссовер, полный привод. Масса: 3,305 lbs"
"Fiat","500e (электрический, ранние версии)","2020–2022","1255","Электрический хэтчбек, батарея 24 кВт·ч, запас хода 180 км"
"Fiat","500e (электрический, 42 кВт·ч)","2023–наст.","1365","Электрический хэтчбек, батарея 42 кВт·ч, запас хода 320 км"
"Fiat","Panda (ранние версии, 1.0)","1980–1986","674","Компактный хэтчбек, 1.0 л, 5-ст. МКПП. Масса по данным motorcar.com.ua"
"Fiat","Panda (Cross 1.3 Multijet 4x4)","2007–2012","1165","Компактный кроссовер, 1.3 л дизель (70 л.с.), полный привод"
"Fiat","Tipo (современный, 1.0 City Sport)","2020–наст.","1315","Современный седан/хэтчбек, 1.0 л (100 л.с.), 5-ст. МКПП"
"Fiat","Tipo (классический, Type 160)","1987–1995","1020–1230","Классический хэтчбек, диапазон массы в зависимости от версии"
"Fiat","600e (электрический)","2023–наст.","1190","Компактный электрический кроссовер, батарея 54 кВт·ч, запас хода 400 км"
"Fiat","Ducato (фургон, L2H2)","2006–наст.","1925","Коммерческий фургон, дизель 2.3 л (130 л.с.)"
"Fiat","Ducato (LWB, 2023)","2021–наст.","2110","Удлинённый фургон, масса по данным carsguide.com.au"
"Fiat","124 Spider (классический)","1966–1985","925","Классический кабриолет, 1.4 л (90 л.с.)"
"Fiat","124 Sport Coupe","1967–1975","995","Купе на базе 124, масса по данным carsguide.com.au"
"Fiat","125 (седан)","1967–1972","1030","Большой семейный седан, 1.6 л (90 л.с.)"
"Fiat","126 (ранние версии, 0.6)","1972–1977","580","Микролитражный хэтчбек, 0.6 л (23 л.с.), задний привод"
"Fiat","126 (поздние версии, 0.7)","1987–2000","645","Микролитражный хэтчбек, 0.7 л (26 л.с.)"
"Fiat","127 (0.9)","1971–1981","705","Популярный супермини, 0.9 л (45 л.с.)"
"Fiat","127 (поздние версии)","1981–1987","710–775","Популярный супермини, диапазон массы в зависимости от версии"
"Fiat","128 (седан, базовый)","1969–1985","750","Первый переднеприводный Fiat, 1.1 л (55 л.с.)"
"Fiat","128 (универсал, 1970)","1969–1985","785","Универсал, масса по данным carsguide.com.au"
"Fiat","128 Coupe","1971–1980","810","Купе на базе 128, 1.1 л (65 л.с.)"
"Fiat","130 (седан)","1969–1978","1550","Представительский седан, 2.9 л (140 л.с.)"
"Fiat","130 Coupe","1971–1978","1600","Представительское купе, 3.2 л (165 л.с.)"
"Fiat","131 (Mirafiori, 2.0 Abarth Rally)","1976–1980","980","Омологационная версия для ралли, 2.0 л (140 л.с.)"
"Fiat","131 (седан, 2.0)","1981–1984","995","Седан среднего размера, 2.0 л (113 л.с.)"
"Fiat","131 (диапазон)","1974–1984","950–1145","Седан среднего размера, диапазон массы по всем версиям"
"Fiat","Croma (1-е поколение)","1985–1996","1095","Лифтбек бизнес-класса, 1.6 л (83 л.с.)"
"Fiat","Croma (2-е поколение)","2005–2011","1535","Универсал бизнес-класса, 2.2 л (147 л.с.)"
"Fiat","Punto (1-е поколение, 1.1)","1993–1999","840","Хэтчбек, 1.1 л (54 л.с.)"
"Fiat","Punto (3-е поколение, 2012)","2012–2018","1145","Хэтчбек, масса по данным jcwiki.ru"
"Fiat","Bravo (1-е поколение)","1995–2001","1045–1192","Хэтчбек гольф-класса, диапазон массы"
"Fiat","Bravo (2-е поколение, 1.6)","2007–2016","1205","Хэтчбек гольф-класса, 1.6 л (105 л.с.)"
"Fiat","Multipla (1.9 JTD)","1998–2010","1300–1565","Минивэн, 1.9 л дизель (115 л.с.)"
"Fiat","Stilo (1.2 16V, 5 дв.)","2001–2010","1145","Хэтчбек, 1.2 л (80 л.с.)"
"Fiat","Stilo (2.4 20V Abarth)","2004–2008","1265","Заряженная версия, 2.4 л (170 л.с.), масса по данным Top Gear"
"Fiat","Freemont (2.0D, FWD)","2011–2016","1778","Кроссовер, 2.0 л дизель (170 л.с.)"
"Firefly","Firefly (базовая версия, 42.1 кВт·ч)","2025–наст.","1490","Компактный хэтчбек, 143 л.с., задний привод, запас хода 420 км (CLTC), сменная батарея"
"Firefly","Firefly (увеличенная батарея, 50 кВт·ч)","2025–наст.","1540","Запас хода до 520 км (CLTC), масса увеличена из-за батареи"
"Firefly","Firefly (концепт)","2024","","Предсерийный концепт, официальные данные о массе не раскрыты"
"Fisker","Karma (гибридный седан)","2011–2012","2400","Подключаемый гибрид, 2.0T + 2 э/м, 403 л.с. (5,300 lbs)"
"Fisker","Surf (концепт, 2011)","2011 (концепт)","2400","Универсал на базе Karma, масса оценочная"
"Fisker","Atlantic (концепт, 2012)","2012 (концепт)","","Более компактный седан, данных о массе нет"
"Fisker","Ocean (Sport, FWD)","2023–2024","2155","Электрический кроссовер, базовая версия, батарея LFP, 4,750 lbs"
"Fisker","Ocean (Ultra, AWD)","2023–2024","2245","Полноприводная версия, 540 л.с., батарея NMC, 4,949 lbs"
"Fisker","Ocean (Extreme, AWD)","2023–2024","2315","Топ-версия, 564 л.с., разгон 0-100 км/ч за 3.7 с, 5,103 lbs"
"Fisker","Ocean Force E","2023–2024","2315","Внедорожная версия на базе Extreme, 5,103 lbs"
"Fisker","PEAR (планировался)","2025 (план)","1600","Компактный электрический хэтчбек, масса оценочная, проект отменён"
"Fisker","Ronin (концепт)","2024 (концепт)","","Электрический кабриолет-гиперкар, проект свёрнут"
"Ford","F-150 (2.7 EcoBoost, SuperCrew 4x4)","2021–наст.","2150","Полноразмерный пикап, V6 2.7T (325 л.с.), 10-ст. АКПП, полный привод, масса: ~4,740 lbs"
"Ford","F-150 (5.0 V8, SuperCab 4x4)","2021–наст.","2313","Полноразмерный пикап, 5.0 V8 (400 л.с.), полный привод, масса: ~5,100 lbs"
"Ford","F-150 Lightning (базовая)","2022–наст.","2809","Электрический пикап, батарея 98 кВт·ч, запас хода 370 км, масса: 6,193 lbs"
"Ford","F-150 Raptor (3.5 EcoBoost)","2021–наст.","2631","Внедорожный пикап, 3.5T V6 (450 л.с.), подвеска FOX, масса: 5,801 lbs"
"Ford","Super Duty (F-250, 6.7 Power Stroke)","2023–наст.","3300","Тяжёлый пикап, дизель 6.7 V8 (475 л.с.), буксировка до 20,000 lbs"
"Ford","Ranger (2.3 EcoBoost, SuperCrew 4x4)","2019–наст.","1989","Среднеразмерный пикап, 2.3T (270 л.с.), полный привод, масса: 4,385 lbs"
"Ford","Ranger Raptor (3.0 EcoBoost V6)","2024–наст.","2100","Внедорожный пикап, 3.0T V6 (405 л.с.), подвеска FOX"
"Ford","Maverick (2.5 Hybrid, FWD)","2022–наст.","1631","Компактный пикап, гибрид 2.5 л (191 л.с.), передний привод, масса: 3,597 lbs"
"Ford","Maverick (2.0 EcoBoost, AWD)","2022–наст.","1698","Компактный пикап, 2.0T (250 л.с.), полный привод, масса: 3,744 lbs"
"Ford","Bronco (2.3 EcoBoost, 2-дверный, базовая)","2021–наст.","1950","Рамный внедорожник, 2.3T (275 л.с.), базовая версия, масса: ~4,299 lbs"
"Ford","Bronco (2.7 EcoBoost, 4-дверный, Wildtrak)","2021–наст.","2268","Рамный внедорожник, 2.7T V6 (330 л.с.), пакет Sasquatch, масса: ~5,000 lbs"
"Ford","Bronco Sport","2021–наст.","1566","Компактный кроссовер на платформе Escape, 2.0T (250 л.с.), масса: 3,453–3,660 lbs"
"Ford","Expedition (3.5 EcoBoost, 4x4)","2018–наст.","2540","Полноразмерный внедорожник, 3.5T V6 (400 л.с.), 3 ряда сидений, масса: 5,600–5,774 lbs"
"Ford","Explorer (2.3 EcoBoost, RWD)","2020–наст.","1956","Среднеразмерный кроссовер, задний привод, базовая версия, масса: 4,313 lbs"
"Ford","Escape (1.5 EcoBoost, FWD)","2020–наст.","1500","Компактный кроссовер, 1.5T (181 л.с.), передний привод, масса: 3,307 lbs"
"Ford","Edge (2.0 EcoBoost, FWD, 2015)","2015–2024","1792","Среднеразмерный кроссовер, 2.0T (245 л.с.), масса: 3,950–4,090 lbs"
"Ford","Puma (1.0 EcoBoost MHEV)","2019–наст.","1198","Компактный кроссовер для Европы, 1.0T MHEV (155 л.с.)"
"Ford","Kuga (2.5 FHEV, FWD)","2019–наст.","1670","Кроссовер для Европы, гибрид 2.5 л (190 л.с.)"
"Ford","Mustang Mach-E (Select, RWD)","2021–наст.","1962","Электрический кроссовер, 266 л.с., батарея 72 кВт·ч, запас хода 370 км, масса: 4,326 lbs"
"Ford","Mustang Mach-E (GT, AWD)","2021–наст.","2267","Электрический кроссовер, 480 л.с., AWD, разгон 0-100 км/ч за 3.8 с, масса: 5,000 lbs"
"Ford","Explorer EV (RWD)","2024–наст.","2000","Электрический кроссовер на платформе MEB (Volkswagen), для Европы"
"Ford","Mustang (2.3 EcoBoost, Fastback)","2024–наст.","1686","Маслкар, 2.3T (315 л.с.), 10-ст. АКПП, масса: 3,718 lbs"
"Ford","Mustang GT (5.0 V8, Fastback)","2024–наст.","1775","Маслкар, 5.0 V8 (486 л.с.), 10-ст. АКПП, масса: 3,914 lbs"
"Ford","Mustang Dark Horse (5.0 V8)","2024–наст.","1800","Трековая версия, 5.0 V8 (500 л.с.), масса: 3,968 lbs"
"Ford","Mustang GT3","2024–наст.","1285","Гоночный автомобиль для IMSA/WEC, 5.4 V8"
"Ford","Mustang (1-е поколение, 289 V8)","1964–1973","1120","Легендарный маслкар, 4.7 V8 (271 л.с.)"
"Ford","GT40","1964–1969","908","Гоночный автомобиль, созданный для победы в Ле-Мане, масса: 816–908 кг"
"Ford","Transit 350 (LWB, HR)","2014–наст.","2400","Полноразмерный фургон, дизель 2.0 EcoBlue, задний привод"
"Ford","Transit Custom (L1H1)","2012–наст.","2000","Компактный фургон, дизель 2.0 EcoBlue"
"Ford","E-Transit (батарея 68 кВт·ч)","2022–наст.","2800","Электрический фургон, запас хода 317 км"
"Ford","Model T","1908–1927","750","Легендарный автомобиль, масса варьируется от 540 до 750 кг"
"Ford","Focus (1.0 EcoBoost)","1998–2025","1220","Бестселлер C-сегмента, 1.0T (125 л.с.)"
"Ford","Fiesta (1.0 EcoBoost)","1976–2023","1123","Популярный супермини, 1.0T (100 л.с.)"
"Ford","Fusion (2.5 FWD)","2006–2020","1472","Среднеразмерный седан, 2.5 л (175 л.с.), масса базовой версии 2014 г."
"Ford","Taurus (3.5 EcoBoost, SHO)","1986–2019","1840","Полноразмерный седан, 3.5T V6 (365 л.с.), AWD"
"Ford","Crown Victoria (4.6 V8)","1992–2011","1840","Легендарный рамный седан, 4.6 V8 (224–250 л.с.)"
"Forthing","T5 (базовая версия, 1.6L MT)","2018–наст.","1395","Компактный кроссовер, 1.6 л (122 л.с.), 5-ст. МКПП. Масса: 1,395 кг."
"Forthing","T5 (диапазон массы)","2018–наст.","1520–1585","Компактный кроссовер, диапазон снаряжённой массы по всем версиям."
"Forthing","T5 Evo (базовая версия)","2021–наст.","1500","Спортивный кроссовер, базовая версия. Масса: 1,500 кг."
"Forthing","T5 Evo (топ-версия)","2021–наст.","1775","Спортивный кроссовер, масса по данным BitAuto."
"Forthing","SX6 (базовая версия, 1.6L)","2016–наст.","1425","7-местный кроссовер, 1.6 л (122 л.с.). Масса: 1,425 кг."
"Forthing","SX6 (диапазон массы)","2016–наст.","1490–1590","7-местный кроссовер, диапазон снаряжённой массы по всем версиям."
"Forthing","Yacht (1.5T, 7 мест)","2022–наст.","1715","Среднеразмерный минивэн, 1.5T (197 л.с.), 7-ст. DCT. Масса: 1,715 кг."
"Forthing","Lingzhi (бензиновая версия)","2001–наст.","1530","Коммерческий минивэн, базовая бензиновая версия. Масса: 1,530 кг."
"Forthing","Lingzhi M5 EV (электрическая)","2022–наст.","1855","Электрический минивэн, батарея 19 кВт·ч, запас хода 90 км. Масса: 1,855 кг."
"Forthing","M5 EV (электрический минивэн)","2022–наст.","2020","Электрический минивэн, батарея 68.4 кВт·ч, запас хода 401 км (NEDC). Масса: 2,020 кг."
"Forthing","Xinghai S7 (электрический)","2024–наст.","1730","Электрический лифтбек, Cx 0.191, запас хода около 500 км. Масса: 1,730 кг."
"Forthing","Friday EV (электрический)","2025–наст.","1900","Компактный электрический кроссовер. Масса около 1,900 кг."
"Forthing","V9 (минивэн)","2026–наст.","2205","Новый минивэн, акцент на комфорт. Масса: 2,205 кг."
"Forthing","S60 EV (электрический седан)","2023–наст.","1658","Электрический седан. Масса: 1,658 кг."
"Foton","Tunland E3 (2.8T Cummins, 4x4)","2019–наст.","2000","Среднеразмерный пикап, дизель 2.8 л (163 л.с.), 6-ст. МКПП, полный привод. Масса: ~2,000 кг."
"Foton","Tunland E5 (2.0T бензин, 4x2)","2021–наст.","1910","Пикап, 2.0 л бензин (238 л.с.), 8-ст. АКПП, задний привод. Масса: 1,910 кг."
"Foton","Tunland G7 (2.0T дизель, 4x4)","2021–наст.","2055","Пикап, 2.0 л дизель (163 л.с.), 6-ст. МКПП, полный привод. Масса: 2,055 кг."
"Foton","Tunland G9 (2.0T дизель, 4x4)","2023–наст.","2130","Флагманский пикап, 2.0 л дизель (163 л.с.), 8-ст. АКПП, полный привод. Масса: 2,130 кг."
"Foton","General F9","2023–наст.","1850–2020","Пикап, 2.0 л бензин (238 л.с.) / дизель (163 л.с.). Масса варьируется от 1,850 до 2,020 кг."
"Foton","General F7","2023–наст.","1800–1950","Младшая версия пикапа General. Масса варьируется от 1,800 до 1,950 кг."
"Foton","Mars 7 / Mars 9 (2.0T дизель)","2023–наст.","2200–2400","Полноразмерный пикап, 2.0 л дизель (224 л.с.), 8-ст. АКПП. Масса: 2,200–2,400 кг."
"Foton","Tunland EV (электрический)","2023–наст.","2300","Электрический пикап, батарея CATL, запас хода ~400 км. Масса: 2,300 кг."
"Foton","Sauvana (2.0T бензин, 4x4)","2016–наст.","2100","Рамный внедорожник, 2.0 л бензин (218 л.с.), 6-ст. АКПП, полный привод. Масса: до 2,100 кг."
"Foton","View CS2 (дизель 2.5)","2010–наст.","2100","Коммерческий микроавтобус, 2.5 л дизель, масса: до 2,100 кг."
"Foton","View EV (электрический)","2020–наст.","2250","Электрический микроавтобус, батарея 50–60 кВт·ч, запас хода до 300 км."
"Foton","Midi (1.5 бензин)","2015–наст.","1550","Компактный минивэн на базе Toyota HiAce. Масса: 1,450–1,550 кг."
"Foton","Xiangling V (1.5 бензин)","2018–наст.","1400","Компактный грузопассажирский фургон. Масса: 1,300–1,400 кг."
"Foton","Auman (седельный тягач, 6×4)","2006–наст.","9500","Тяжёлый грузовик, дизель Cummins 11–13 л (400–560 л.с.). Масса: 8,500–9,500 кг."
"Foton","Aumark S (шасси 4×2)","2010–наст.","4000","Среднетоннажный грузовик полной массой от 6 до 12 тонн. Масса: 2,800–4,000 кг."
"Foton","Ollin (лёгкий грузовик)","2005–наст.","2500","Лёгкий коммерческий грузовик. Дизели 2.0–2.8 л. Масса: 2,000–2,500 кг."
"Foton","e-Aumark (электрический)","2018–наст.","4500","Электрический среднетоннажный грузовик, запас хода 200–300 км. Масса: 3,500–4,500 кг."
"GAC","Empow (1.5T DCT)","2021–наст.","1400","Спортивный седан, 1.5T (170 л.с.), 7-ст. робот. Масса: 1,400 кг."
"GAC","Empow (2.0T AT)","2023–наст.","1500","Седан, 2.0T (261 л.с.), АКПП. Масса: 1,500 кг."
"GAC","Empow (РФ, 2025)","2025–наст.","1475","Версия для РФ, разгон до 100 км/ч за 6.95 с. Масса: 1,475 кг."
"GAC","GA4","2018–2022","1265–1330","Компактный седан. Масса варьируется от 1,265 до 1,330 кг."
"GAC","GS8 (2.0T, передний привод)","2016–наст.","1880–2030","Среднеразмерный кроссовер. Масса: 1,880–2,030 кг."
"GAC","GS8 (2.0T, полный привод)","2021–наст.","2105","Полноприводная версия, 2.0T (231 л.с.), 8-ст. АКПП Aisin. Масса: 2,105 кг."
"GAC","GS8 (PHEV)","2023–наст.","2620","Гибридная версия, 2.0T + э/м, запас хода на электротяге 248 км. Масса: 2,620 кг."
"GAC","Trumpchi S7","2024–наст.","2030","Большой гибридный кроссовер, 4900×1950×1780 мм, база 2880 мм. Масса: 2,030 кг."
"GAC","S9","2025–наст.","2200","Новый флагманский кроссовер, анонсирован для РФ. Масса оценочная: ~2,200 кг."
"GAC","M8 (2.0T, бензин, РФ)","2017–наст.","2150","Премиальный минивэн. Масса: 2,150 кг (версия для РФ)."
"GAC","M8 (2.0T, бензин, Китай)","2017–наст.","2245","Премиальный минивэн. Масса: 2,245 кг (версия для Китая)."
"GAC","M8 (PHEV)","2023–наст.","2620","Гибридный минивэн, 2.0T + э/м, запас хода на электротяге 248 км. Масса: 2,620 кг."
"GAC","M6","2018–наст.","1600–1661","Компактный минивэн, 1.5T (169 л.с.). Масса: 1,600–1,661 кг."
"GAC","E8 (PHEV)","2023–наст.","2175","Гибридный минивэн, запас хода на электротяге 150 км. Масса: 2,175 кг."
"GAC","Aion S (базовая версия)","2019–наст.","1575–1770","Электрический седан. Масса варьируется от 1,575 до 1,770 кг."
"GAC","Aion S (510 км)","2023–наст.","1610","Электрический седан, запас хода 510 км. Масса: 1,610 кг."
"GAC","Aion S Max","2024–наст.","1730","Удлинённый электрический седан. Масса: 1,730 кг."
"GAC","Aion S Plus","2021–наст.","1585–1695","Обновлённый электрический седан. Масса: 1,585–1,695 кг."
"GAC","Aion Y (базовая версия)","2021–наст.","1635–1765","Компактный электрический кроссовер. Масса варьируется от 1,635 до 1,765 кг."
"GAC","Aion Y (63.2 кВт·ч)","2021–наст.","1727–1738","Электрический кроссовер с батареей 63.2 кВт·ч. Масса: 1,727–1,738 кг."
"GAC","Aion V (базовая версия)","2020–наст.","1840","Среднеразмерный электрический кроссовер. Масса: 1,840 кг."
"GAC","Aion V (2026, РФ)","2026–наст.","1915","Версия для РФ, комплектации EX и EX Premium. Масса: 1,915 кг."
"GAC","Aion Hyper SSR","2023–наст.","1990","Электрический суперкар, 1,225 л.с., разгон 0-100 км/ч за 1.9 с. Масса: 1,990 кг."
"GAC","Aion Hyper GT7","2025–наст.","2295","Электрический кроссовер премиум-класса. Масса: 2,295 кг."
"Geely","Atlas Pro (1.5T, 150 л.с., FWD)","2021–наст.","1610","Компактный кроссовер, 1.5T (150 л.с.), 6-ст. АКПП, передний привод. Масса: 1,610 кг."
"Geely","Atlas Pro (1.5T, 177 л.с., AWD)","2021–наст.","1705","Компактный кроссовер, 1.5T (177 л.с.), 7-ст. DCT, полный привод. Масса: 1,705 кг."
"Geely","Monjaro (2.0T, 4WD)","2022–наст.","1770–1855","Премиальный кроссовер, 2.0T (238 л.с.), 8-ст. АКПП, полный привод. Масса: 1,770 кг (базовая) – 1,855 кг (топ-версия)."
"Geely","Monjaro (2.0T, 4WD, топ-версия)","2022–наст.","1855","Премиальный кроссовер, максимальная снаряжённая масса."
"Geely","Coolray (1.5T, FWD)","2021–наст.","1350–1465","Субкомпактный кроссовер, 1.5T (150–180 л.с.), 7-ст. DCT, передний привод. Масса: 1,350 кг (базовая) – 1,465 кг (топ-версия)."
"Geely","Coolray (1.5T, FWD, Flagship Plus)","2021–наст.","1432","Топ-версия Coolray, снаряжённая масса: 1,432 кг."
"Geely","Preface (2.0T, FWD)","2022–наст.","1542–1610","Бизнес-седан D-класса, 2.0T (190 л.с.), 7-ст. DCT. Масса: 1,542 кг (ранние версии) – 1,610 кг (современные)."
"Geely","Preface (2.0T, FWD, 2025)","2025–наст.","1610","Современная версия Preface, снаряжённая масса: 1,610 кг."
"Geely","Emgrand (1.5L, FWD)","2015–наст.","1234–1265","Доступный седан, 1.5 л (103–122 л.с.), 5-ст. МКПП или вариатор. Масса: 1,234 кг (базовая) – 1,265 кг (современные версии)."
"Geely","Emgrand (1.5L, CVT, 2025)","2025–наст.","1265","Седан с вариатором, снаряжённая масса: 1,265 кг."
"Geely","Emgrand (1.5L, MT, базовая)","2015–наст.","1234","Седан с механической коробкой передач, снаряжённая масса: 1,234 кг."
"Geely","Tugella (2.0T, AWD)","2020–наст.","1790–1815","Купеобразный кроссовер, 2.0T (200–238 л.с.), 8-ст. АКПП, полный привод. Масса: 1,790 кг (по некоторым данным) – 1,815 кг (официальные данные)."
"Geely","Tugella (2.0T, AWD, официальные данные)","2020–наст.","1815","Официальная снаряжённая масса Tugella по данным дилеров."
"Geely","Tugella PHEV (1.5T, FWD)","2021–наст.","1810","Подключаемый гибрид, 1.5T (177 л.с.) + электромотор, запас хода на электротяге до 80 км. Масса: 1,810 кг."
"Geely","Starray (2.0T, FWD)","2025–наст.","1645","Новый среднеразмерный кроссовер, 2.0T (218 л.с.), 7-ст. DCT. Масса: 1,645 кг."
"Geely","Preface L (1.5T DHT)","2024–наст.","1625","Гибридный седан, 1.5T + электромотор, электромеханический вариатор. Масса: 1,625 кг."
"Genesis","G70 (2.0T, RWD)","2017–наст.","1725","Спортивный седан, 2.0T (252 л.с.), задний привод. Масса: 1,650–1,725 кг."
"Genesis","G70 (3.3T, AWD)","2017–наст.","1870","Седан, 3.3T V6 (370 л.с.), полный привод. Масса: 1,820–1,870 кг."
"Genesis","G70 Shooting Brake","2021–наст.","1845","Универсал на базе G70. Масса: 1,710–1,845 кг."
"Genesis","G80 (2.5T, RWD)","2020–наст.","1890","Бизнес-седан, 2.5T (300 л.с.), задний привод. Масса: 1,840–1,890 кг."
"Genesis","G80 (3.5T, AWD)","2020–наст.","2055","Седан, 3.5T V6 (375 л.с.), полный привод. Масса: 2,020–2,055 кг."
"Genesis","G80 Electrified","2021–наст.","2325","Электрический седан, 2 э/м (370 л.с.), батарея 87.2 кВт·ч. Масса: 2,265–2,325 кг."
"Genesis","G90 (3.5T, AWD)","2022–наст.","2265","Флагманский седан, 3.5T V6 (375 л.с.), полный привод. Масса: 2,185–2,265 кг."
"Genesis","G90 Long Wheelbase","2022–наст.","2395","Удлинённая версия G90. Масса: 2,305–2,395 кг."
"Genesis","GV60 (Standard, RWD)","2022–наст.","2025","Электрический кроссовер, 1 э/м (225 л.с.), батарея 77.4 кВт·ч. Масса: 2,025 кг."
"Genesis","GV60 (Performance, AWD)","2022–наст.","2180","Электрический кроссовер, 2 э/м (490 л.с.). Масса: 2,180 кг."
"Genesis","GV70 (2.5T, RWD)","2021–наст.","1930","Кроссовер, 2.5T (300 л.с.), задний привод. Масса: 1,890–1,930 кг."
"Genesis","GV70 (3.5T, AWD)","2021–наст.","2090","Кроссовер, 3.5T V6 (375 л.с.), полный привод. Масса: 2,045–2,090 кг."
"Genesis","GV70 Electrified","2022–наст.","2315","Электрический кроссовер, 2 э/м (490 л.с.), батарея 77.4 кВт·ч. Масса: 2,275–2,315 кг."
"Genesis","GV80 (2.5T, RWD)","2020–наст.","2095","Большой кроссовер, 2.5T (300 л.с.), задний привод. Масса: 2,040–2,095 кг."
"Genesis","GV80 (3.5T, AWD)","2020–наст.","2275","Кроссовер, 3.5T V6 (375 л.с.), полный привод. Масса: 2,230–2,275 кг."
"Genesis","GV80 Coupe","2024–наст.","2260","Купеобразный кроссовер. Масса: 2,200–2,260 кг."
"Genesis","GV90 (ожидается)","2025 (план)","2500","Флагманский электрический кроссовер на E-GMP. Масса оценочная: ~2,500 кг."
"GMC","Sierra 1500 (2.7 Turbo Crew Cab 4WD)","2019–наст.","2130","Пикап, 2.7T (310 л.с.), 8-ст. АКПП, полный привод. Масса: 2,130–2,230 кг"
"GMC","Sierra 1500 (5.3 V8 Crew Cab 4WD)","2019–наст.","2340","Пикап, 5.3 V8 (355 л.с.), полный привод. Масса: 2,250–2,340 кг"
"GMC","Sierra 1500 (6.2 V8 Crew Cab 4WD)","2019–наст.","2420","Пикап, 6.2 V8 (420 л.с.), полный привод. Масса: 2,320–2,420 кг"
"GMC","Sierra 1500 AT4X (6.2 V8)","2022–наст.","2490","Внедорожный пикап, подвеска Multimatic DSSV, блокировки, 33-дюймовые шины"
"GMC","Sierra HD (2500HD 6.6 Duramax Crew Cab 4WD)","2020–наст.","3400","Тяжёлый пикап, дизель 6.6 V8 (470 л.с.). Масса: 3,220–3,400 кг"
"GMC","Sierra HD (3500HD 6.6 Duramax Dually)","2020–наст.","3800","Тяжёлый пикап с двойными задними колёсами. Масса: 3,600–3,800 кг"
"GMC","Canyon (2.7 Turbo Elevation 4WD)","2023–наст.","2100","Среднеразмерный пикап, 2.7T (310 л.с.), 8-ст. АКПП. Масса: 2,020–2,100 кг"
"GMC","Canyon AT4X","2023–наст.","2200","Внедорожная версия, подвеска Multimatic DSSV"
"GMC","Canyon Denali","2023–наст.","2150","Премиум-версия, кожаный салон, полный набор опций"
"GMC","Yukon (5.3 V8 2WD)","2021–наст.","2550","Полноразмерный внедорожник, 5.3 V8 (355 л.с.). Масса: 2,450–2,550 кг"
"GMC","Yukon (6.2 V8 4WD)","2021–наст.","2720","Внедорожник, 6.2 V8 (420 л.с.), полный привод. Масса: 2,600–2,720 кг"
"GMC","Yukon Denali (6.2 V8 4WD)","2021–наст.","2840","Топ-версия, максимальное оснащение. Масса: 2,750–2,840 кг"
"GMC","Yukon XL (5.3 V8 4WD)","2021–наст.","2700","Удлинённая версия, 5.3 V8 (355 л.с.). Масса: 2,600–2,700 кг"
"GMC","Yukon XL Denali (6.2 V8 4WD)","2021–наст.","2940","Удлинённая топ-версия, 6.2 V8 (420 л.с.). Масса: 2,850–2,940 кг"
"GMC","Terrain (1.5 Turbo FWD)","2018–наст.","1590","Компактный кроссовер, 1.5T (170 л.с.). Масса: 1,520–1,590 кг"
"GMC","Terrain (2.0 Turbo AWD)","2018–наст.","1750","Кроссовер, 2.0T (252 л.с.), полный привод. Масса: 1,680–1,750 кг"
"GMC","Acadia (2.0 Turbo FWD)","2024–наст.","2030","Среднеразмерный кроссовер нового поколения. Масса: 1,930–2,030 кг"
"GMC","Acadia (2.5 Turbo AWD Denali)","2024–наст.","2200","Топ-версия, 2.5T (328 л.с.), полный привод. Масса: 2,120–2,200 кг"
"GMC","Hummer EV Pickup (Edition 1 3 мотора)","2022–наст.","4103","Электрический пикап, 1,014 л.с., батарея 205 кВт·ч, запас хода 529 км"
"GMC","Hummer EV SUV (3X 3 мотора)","2023–наст.","3900","Электрический внедорожник, 1,014 л.с., батарея 205 кВт·ч"
"GMC","Sierra EV Denali Edition 1","2024–наст.","3800","Электрический пикап, 754 л.с., батарея 200 кВт·ч, запас хода 708 км"
"GMC","Syclone","1991","1565","Спортивный пикап, 4.3 V6 Turbo (280 л.с.), разгон 0-100 за 4.6 с"
"GMC","Typhoon","1992–1993","1750","Спортивный внедорожник на базе Jimmy, 4.3 V6 Turbo (280 л.с.)"
"GMC","Jimmy (двухдверный 4.3 V6)","1983–2005","1650","Классический рамный внедорожник, предшественник Yukon"
"GMC","Envoy (4.2 I6 2WD)","2002–2009","2020","Среднеразмерный внедорожник на платформе GMT360"
"GMC","Envoy XL (5.3 V8 4WD)","2002–2009","2300","Удлинённая версия Envoy с тремя рядами сидений"
"GMC","Safari (4.3 V6 AWD)","1985–2005","1950","Популярный минивэн и коммерческий фургон"
"GMC","Savana 2500 (6.0 V8)","1996–наст.","2450","Полноразмерный фургон для коммерческих перевозок и автодомов"
"Great Wall","Haval H6 (1.5T, FWD)","2020–наст.","1520","Компактный кроссовер, 1.5T (150 л.с.), 7-ст. DCT. Масса: 1,520–1,725 кг."
"Great Wall","Haval H6 (2.0T, AWD)","2020–наст.","1725","Компактный кроссовер, 2.0T (197 л.с.), 7-ст. DCT, полный привод."
"Great Wall","Haval Jolion (1.5T, FWD)","2021–наст.","1345","Компактный кроссовер, 1.5T (150 л.с.), 7-ст. DCT. Масса: 1,345–1,625 кг."
"Great Wall","Haval Dargo (1.5T, FWD)","2021–наст.","1560","Среднеразмерный кроссовер, 1.5T (169 л.с.), 7-ст. DCT."
"Great Wall","Haval Dargo (2.0T, AWD)","2021–наст.","1740","Среднеразмерный кроссовер, 2.0T (211 л.с.), полный привод."
"Great Wall","Haval Dargo II (2.0T, AWD)","2024–наст.","1840","Второе поколение Dargo, 2.0T (238 л.с.), полный привод."
"Great Wall","Haval H9 (II поколение, 2.0T)","2024–наст.","2200","Флагманский рамный внедорожник, 2.0T (224 л.с.), 8-ст. АКПП."
"Great Wall","Haval H9 Warrior Edition","2025–наст.","2350","Внедорожная версия H9 с усиленной защитой."
"Great Wall","Haval H5 (2.0D, 4WD)","2010–2024","1725","Классический рамный внедорожник, 2.0D (150 л.с.), полный привод."
"Great Wall","Tank 300 (2.0T, бензин)","2020–наст.","2155","Рамный внедорожник, 2.0T (227 л.с.), 8-ст. АКПП. Масса: 2,155–2,313 кг."
"Great Wall","Tank 300 (2.4D, дизель)","2023–наст.","2280","Рамный внедорожник, 2.4D (186 л.с.), 9-ст. АКПП."
"Great Wall","Tank 400 (Hi4-T, PHEV)","2023–наст.","2455","Внедорожник, 2.0T + электромотор (408 л.с.), PHEV."
"Great Wall","Tank 500 (V6, 4WD)","2021–наст.","2535","Полноразмерный люксовый внедорожник, 3.0T V6 (354 л.с.), 9-ст. АКПП. Масса: 2,455–2,535 кг."
"Great Wall","Tank 700 (Hi4-T, PHEV)","2024–наст.","3110","Флагманский внедорожник, 3.0T V6 + электромотор (516 л.с.), PHEV."
"Great Wall","Poer / Cannon (2.0T, дизель)","2019–наст.","2050","Среднеразмерный пикап, 2.0D (163 л.с.), 8-ст. АКПП."
"Great Wall","Poer King Kong (2.0T, бензин)","2022–наст.","1900","Коммерческий пикап, 2.0T (197 л.с.)."
"Great Wall","Poer Sahar (2.0T, 4WD)","2023–наст.","2095","Роскошный пикап, 2.0T (218 л.с.), 8-ст. АКПП, полный привод."
"Great Wall","Wingle 7 (2.0D, 4WD)","2018–наст.","1695","Бюджетный пикап, 2.0D (143 л.с.), 6-ст. МКПП. Масса: 1,695–1,992 кг."
"Great Wall","Ora R1 / Black Cat","2019–2022","977","Городской электромобиль (А-сегмент), 48 л.с., запас хода 301 км (NEDC)."
"Great Wall","Ora Good Cat / 03","2021–наст.","1510","Электрический хэтчбек, 140–171 л.с., запас хода 420 км. Масса: 1,510–1,550 кг."
"Great Wall","Ora Lightning Cat / 07","2022–наст.","2183","Электрический седан D-класса, 408 л.с., AWD, запас хода 640 км."
"Great Wall","Ora iQ","2018–2022","1395","Электрический седан, 160 л.с., запас хода 401 км."
"Great Wall","Sailor","2001–2010","1640","Пикап, предшественник Wingle. Масса: 1,640–1,760 кг."
"Great Wall","Safe","2002–2009","1720","Рамный внедорожник, предшественник Haval H3/H5."
"Great Wall","Haval H2","2014–2021","1495","Субкомпактный кроссовер, предшественник Jolion. Масса: 1,495–1,575 кг."
"Great Wall","Haval H7","2015–2023","1900","Среднеразмерный кроссовер, снят с производства."
"Great Wall","Haval F7","2018–2024","1700","Спортивный кроссовер, ориентированный на экспорт."
"Great Wall","Voleex C30","2010–2016","1125","Компактный седан. Масса: 1,125–1,160 кг."
"Great Wall","Peri / Florid","2008–2013","980","Субкомпактный хэтчбек, предшественник Ora R1."
"Haima","8S (1.6T, 6MT)","2019–наст.","1545","Компактный кроссовер на платформе HMGA, 1.6T (195 л.с.), 6-ст. МКПП"
"Haima","8S (1.6T, 7DCT)","2019–наст.","1560","Компактный кроссовер, 1.6T (195 л.с.), 7-ст. DCT"
"Haima","S5 (I поколение)","2014–2017","1380","Компактный кроссовер, 1.6L (118 л.с.) или 1.5T (150 л.с.), масса от 1380 до 1460 кг"
"Haima","S5 (II поколение, 1.5T CVT Deluxe)","2018–наст.","1435","Компактный кроссовер, 1.5T (150 л.с.), вариатор"
"Haima","6P (PHEV)","2021–2022","1720","Подзаряжаемый гибридный кроссовер на базе S5, 1.2T + э/м (252 л.с.)"
"Haima","S7 (2.0 MT Deluxe)","2010–2018","1435","Среднеразмерный кроссовер, 2.0L (150 л.с.), 5-ст. МКПП"
"Haima","7X","2020–наст.","1670","Минивэн, дизайн Pininfarina, 1.6T (195 л.с.), 6-ст. АКПП, масса от 1670 до 2195 кг"
"Haima","7X-E (электрический)","2023–наст.","1920","Электрический минивэн, 204 л.с., батарея 73.7 кВт·ч, запас хода 510 км"
"Haima","F7 / V70","2016–2018","1600","Компактный минивэн (MPV), 1.5T или 2.0L"
"Haima","M3 (1.5L MT)","2013–2017","1055","Компактный седан C-класса, 1.5L (112 л.с.), 5-ст. МКПП"
"Haima","M3 (1.5L CVT)","2013–2017","1210","Компактный седан, 1.5L (112 л.с.), вариатор"
"Haima","3 (седан)","2010–2013","1284","Седан C-класса, 1.8L (112 л.с.), 5-ст. МКПП"
"Haima","3 (хэтчбек)","2010–2013","1294","Хэтчбек C-класса, 1.8L (112 л.с.)"
"Haima","2 (1.3 MT)","2009–2015","1055","Субкомпактный хэтчбек B-класса, 1.3L или 1.5L"
"Haval","H6 (III поколение, 1.5T)","2020–наст.","1510","Компактный кроссовер, 1.5T (150 л.с.), 7-ст. DCT. Масса варьируется до 1725 кг (2.0T AWD)"
"Haval","H6 (III поколение, PHEV)","2023–наст.","2000","Подзаряжаемый гибрид, 1.5T + электромотор (240 л.с.), запас хода на электротяге до 110 км"
"Haval","Jolion (1.5T, FWD)","2021–наст.","1380","Компактный кроссовер, 1.5T (150 л.с.), 7-ст. DCT. Масса варьируется от 1380 до 1570 кг"
"Haval","Jolion (1.5T, AWD)","2022–наст.","1485","Полноприводная версия Jolion, 1.5T (150 л.с.), 7-ст. DCT"
"Haval","Dargo (1.5T, FWD)","2021–наст.","1560","Среднеразмерный кроссовер, 1.5T (169 л.с.), 7-ст. DCT"
"Haval","Dargo (2.0T, AWD)","2021–наст.","1740","Среднеразмерный кроссовер, 2.0T (211 л.с.), 8-ст. АКПП, полный привод"
"Haval","Dargo II (2.0T, AWD)","2024–наст.","1840","Второе поколение Dargo, 2.0T (238 л.с.), полный привод"
"Haval","H9 (II поколение, 2.0T)","2024–наст.","2330","Флагманский рамный внедорожник, 2.0T (224 л.с.), 8-ст. АКПП"
"Haval","H9 Warrior Edition","2025–наст.","2380","Внедорожная версия H9 с усиленной защитой"
"Haval","Raptor (Hi4, PHEV)","2023–наст.","2055","Подзаряжаемый гибрид, 1.5T + 2 э/м (378 л.с.), запас хода на электротяге 102 км"
"Haval","Xiaolong","2023–наст.","1540","Компактный кроссовер на платформе L.E.M.O.N., 1.5T (150 л.с.)"
"Haval","Kugou","2022–наст.","1430","Стильный городской кроссовер, 1.5T (150 л.с.)"
"Haval","Chitu","2021–наст.","1500","Компактный спортивный кроссовер, 1.5T (150 л.с.)"
"Haval","H6 (II поколение, 1.5T)","2017–2021","1525","Предыдущее поколение бестселлера, 1.5T (150 л.с.), 7-ст. DCT"
"Haval","H6 Coupe","2015–2021","1650","Купеобразная версия H6, 2.0T (197 л.с.)"
"Haval","H2","2014–2021","1495","Субкомпактный кроссовер, предшественник Jolion, 1.5T (150 л.с.)"
"Haval","H7","2015–2023","1900","Среднеразмерный кроссовер, 2.0T (231 л.с.), 6-ст. DCT"
"Haval","F7","2018–2024","1700","Спортивный кроссовер, 2.0T (197 л.с.), 7-ст. DCT"
"Haval","F7x","2019–2024","1720","Купеобразная версия F7, 2.0T (197 л.с.)"
"Haval","H5 (I поколение)","2010–2020","1625","Классический рамный внедорожник, 2.0D (150 л.с.), полный привод"
"Haval","H8","2015–2018","2050","Полноразмерный кроссовер, 2.0T (218 л.с.), 6-ст. АКПП"
"Haval","H1","2014–2021","1060","Субкомпактный городской кроссовер, 1.5L (106 л.с.)"
"Haval","M6","2017–наст.","1475","Бюджетный кроссовер на базе H6 I поколения, 1.5T (150 л.с.)"
"Hawtai","Boliger / Baolige","2011–2018","1710","Среднеразмерный кроссовер на платформе Hyundai Santa Fe. Масса варьируется от 1665 до 1770 кг."
"Hawtai","Shengdafei / Santa Fe","2009–2015","1450","Среднеразмерный кроссовер, лицензионная версия Hyundai Santa Fe. Масса от 1450 до 1550 кг."
"Hawtai","A25 / Laville","2017–2023","1460","Компактный кроссовер, также известный как New Santa Fe. Масса от 1460 до 1484 кг."
"Hawtai","C9","2014–2018","1665","Среднеразмерный SUV на платформе Hyundai Santa Fe. Масса от 1665 до 1774 кг."
"Hawtai","Terracan","2014–2017","2605","Полноразмерный рамный внедорожник, лицензионная версия Hyundai Terracan. Масса: 2605 кг."
"Hawtai","B11","2010–2017","1510","Бизнес-седан D-класса. Масса варьируется от 1510 до 1625 кг."
"Hawtai","E70","2013–2018","1461","Среднеразмерный седан с 2.0-литровым двигателем Mitsubishi 4G63. Масса: 1461 кг."
"Hawtai","E80","2017–наст.","1420","Компактный седан, также доступен в электрической версии. Масса от 1420 до 1455 кг."
"Hawtai","Shengdafei 5XEV 260","2017–2023","1700","Электрическая версия Shengdafei 5, запас хода 260 км. Масса оценочная."
"Hawtai","Shengdafei 5XEV 480","2017–2023","1750","Электрическая версия Shengdafei 5, запас хода 480 км. Масса оценочная."
"Hennessey Performance","Venom GT","2011–2017","1244","Суперкар на базе Lotus Exige, 7.0L твин-турбо V8 (до 1,451 л.с.), рекорд скорости 435.31 км/ч (2014 г.). Масса: 1,244 кг (2,743 lbs)."
"Hennessey Performance","Venom F5","2020–наст.","1385","Гиперкар, 6.6L твин-турбо V8 (1,817 л.с.), карбоновый монокок. Масса: 1,385 кг (3,053 lbs)."
"Hennessey Performance","Exorcist Camaro ZL1","2017–2024","","Модификация Camaro ZL1, 6.2L наддувный V8 (1,000 л.с., 1,310 Н·м). Точная снаряженная масса не раскрыта, оценка: ~1,800 кг (~3,900 lbs)."
"Hennessey Performance","Mammoth 1000 TRX","2021–наст.","2903","Модификация RAM 1500 TRX, 6.2L наддувный V8 (1,012 л.с., 1,314 Н·м), разгон 0-100 км/ч за 3.2 с. Масса: 2,903 кг (6,400 lbs)."
"Hennessey Performance","Mammoth 1000 TRX (тяжелая версия)","2021–наст.","3200","Модификация RAM 1500 TRX, полная снаряженная масса по некоторым данным. Масса: 3,200 кг (7,054 lbs)."
"Hennessey Performance","VelociRaptor 600 SUV","2013–2014","2994","Внедорожник на базе Ford F-150 SVT Raptor, 6.2L наддувный V8 (600 л.с.). Масса: 2,994 кг (6,600 lbs)."
"Hennessey Performance","VelociRaptoR 6x6","2023–наст.","2948","Шестиколесный супертрак на базе Ford F-150 Raptor R, 5.2L наддувный V8 (700 л.с.). Масса: 2,948 кг (6,500 lbs)."
"Hennessey Performance","Escalade HPE800","2016–наст.","2722","Модификация Cadillac Escalade, 6.2L наддувный V8 (842 л.с., 1,159 Н·м), разгон 0-100 км/ч за 3.9 с. Масса: 2,722 кг (6,000 lbs)."
"Hennessey Performance","Challenger Hellcat HPE1000","2015–2022","","Модификация Dodge Challenger Hellcat, 6.2L наддувный V8 HEMI (1,000 л.с., 1,356 Н·м). Точная снаряженная масса не раскрыта, оценка: ~2,041 кг (~4,500 lbs)."
"Hennessey Performance","Jeep Grand Cherokee Trackhawk","2018–2021","2456","Модификация Jeep Grand Cherokee Trackhawk, 6.2L наддувный V8 HEMI (707 л.с.). Масса: 2,456 кг (5,415 lbs)."
"Hennessey Performance","HPE1000 Mustang GT350","2018–наст.","","Модификация Ford Mustang GT350, 5.2L твин-турбо V8 (1,000 л.с.). Точная снаряженная масса не раскрыта, оценка: ~1,700 кг (~3,700-3,800 lbs)."
"Honda","Accord (1.5T, LX)","2018–наст.","1469","Седан, 1.5T (192 л.с.), вариатор. Масса: 3,239–3,382 lbs (1,469–1,534 кг)"
"Honda","Accord Hybrid (Sport-L)","2018–наст.","1573","Гибридный седан, 2.0 л + 2 э/м (204 л.с.). Масса: 3,468–3,532 lbs (1,573–1,602 кг)"
"Honda","Civic (1.5T, Sport)","2022–наст.","1328","Седан, 1.5T (180 л.с.), вариатор. Масса: 2,928–3,021 lbs (1,328–1,370 кг)"
"Honda","Civic Si","2022–наст.","1339","Спортивный седан, 1.5T (200 л.с.), 6-ст. МКПП. Масса: 2,952 lbs (1,339 кг)"
"Honda","Civic Type R","2022–наст.","1446","Горячий хэтчбек, 2.0T (315 л.с.), 6-ст. МКПП. Масса: 3,188 lbs (1,446 кг)"
"Honda","Civic Hatchback Sport","2022–наст.","1350","Хэтчбек, 1.5T (180 л.с.), вариатор. Масса: 2,976 lbs (1,350 кг)"
"Honda","Civic Hybrid (Sport)","2025–наст.","1455","Гибридный седан, 2.0 л + э/м (200 л.с.). Масса: 3,208 lbs (1,455 кг)"
"Honda","CR-V (1.5T, EX)","2023–наст.","1586","Компактный кроссовер, 1.5T (190 л.с.), вариатор. Масса: 3,497–3,616 lbs (1,586–1,640 кг)"
"Honda","CR-V Hybrid (Sport)","2023–наст.","1702","Гибридный кроссовер, 2.0 л + э/м (204 л.с.). Масса: 3,752–3,926 lbs (1,702–1,781 кг)"
"Honda","CR-V e:FCEV","2025–наст.","2023","Водородный электромобиль. Масса: 4,460 lbs (2,023 кг)"
"Honda","HR-V (2.0, LX)","2023–наст.","1433","Субкомпактный кроссовер, 2.0 л (158 л.с.), вариатор. Масса: 3,159–3,219 lbs (1,433–1,460 кг)"
"Honda","Pilot (3.5 V6, Sport)","2023–наст.","1953","Полноразмерный внедорожник, 3.5 V6 (285 л.с.), 10-ст. АКПП. Масса: 4,306–4,488 lbs (1,953–2,036 кг)"
"Honda","Pilot (Black Edition, AWD)","2023–наст.","2114","Топ-версия, полный привод, 3.5 V6 (285 л.с.). Масса: 4,660 lbs (2,114 кг)"
"Honda","Passport (3.5 V6, EX-L)","2019–наст.","1921","Среднеразмерный внедорожник, 3.5 V6 (280 л.с.), 9-ст. АКПП. Масса: 4,236–4,262 lbs (1,921–1,933 кг)"
"Honda","Odyssey (3.5 V6, EX-L)","2018–наст.","2053","Минивэн, 3.5 V6 (280 л.с.), 10-ст. АКПП. Масса: 4,526–4,590 lbs (2,053–2,082 кг)"
"Honda","Ridgeline (3.5 V6, Sport)","2017–наст.","2005","Пикап, 3.5 V6 (280 л.с.), 9-ст. АКПП. Масса: 4,420–4,504 lbs (2,005–2,041 кг)"
"Honda","Prologue (EX, FWD)","2024–наст.","2237","Электрический кроссовер, 212 л.с., батарея 85 кВт·ч. Масса: 4,932 lbs (2,237 кг)"
"Honda","Prologue (Touring, AWD)","2024–наст.","2362","Электрический кроссовер, 288 л.с., полный привод. Масса: 5,207–5,273 lbs (2,362–2,392 кг)"
"Honda","Civic Coupe","1992–2020","1150","Двухдверная версия Civic, снята с производства. Масса: 1,150–1,320 кг"
"Honda","Fit (Jazz)","2001–2020","1020","Субкомпактный хэтчбек, 1.3–1.5 л. Масса: 1,020–1,160 кг"
"Honda","Insight","1999–2022","1360","Гибридный седан, 1.5 л + э/м (151 л.с.). Масса: 3,000–3,078 lbs (1,360–1,397 кг)"
"Honda","Clarity (Plug-In Hybrid)","2017–2021","1838","Подключаемый гибридный седан, 1.5 л + э/м (212 л.с.). Масса: 4,052 lbs (1,838 кг)"
"Honda","Clarity (Fuel Cell)","2017–2021","1875","Водородный электромобиль, 174 л.с. Масса: 4,134 lbs (1,875 кг)"
"Honda","NSX (2-е поколение)","2016–2022","1725","Гибридный суперкар, 3.5 V6 + 3 э/м (573–600 л.с.). Масса: 3,803–3,924 lbs (1,725–1,780 кг)"
"Honda","S2000","1999–2009","1250","Легендарный родстер, 2.0–2.2 л (237–247 л.с.). Масса: 2,756–2,864 lbs (1,250–1,299 кг)"
"Hongqi","H5 (1.5T)","2018–наст.","1615","Среднеразмерный седан, 1.5T (169 л.с.), 7-ст. DCT"
"Hongqi","H5 (2.0T)","2023–наст.","1735","Седан с 2.0T (224 л.с.), 8-ст. АКПП"
"Hongqi","H6","2023–наст.","1660","Спортивный фастбек на базе H5, 2.0T (224 л.с.), 8-ст. АКПП"
"Hongqi","H9 (2.0T, RWD)","2020–наст.","1995","Представительский седан, 2.0T + MHEV (252 л.с.), 7-ст. DCT"
"Hongqi","H9 (3.0T V6, AWD)","2020–наст.","2145","Флагманский седан, 3.0T V6 (337 л.с.), полный привод, 8-ст. АКПП"
"Hongqi","E-QM5","2021–наст.","1900","Электрический седан для такси, 136 л.с., батарея 55 кВт·ч, запас хода 431 км"
"Hongqi","HS3 (1.5T)","2023–наст.","1585","Компактный кроссовер, 1.5T (169 л.с.), 7-ст. DCT"
"Hongqi","HS3 (2.0T, AWD)","2023–наст.","1745","Компактный кроссовер, 2.0T (224 л.с.), полный привод, 8-ст. АКПП"
"Hongqi","HS5 (2.0T, FWD)","2019–наст.","1755","Среднеразмерный кроссовер, 2.0T (224 л.с.), передний привод, 8-ст. АКПП"
"Hongqi","HS5 (2.0T, AWD)","2019–наст.","1825","Среднеразмерный кроссовер, 2.0T (224 л.с.), полный привод, 8-ст. АКПП"
"Hongqi","HS7 (2.0T, FWD)","2019–наст.","1995","Большой кроссовер, 2.0T (224 л.с.), передний привод, 7-ст. DCT"
"Hongqi","HS7 (2.0T, AWD)","2019–наст.","2120","Большой кроссовер, 2.0T (224 л.с.), полный привод, 8-ст. АКПП"
"Hongqi","HS7 PHEV","2024–наст.","2290","Подзаряжаемый гибрид, 2.0T + э/м, запас хода на электротяге 85 км"
"Hongqi","LS7 (4.0T V8)","2022–наст.","3100","Полноразмерный рамный внедорожник, 4.0T V8 (360 л.с.), 8-ст. АКПП"
"Hongqi","E-HS9 (RWD)","2020–наст.","2600","Электрический кроссовер, 218 л.с., батарея 120 кВт·ч, запас хода 690 км"
"Hongqi","E-HS9 (AWD)","2020–наст.","2750","Электрический кроссовер, 435 л.с., полный привод, разгон 0-100 за 5.0 с"
"Hongqi","EH7 (RWD)","2024–наст.","2300","Электрический седан, 344 л.с., запас хода до 760 км. Масса оценочная."
"Hongqi","EH7 (AWD)","2024–наст.","2450","Электрический седан, 619 л.с., полный привод, разгон 0-100 за 3.9 с. Масса оценочная."
"Hyundai","Elantra (2.0 MPI, IVT)","2025–наст.","1300","Компактный седан, 2.0L (147 л.с.), IVT. Масса: 2,725–2,868 lbs (1,237–1,300 кг)"
"Hyundai","Elantra N Line (1.6T)","2025–наст.","1370","Спортивный седан, 1.6T (201 л.с.), 7-ст. DCT. Масса: 3,020 lbs (1,370 кг)"
"Hyundai","Sonata (2.5 MPI)","2025–наст.","1500","Бизнес-седан, 2.5L (191 л.с.), 8-ст. АКПП. Масса: 3,305 lbs (1,500 кг)"
"Hyundai","Sonata N Line (2.5T)","2025–наст.","1603","Спортивный седан, 2.5T (290 л.с.), 8-ст. DCT. Масса: 3,534 lbs (1,603 кг)"
"Hyundai","Sonata Hybrid","2025–наст.","1560","Гибридный седан, 2.0L + э/м (192 л.с.). Масса: 3,439 lbs (1,560 кг)"
"Hyundai","Grandeur/Azera (3.5 V6)","2023–наст.","1580","Представительский седан, 3.5 V6 (296 л.с.), 8-ст. АКПП. Масса: 1,500–1,580 кг"
"Hyundai","Palisade (3.8 V6, FWD)","2025–наст.","1932","Полноразмерный внедорожник, 3.8 V6 (291 л.с.). Масса: 4,259 lbs (1,932 кг)"
"Hyundai","Palisade (3.8 V6, AWD)","2025–наст.","1991","Полноприводный внедорожник, 3.8 V6 (291 л.с.). Масса: 4,389 lbs (1,991 кг)"
"Hyundai","Santa Fe (1.6T Hybrid)","2025–наст.","2015","Среднеразмерный кроссовер, 1.6T + э/м (231 л.с.). Масса: 1,925–2,105 кг (4,423–4,640 lbs)"
"Hyundai","Santa Fe (2.5T)","2025–наст.","1970","Среднеразмерный кроссовер, 2.5T (277 л.с.), 8-ст. DCT. Масса: 4,343 lbs (1,970 кг)"
"Hyundai","Tucson (2.0 MPI)","2025–наст.","1495","Компактный кроссовер, 2.0L (156 л.с.). Масса: 3,296 lbs (1,495 кг)"
"Hyundai","Tucson (1.6T)","2025–наст.","1555","Компактный кроссовер, 1.6T (180 л.с.). Масса: 3,428 lbs (1,555 кг)"
"Hyundai","Tucson Hybrid","2025–наст.","1778","Гибридный кроссовер, 1.6T + э/м (226 л.с.). Масса: 1,778 кг (3,920 lbs)"
"Hyundai","Kona (2.0 MPI)","2025–наст.","1363","Субкомпактный кроссовер, 2.0L (147 л.с.). Масса: 3,005 lbs (1,363 кг)"
"Hyundai","Kona (1.6T)","2025–наст.","1430","Субкомпактный кроссовер, 1.6T (190 л.с.). Масса: 3,153 lbs (1,430 кг)"
"Hyundai","Kona Electric","2025–наст.","1620","Электрический кроссовер, батарея 64.8 кВт·ч, запас хода 420 км. Масса: 3,571 lbs (1,620 кг)"
"Hyundai","Venue (1.6 MPI)","2025–наст.","1185","Субкомпактный кроссовер, 1.6L (121 л.с.), CVT. Масса: 2,612 lbs (1,185 кг)"
"Hyundai","Creta (2.0 MPI)","2025–наст.","1660","Компактный кроссовер для развивающихся рынков, 2.0L (149 л.с.)"
"Hyundai","Ioniq 5 (RWD, Standard Range)","2025–наст.","1880","Электрический кроссовер, батарея 58 кВт·ч. Масса: 1,880–2,135 кг"
"Hyundai","Ioniq 5 (AWD, Long Range)","2025–наст.","2135","Полноприводный электрический кроссовер, батарея 77.4 кВт·ч, запас хода 488 км"
"Hyundai","Ioniq 5 N","2025–наст.","2204","Спортивный электрокроссовер, 641 л.с., разгон 0-100 за 3.4 с. Масса: 4,861 lbs (2,204 кг)"
"Hyundai","Ioniq 6 (RWD, Long Range)","2025–наст.","1985","Электрический седан, 225 л.с., батарея 77.4 кВт·ч, запас хода 581 км. Масса: 4,376 lbs (1,985 кг)"
"Hyundai","Nexo (Fuel Cell)","2025–наст.","1810","Водородный электромобиль (FCEV), запас хода 611 км (WLTP). Масса: 3,990 lbs (1,810 кг)"
"Hyundai","Staria (3.5 V6, 7-местный)","2025–наст.","2200","Минивэн/фургон, 3.5 V6 (272 л.с.). Масса: ~2,200 кг"
"iCar","03 (базовая версия)","2023–наст.","1679","Электрический компактный кроссовер, задний привод"
"iCar","03 (полноприводная версия)","2023–наст.","1854","Электрический компактный кроссовер, полный привод"
"iCar","03T (задний привод)","2024–наст.","1817","Внедорожная версия 03, задний привод"
"iCar","03T (полный привод)","2024–наст.","1914","Внедорожная версия 03, полный привод"
"iCar","V23 (задний привод)","2024–наст.","1710","Компактный кроссовер с ретро-дизайном, задний привод"
"iCar","V23 (полный привод)","2024–наст.","1825","Компактный кроссовер с ретро-дизайном, полный привод"
"iCar","V27 (гибрид)","2025–наст.","2084","Флагманский гибридный внедорожник, масса варьируется до 2300 кг в зависимости от комплектации"
"iCar","GT (концепт)","2023 (концепт)","Н/Д","Концепт электрического спорткара"
"iCar","X25 (концепт)","2024 (концепт)","Н/Д","Концепт компактного фургона повышенной проходимости"
"IKCO","Paykan","1967–2005","953","Первый иранский автомобиль, лицензионный Hillman Hunter. Масса: 953 кг (салун)"
"IKCO","Peugeot ROA","2000–2011","1090","Разработан на базе Peugeot RD1600, сочетает элементы Paykan и Peugeot 405. Масса: 1,090 кг"
"IKCO","Peugeot 206","2001–наст.","1025","Выпускается по лицензии Peugeot, масса: 1,025–1,145 кг в зависимости от версии"
"IKCO","Samand (XU7)","2002–наст.","1200","Национальный автомобиль Ирана на платформе Peugeot 405. Масса с двигателем XU7: 1,200 кг"
"IKCO","Samand (TU5)","2002–наст.","1220","Samand с двигателем TU5, масса: 1,220 кг"
"IKCO","Samand (EF7)","2002–наст.","1360","Samand с двухтопливным двигателем EF7, масса: 1,360 кг"
"IKCO","Samand Soren (XU7)","2007–наст.","1220","Рестайлинговая версия Samand, масса с XU7: 1,220 кг"
"IKCO","Samand Soren (TU5)","2007–наст.","1200","Soren с двигателем TU5, масса: 1,200 кг"
"IKCO","Samand Soren (EF7)","2007–наст.","1274","Soren с двигателем EF7, масса: 1,274 кг"
"IKCO","Samand Sarir","2007–наст.","1350","Удлинённая люксовая версия Samand, масса оценочная: ~1,350 кг"
"IKCO","Peugeot Pars","2002–наст.","1190","Улучшенная версия Peugeot 405. Масса: 1,190 кг"
"IKCO","Runna","2011–наст.","1133","Седан на базе Peugeot 206, собственная разработка. Масса: 1,133 кг"
"IKCO","Dena","2015–наст.","1258","Семейный автомобиль, преемник Soren. Масса: 1,258 кг"
"IKCO","Dena+","2017–наст.","1379","Обновлённая версия Dena с турбодвигателем и АКПП. Масса: 1,379 кг"
"IKCO","Tara (МКПП)","2021–наст.","1170","Компактный седан на платформе Peugeot 301. Масса: 1,170 кг"
"IKCO","Tara (АКПП)","2021–наст.","1234","Tara с автоматической коробкой передач, масса: 1,234 кг"
"IKCO","Bardo","1969–2007","1100","Пикап на базе Paykan, масса оценочная: ~1,100 кг"
"IKCO","Arisun","2015–наст.","1140","Компактный пикап на базе Peugeot 405. Масса: 1,140 кг"
"IKCO","Arisun 2","2022–наст.","1140","Модернизированная версия Arisun с двигателем XU7. Масса: 1,140 кг"
"IKCO","Reera","2022–наст.","1435","Первый иранский кроссовер (C-сегмент). Масса: 1,435 кг"
"IKCO","Peugeot 207i","2010–наст.","1051","Модернизированная версия Peugeot 206, масса: 1,051–1,116 кг в зависимости от КПП"
"Infiniti","Q50 (2.0t RWD)","2013–наст.","1693","Компактный спортивный седан, 2.0T (208 л.с.). Масса: 3,732 lbs."
"Infiniti","Q50 (3.0t Red Sport 400 RWD)","2013–наст.","1748","Седан, 3.0T (400 л.с.). Масса: 3,853 lbs."
"Infiniti","Q50 Hybrid","2014–2024","1779","Гибридный седан, 3.5 V6 + э/м (360 л.с.). Масса: 3,922 lbs."
"Infiniti","Q70 (3.7 RWD)","2013–2019","1758","Бизнес-седан, 3.7 V6 (330 л.с.). Масса: 3,858–3,876 lbs."
"Infiniti","Q70L (3.7 RWD)","2015–2019","1795","Удлинённая версия Q70. Масса: 3,957 lbs."
"Infiniti","Q70 (5.6 V8 AWD)","2013–2019","1923","Бизнес-седан, 5.6 V8 (420 л.с.), полный привод. Масса: 4,239 lbs."
"Infiniti","G37 Sedan (RWD)","2009–2015","1646","Предшественник Q50, 3.7 V6 (328 л.с.). Масса: 3,628 lbs."
"Infiniti","Q40 (RWD)","2015","1644","Переименованный G37 Sedan. Масса: 3,624–3,821 lbs."
"Infiniti","M35 (RWD)","2006–2013","1753","Предшественник Q70, 3.5 V6. Масса: 3,864 lbs."
"Infiniti","M35h (гибрид)","2012–2013","1873","Гибридная версия M-серии. Масса: 4,129 lbs."
"Infiniti","Q45 (3-е поколение)","2002–2006","1804","Флагманский седан, 4.5 V8. Масса: 3,977 lbs."
"Infiniti","Q60 (2.0t RWD)","2017–2022","1696","Спортивное купе, 2.0T (208 л.с.). Масса: 3,739 lbs."
"Infiniti","Q60 (3.0t AWD, Red Sport 400)","2017–2022","1836","Полноприводное купе, 3.0T (400 л.с.). Масса: 4,048 lbs."
"Infiniti","G37 Coupe (RWD)","2008–2015","1709","Предшественник Q60, 3.7 V6 (330 л.с.). Масса: 3,769 lbs."
"Infiniti","G37 Convertible","2009–2013","1858","Кабриолет, жёсткая складная крыша. Масса: 4,095 lbs."
"Infiniti","QX50 (2.0T VC-Turbo FWD)","2018–наст.","1741","Компактный кроссовер, вариатор. Масса: 3,838 lbs."
"Infiniti","QX50 (AWD)","2018–наст.","1823","Полноприводная версия. Масса: 4,020 lbs."
"Infiniti","QX55 (AWD)","2022–наст.","1846","Купеобразный кроссовер на базе QX50. Масса: 4,070–4,123 lbs."
"Infiniti","QX60 (FWD)","2013–наст.","1993","Трёхрядный кроссовер, 3.5 V6 (295 л.с.). Масса: 4,393 lbs."
"Infiniti","QX60 (AWD)","2013–наст.","2004","Полноприводная версия. Масса: 4,419 lbs."
"Infiniti","QX80 (RWD)","2011–наст.","2576","Полноразмерный рамный внедорожник, 5.6 V8 (400 л.с.). Масса: 5,678 lbs."
"Infiniti","QX80 (AWD, топ-версии)","2011–наст.","2785","Топ-версии с полным приводом. Масса: 5,878–6,140 lbs."
"Infiniti","QX30 (FWD)","2017–2019","1490","Компактный кроссовер на базе Mercedes-Benz GLA. Масса: 3,285 lbs."
"Infiniti","QX30 (AWD)","2017–2019","1613","Полноприводная версия. Масса: 3,556 lbs."
"Infiniti","EX35 (RWD)","2008–2013","1716","Предшественник QX50, 3.5 V6. Масса: 3,782 lbs."
"Infiniti","EX35 (AWD)","2008–2013","1791","Полноприводная версия. Масса: 3,949 lbs."
"Infiniti","FX37 (RWD)","2012–2017","1885","Спортивный кроссовер, предшественник QX70. Масса: 4,156 lbs."
"Infiniti","FX37 (AWD)","2012–2017","1960","Полноприводная версия. Масса: 4,321 lbs."
"Infiniti","QX70 (3.7 RWD)","2013–2017","1909","Переименованный FX37. Масса: 4,209 lbs."
"Infiniti","QX70 (5.0 V8 AWD)","2013–2017","2069","Топ-версия с 5.0 V8 (390 л.с.). Масса: 4,562 lbs."
"Infiniti","JX35 (FWD)","2013","1941","Предшественник QX60, 3.5 V6. Масса: 4,280 lbs."
"Infiniti","JX35 (AWD)","2013","2004","Полноприводная версия. Масса: 4,419 lbs."
"Infiniti","QX4","1997–2002","1972","Рамный внедорожник, предшественник QX80. Масса: 4,275–4,352 lbs."
"Isuzu","D-Max (I поколение, 2.5 дизель)","2004–2012","1750","Среднеразмерный пикап, масса от 1750 до 1845 кг"
"Isuzu","D-Max (II поколение, 1.9 дизель)","2012–2021","2055","Среднеразмерный пикап, масса от 2025 до 2055 кг"
"Isuzu","D-Max (III поколение, 1.9 дизель)","2021–наст.","2105","Среднеразмерный пикап, масса от 2105 до 2235 кг"
"Isuzu","MU-X (1.9 дизель, 4x4)","2013–наст.","2005","Рамный внедорожник, 7 мест, масса 2005-2140 кг"
"Isuzu","MU-X (2.5 дизель, 4x2)","2013–наст.","1980","Рамный внедорожник, масса 1980-2105 кг"
"Isuzu","Trooper (3.0 V6, 1994)","1994–1998","1990","Внедорожник, масса 1990-2100 кг"
"Isuzu","Trooper (3.5 V6, 2000)","1998–2002","2090","Внедорожник, масса до 2090 кг"
"Isuzu","Ascender (5-Passenger, 4.2 I6)","2003–2008","2005","Полноразмерный внедорожник, масса от 2005 до 2172 кг"
"Isuzu","Ascender (7-Passenger, 5.3 V8)","2003–2008","2273","Полноразмерный внедорожник, масса до 2273 кг"
"Isuzu","VehiCROSS","1997–2001","1794","Футуристичный компактный внедорожник, 3.5 V6 (215 л.с.)"
"Isuzu","Elf (N-Series) NPR","1959–наст.","2555","Среднетоннажный грузовик, кербовая масса от 2545 до 2750 кг"
"Isuzu","Elf (N-Series) NKR","1959–наст.","1865","Среднетоннажный грузовик, кербовая масса от 1865 до 2785 кг"
"Isuzu","F-Series","1970–наст.","6500","Тяжёлый грузовик, снаряжённая масса от 5000 кг"
"Iveco","Daily (фургон, 35S14, L2H2)","1978–наст.","1845","Лёгкий фургон, 2.3 дизель (140 л.с.), полная масса 3.5 т. Масса: 1,845–2,100 кг"
"Iveco","Daily (шасси, 50C18, L3)","1978–наст.","2200","Шасси, 3.0 дизель (180 л.с.), полная масса 5.2 т. Масса: 2,200–2,500 кг"
"Iveco","Daily Hi-Matic (35S14, L3H2)","2014–наст.","1950","Фургон с 8-ст. АКПП Hi-Matic, 2.3 дизель (140 л.с.). Масса: 1,950–2,150 кг"
"Iveco","eDaily (электрический, 42S14, L2H2)","2022–наст.","2400","Электрический фургон, батарея 37/74 кВт·ч, запас хода до 240 км. Масса: 2,400–2,700 кг"
"Iveco","Daily 4x4 (55S18W, L3)","1990–наст.","2600","Полноприводный фургон, 3.0 дизель (180 л.с.), блокировки. Масса: 2,600–2,900 кг"
"Iveco","Eurocargo (ML120E25, 4x2)","1991–наст.","4500","Среднетоннажный грузовик, 6.7 дизель (250 л.с.), полная масса 12 т. Масса: 4,500–5,500 кг"
"Iveco","Eurocargo (ML160E28, 4x2)","1991–наст.","5000","Грузовик, 6.7 дизель (280 л.с.), полная масса 16 т. Масса: 5,000–6,000 кг"
"Iveco","Eurocargo CNG (ML120E25 CNG)","2015–наст.","4800","Газомоторный грузовик (CNG), 6.7 л (250 л.с.). Масса: 4,800–5,800 кг"
"Iveco","S-Way (AS440S46T/P, 4x2)","2019–наст.","7200","Магистральный тягач, 11.1 дизель (460 л.с.), полная масса автопоезда до 44 т. Масса: 7,200–7,800 кг"
"Iveco","S-Way (AS440S49T/P LNG)","2021–наст.","7800","Газомоторный тягач (LNG), 12.9 л (490 л.с.). Масса: 7,800–8,500 кг"
"Iveco","Stralis (AT440S42T/P, 4x2)","2002–2019","7000","Предшественник S-Way, 11.1 дизель (420 л.с.). Масса: 7,000–7,600 кг"
"Iveco","Trakker (AD380T41W, 8x4)","2004–наст.","12000","Тяжёлый внедорожный грузовик, 12.9 дизель (410 л.с.), полная масса 38 т. Масса: 12,000–14,000 кг"
"Iveco","S-Way (AS440S53T/P, 4x2)","2021–наст.","7200","Магистральный тягач, 12.9 дизель (530 л.с.). Масса: 7,200–7,800 кг"
"JAC","JS2","2020–наст.","1210","Компактный бюджетный кроссовер, 1.5L (113 л.с.), масса от 1210 до 1310 кг"
"JAC","JS3","2017–наст.","1265","Субкомпактный кроссовер, 1.6L (109–118 л.с.), масса от 1265 до 1310 кг"
"JAC","JS4","2020–наст.","1365","Компактный кроссовер, 1.5T (136–150 л.с.), вариатор, масса от 1365 до 1410 кг"
"JAC","JS6","2021–наст.","1560","Флагманский среднеразмерный кроссовер, 2.0T (190–197 л.с.), 7-ст. DCT, масса от 1560 до 1640 кг"
"JAC","JS7","2019–наст.","1580","Среднеразмерный кроссовер, 1.5T (174 л.с.), 6-ст. DCT, масса от 1580 до 1660 кг"
"JAC","J7","2019–наст.","1440","Лифтбек C-сегмента, 1.5T (150 л.с.), вариатор CVT, масса от 1440 до 1480 кг"
"JAC","iEVA50","2018–наст.","1650","Электрический седан на базе J7, запас хода до 500 км, масса от 1650 до 1800 кг"
"JAC","T6","2015–наст.","1770","Среднеразмерный пикап, 2.0T бензин/1.9T дизель, масса от 1770 до 1900 кг"
"JAC","T8","2018–наст.","1880","Среднеразмерный пикап, 2.0T дизель (177 л.с.), полный привод, масса от 1880 до 1995 кг"
"JAC","T8 Pro","2021–наст.","1920","Обновлённый пикап T8, 2.0T дизель, масса от 1920 до 2020 кг"
"JAC","T9 (Hunter)","2022–наст.","1985","Флагманский рамный пикап, 2.0T дизель (170 л.с.), 8-ст. АКПП, масса от 1985 до 2085 кг"
"JAC","iEV6E","2016–наст.","1175","Городской электрический хэтчбек, батарея 35–41 кВт·ч, запас хода до 310 км, масса от 1175 до 1260 кг"
"JAC","iEV7S","2017–наст.","1460","Субкомпактный электрический кроссовер, батарея 39–42 кВт·ч, запас хода 280–320 км, масса от 1460 до 1490 кг"
"JAC","iEV7","2019–наст.","1380","Электрический хэтчбек C-сегмента, батарея 50 кВт·ч, запас хода до 400 км, масса от 1380 до 1430 кг"
"JAC","e-JS4","2021–наст.","1665","Электрическая версия JS4, батарея 55 кВт·ч, запас хода до 420 км, масса от 1665 до 1710 кг"
"JAC","Refine M4","2016–наст.","2000","Коммерческий минивэн, 2.0T бензин/1.9T дизель, масса от 2000 до 2150 кг"
"JAC","Sunray","2010–наст.","2200","Коммерческий фургон/микроавтобус, дизель 2.7–2.8 л, масса от 2200 до 2550 кг"
"Jaecoo","J5 (1.6 TGDi, 147 л.с.)","2025–наст.","1446","Компактный кроссовер, 1.6T (147 л.с.), 7-ст. DCT, передний привод"
"Jaecoo","J5 EV (211 л.с.)","2025–наст.","1707","Электрический кроссовер, батарея 60.9 кВт·ч, запас хода 402 км"
"Jaecoo","J6 (1.5T, 147 л.с.)","2025–наст.","1439","Компактный кроссовер для РФ на базе J5, 1.5T (147 л.с.), 6-ст. робот"
"Jaecoo","J6 EV (279 л.с., AWD)","2024–наст.","1874","Электрический кроссовер, 2 э/м (279 л.с.), полный привод, батарея 69.77 кВт·ч, масса 1874-1892 кг"
"Jaecoo","J7 (1.6T, 186 л.с., 2WD)","2023–наст.","1619","Среднеразмерный кроссовер, 1.6T (186 л.с.), 7-ст. DCT, передний привод"
"Jaecoo","J7 (1.6T, 194 л.с., AWD)","2023–наст.","1709","Среднеразмерный кроссовер, 1.6T (194 л.с.), 7-ст. DCT, полный привод"
"Jaecoo","J7 PHEV","2024–наст.","1795","Подключаемый гибрид, 1.5T + э/м (341 л.с.), запас хода на электротяге до 106 км, масса 1795-1870 кг"
"Jaecoo","J8 (2.0T, 249 л.с., AWD)","2024–наст.","1719","Флагманский кроссовер, 2.0T (249 л.с.), 7-ст. DCT, полный привод, масса 1719-1929 кг"
"Jaecoo","J8 PHEV (1.5T, AWD)","2025–наст.","2229","Подключаемый гибридный кроссовер, 1.5T + э/м, полный привод, масса 2229 кг"
"Jaecoo","J9","2026 (план)","","Полноразмерный рамный внедорожник, будущий флагман. Данные о массе не раскрыты"
"Jaguar","F-Pace (2.0T, AWD)","2016–наст.","1832","Популярный среднеразмерный кроссовер. Масса: 1,832 кг (4,015–4,395 lbs)."
"Jaguar","E-Pace (2.0T, AWD)","2018–наст.","1757","Компактный кроссовер. Масса: 1,757–1,830 кг (3,925–4,175 lbs)."
"Jaguar","I-Pace (EV, AWD)","2019–наст.","2208","Полностью электрический кроссовер. Масса: 2,208–2,170 кг (4,784 lbs)."
"Jaguar","XF (2.0T, RWD)","2008–наст.","1658","Бизнес-седан. Масса: 1,658–1,762 кг (3,655–4,380 lbs)."
"Jaguar","F-Type (2.0T Coupe)","2013–наст.","1524","Спорткар. Масса: 1,524–1,596 кг (3,360–3,760 lbs)."
"Jaguar","XJ (5.0 V8, SWB)","1968–2019","1740","Флагманский седан, последнее поколение (X351). Масса: 1,740–1,762 кг (3,915–4,150 lbs)."
"Jaguar","XE (2.0T)","2015–2024","1535","Компактный спортивный седан. Масса: 1,535–1,585 кг (3,385–3,670 lbs)."
"Jaguar","XK (4.2 V8 Coupe)","2006–2014","1665","Спортивное купе второго поколения с алюминиевым кузовом. Масса: 1,665–1,700 кг (3,671–3,759 lbs)."
"Jaguar","S-Type (3.0 V6)","1999–2008","1620","Бизнес-седан в ретро-стиле. Масса: 1,620–1,684 кг (3,695–4,046 lbs)."
"Jaguar","X-Type (2.5 V6, AWD)","2001–2009","1485","Компактный седан и универсал, построенный на платформе Ford Mondeo. Масса: 1,485–1,575 кг (3,428–3,747 lbs)."
"Jaguar","E-Type (3.8, Series 1)","1961–1975","1220","Легендарный спорткар. Масса: 1,220–1,300 кг (2,690–3,086 lbs)."
"Jetta","VA3 (1.5 MT)","2019–наст.","1125","Бюджетный седан, 1.5L (112 л.с.), 5-ст. МКПП"
"Jetta","VA3 (1.5 AT)","2019–наст.","1165","Бюджетный седан, 1.5L (112 л.с.), 6-ст. АКПП"
"Jetta","VS5 (1.4T MT)","2019–наст.","1310","Компактный кроссовер, 1.4T (150 л.с.), 6-ст. МКПП"
"Jetta","VS5 (1.4T AT)","2019–наст.","1355","Компактный кроссовер, 1.4T (150 л.с.), 6-ст. АКПП"
"Jetta","VS7 (1.4T AT)","2020–наст.","1425","Среднеразмерный кроссовер, 1.4T (150 л.с.), 6-ст. АКПП"
"Jeep","Wrangler (JL, 2-дв., Sport)","2018–наст.","1791","Классический рамный внедорожник, 3.6 V6 (285 л.с.), 6-ст. МКПП или 8-ст. АКПП"
"Jeep","Wrangler (JL, 4-дв., Rubicon 392)","2021–2024","2315","Рамный внедорожник, 6.4 V8 (470 л.с.), 8-ст. АКПП, полный привод"
"Jeep","Wrangler 4xe (PHEV)","2021–наст.","2310","Подзаряжаемый гибрид, 2.0T + э/м (375 л.с.), запас хода на электротяге 34 км"
"Jeep","Grand Cherokee (WL74, 3.6 V6, RWD)","2021–наст.","1980","Среднеразмерный кроссовер, 3.6 V6 (293 л.с.), 8-ст. АКПП, задний привод"
"Jeep","Grand Cherokee (WL74, 3.6 V6, 4WD)","2021–наст.","2008","Среднеразмерный кроссовер, 3.6 V6 (293 л.с.), полный привод"
"Jeep","Grand Cherokee 4xe (PHEV)","2021–наст.","2540","Подзаряжаемый гибридный кроссовер, 2.0T + э/м (375 л.с.), запас хода на электротяге 42 км"
"Jeep","Grand Cherokee L (3-рядный, 3.6 V6)","2021–наст.","2052","Удлиненный 3-рядный кроссовер, 3.6 V6 (293 л.с.), 8-ст. АКПП"
"Jeep","Grand Cherokee L (3-рядный, 5.7 V8)","2021–наст.","2168","Удлиненный 3-рядный кроссовер, 5.7 V8 (357 л.с.), полный привод"
"Jeep","Cherokee (KM, новое поколение)","2025–наст.","1948","Компактный кроссовер нового поколения на платформе STLA Large"
"Jeep","Compass (2.4, FWD)","2017–наст.","1444","Компактный кроссовер, 2.4L (180 л.с.), передний привод"
"Jeep","Compass (2.4, 4WD)","2017–наст.","1650","Компактный кроссовер, 2.4L (180 л.с.), полный привод"
"Jeep","Renegade (1.0 T-GDI)","2015–наст.","1320","Субкомпактный кроссовер, 1.0T (120 л.с.), передний привод"
"Jeep","Renegade (2.4, 4WD)","2015–наст.","1650","Субкомпактный кроссовер, 2.4L (180 л.с.), полный привод"
"Jeep","Wagoneer (WS, Series II)","2022–наст.","2713","Полноразмерный 3-рядный внедорожник, 3.0T (420 л.с.), 8-ст. АКПП, полный привод"
"Jeep","Grand Wagoneer (WS)","2022–наст.","2908","Премиальный полноразмерный внедорожник, 3.0T (510 л.с.), 8-ст. АКПП"
"Jeep","Grand Wagoneer L (удлиненная)","2023–наст.","2712","Удлиненная версия Grand Wagoneer с 3.0T (510 л.с.)"
"Jeep","Gladiator (JT, Sport)","2019–наст.","2130","Среднеразмерный пикап на базе Wrangler, 3.6 V6 (285 л.с.), 6-ст. МКПП"
"Jeep","Gladiator (JT, Rubicon)","2019–наст.","2315","Среднеразмерный пикап, 3.6 V6 (285 л.с.), 8-ст. АКПП, полный привод"
"Jeep","Avenger (электрический)","2022–наст.","1536","Субкомпактный электрический кроссовер, 156 л.с., батарея 54 кВт·ч, запас хода до 400 км"
"Jeep","Wagoneer S (электрический)","2024–наст.","2570","Полноразмерный электрический кроссовер, 600 л.с., батарея 100.5 кВт·ч, запас хода 480 км"
"Jeep","Recon (электрический)","2025–наст.","2772","Среднеразмерный электрический внедорожник, 650 л.с., батарея 100.5 кВт·ч, запас хода 370 км"
"Jetour","X50 (1.5T, 147 л.с.)","2024–наст.","1485","Компактный городской кроссовер. Масса: 1,373–1,485 кг."
"Jetour","Dashing (1.6T, 190 л.с.)","2022–наст.","1530","Городской кроссовер. Масса: 1,530–1,580 кг (PHEV: 1,800–1,810 кг)."
"Jetour","X70 (1.5T, 156 л.с.)","2018–наст.","1634","Базовый среднеразмерный кроссовер. Масса: 1,418–1,634 кг."
"Jetour","X70 Plus (1.6T, 190 л.с.)","2021–наст.","1662","Обновлённая версия X70. Масса: 1,472–1,662 кг."
"Jetour","X70 Plus C-DM (PHEV)","2023–наст.","1872","Подключаемый гибрид. Масса: 1,858–1,872 кг."
"Jetour","X70L","2025–наст.","1654","Удлинённая версия X70 с 3 рядами. Масса: 1,654–1,727 кг."
"Jetour","X90 (1.6T, 197 л.с.)","2019–наст.","1742","Среднеразмерный кроссовер. Масса: 1,560–1,742 кг (гибрид: 1,870–1,922 кг)."
"Jetour","X90 Plus (2.0T, 254 л.с.)","2021–наст.","1790","Улучшенная версия X90. Масса: 1,543–1,790 кг."
"Jetour","X90 Pro (2.0T)","2023–наст.","1742","Премиальная версия X90. Масса: 1,653–1,742 кг."
"Jetour","X95 (1.6T, 197 л.с.)","2020–наст.","1653","Флагманский кроссовер с 3 рядами."
"Jetour","T1 (1.5T, 154 л.с.)","2024–наст.","1811","Компактный внедорожник. Масса: 1,619–1,811 кг (гибрид: 2,000 кг)."
"Jetour","T2 (2.0T, 245 л.с., 4WD)","2023–наст.","1934","Среднеразмерный внедорожник. Масса: 1,700–1,934 кг."
"Jetour","T2 Traveler (удлинённый)","2026–наст.","2041","Удлинённая версия T2 с 3 рядами."
"Jetour","Shanhai T2 (PHEV)","2024–наст.","2194","Гибридная версия T2. Масса: 2,050–2,194 кг."
"Jetour","Shanhai L9 (PHEV)","2023–наст.","1922","Подключаемый гибрид на базе X90 Pro. Масса: 1,870–1,922 кг."
"Jetour","Ziyouzhe (1.5T, 2WD)","2024–наст.","1656","Гибридный кроссовер."
"JMC","Baodian (2.8 MT)","2007–наст.","1670","Классический среднеразмерный пикап, 2.8 л турбодизель (84 л.с.), полный привод, 5-ст. МКПП"
"JMC","Baodian (базовая версия)","2007–наст.","1460","Классический пикап, 2.0 л бензин (114 л.с.), задний привод"
"JMC","Boarding (2.0T AT)","2014–наст.","1800","Современный пикап на экспортных рынках, 2.0 л бензин турбо, 6-ст. АКПП"
"JMC","Yuhu / Vigus (2.5 MT, 4WD)","2012–наст.","1925","Среднеразмерный рамный пикап, 2.5 л турбодизель (128 л.с.), полный привод, 6-ст. МКПП. В РФ известен как Ambertruck Work"
"JMC","Yuhu 5 (2.0 AT Classic LX)","2018–наст.","1902","Среднеразмерный пикап, 2.0 л бензин турбо, 6-ст. АКПП, задний привод"
"JMC","Yuhu 7 (2.0T AT, 4WD)","2017–наст.","1885","Улучшенная версия Yuhu с двигателем Ford EcoBoost 2.0 л (220 л.с.), 6-ст. АКПП, полный привод"
"JMC","Grand Avenue (2.3T MT, 4WD)","2023–наст.","2070","Флагманский пикап, 2.3 л турбодизель (177 л.с.), 6-ст. МКПП, полный привод"
"JMC","Grand Avenue (2.3T AT, 4WD)","2023–наст.","2070","Флагманский пикап, 2.3 л турбобензин (245 л.с.), 8-ст. АКПП, полный привод"
"JMC","Yusheng S350 (2.0T, 2WD)","2010–наст.","1822","Классический рамный внедорожник, 2.0 л турбобензин (205 л.с.), задний привод"
"JMC","Yusheng S350 (2.0T, 4WD)","2010–наст.","1937","Классический рамный внедорожник, 2.0 л турбобензин (205 л.с.), полный привод"
"JMC","Teshun / Touring (2.8 TD)","2017–наст.","1920","Лёгкий коммерческий фургон на базе Ford Transit, 2.8 л турбодизель (108 л.с.), 5-ст. МКПП"
"JMC","Carrying (3.5 т)","2023–наст.","2355","Коммерческий развозной фургон, 2.8 л турбодизель (109 л.с.), полная масса 3.5 т"
"JMC","Yuhu EV (360 км, RWD)","2022–наст.","2225","Электрический пикап, 120 кВт, батарея CATL 60.16 кВт·ч, запас хода 360 км (NEDC)"
"JMC","Yuhu EV (Хоппер-стильный)","2022–наст.","2105","Электрический пикап, 120 кВт, батарея 60.16 кВт·ч"
"Kaiyi","X3 (1.5L MT)","2016–наст.","1285","Компактный кроссовер на базе Chery Tiggo 3x, 1.5L (106 л.с.), 5-ст. МКПП"
"Kaiyi","X3 (1.5L CVT)","2016–наст.","1340","Компактный кроссовер, 1.5L (106 л.с.), вариатор CVT"
"Kaiyi","X3 Pro (1.5T CVT)","2020–наст.","1370","Спортивная версия X3, 1.5T (147 л.с.), вариатор CVT 9, масса 1370–1430 кг"
"Kaiyi","X7 Kunlun (1.6T DCT)","2023–наст.","1505","Флагманский кроссовер, 1.6T (186 л.с.), 7-ст. робот DCT, передний привод"
"Kaiyi","X7 Kunlun (2.0T DCT, AWD)","2023–наст.","1650","Флагманский кроссовер, 2.0T (238 л.с.), полный привод, масса 1650–1720 кг"
"Kaiyi","E5 (1.5T CVT)","2018–наст.","1340","Седан C-класса на базе Chery Arrizo 5 Plus, 1.5T (147 л.с.), вариатор CVT 9"
"Kaiyi","i-EA01","2022–наст.","1050","2-местный городской электромобиль (квадрицикл L7), батарея 10.3 кВт·ч, запас хода 150 км"
"Kaiyi","i-EA02","2022–наст.","1180","4-местный городской электромобиль, батарея 15 кВт·ч, запас хода 200 км"
"Kia","K5 (1.6T, FWD)","2021–наст.","1460","Седан среднего размера, заменивший Optima. Масса: 3,218 lbs."
"Kia","Forte (2.0, FWD)","2019–2024","1270","Компактный седан (в Корее — K3). Масса: 2,800 lbs."
"Kia","Rio (1.6, FWD)","2017–2023","1200","Субкомпактный седан и хэтчбек. Масса: 2,645 lbs."
"Kia","Stinger (2.5T, RWD)","2018–2023","1675","Спортседан Gran Turismo. Масса: 3,693 lbs."
"Kia","Stinger GT (3.3T, AWD)","2018–2023","1830","Топ-версия с полным приводом. Масса: 4,035 lbs."
"Kia","K900 (3.3T, AWD)","2019–2020","2030","Флагманский седан (снят с производства в США). Масса: 4,475 lbs."
"Kia","Cadenza (3.3 V6)","2017–2020","1675","Представительский седан (снят с производства). Масса: 3,693 lbs."
"Kia","Soul (2.0, FWD)","2020–наст.","1300","Городской хэтчбек с кроссоверным стилем. Масса: 2,867 lbs."
"Kia","Seltos (2.0, FWD)","2021–наст.","1340","Субкомпактный кроссовер. Масса: 2,954 lbs."
"Kia","Seltos (1.6T, AWD)","2021–наст.","1465","Полноприводная версия с турбомотором. Масса: 3,230 lbs."
"Kia","Sportage (2.5, FWD)","2023–наст.","1530","Компактный кроссовер. Масса: 3,374 lbs."
"Kia","Sportage Hybrid (1.6T, AWD)","2023–наст.","1720","Гибридная полноприводная версия. Масса: 3,793 lbs."
"Kia","Sorento (2.5, FWD)","2021–наст.","1740","Среднеразмерный кроссовер с тремя рядами сидений. Масса: 3,836 lbs."
"Kia","Sorento Hybrid (1.6T, AWD)","2021–наст.","1890","Гибридная версия с полным приводом. Масса: 4,167 lbs."
"Kia","Sorento PHEV (1.6T, AWD)","2022–наст.","2050","Подзаряжаемый гибрид. Масса: 4,519 lbs."
"Kia","Telluride (3.8 V6, FWD)","2020–наст.","1985","Полноразмерный внедорожник с тремя рядами сидений. Масса: 4,376 lbs."
"Kia","Telluride (3.8 V6, AWD)","2020–наст.","2060","Полноприводная версия. Масса: 4,542 lbs."
"Kia","Niro Hybrid (1.6, FWD)","2023–наст.","1430","Гибридный компактный кроссовер. Масса: 3,152 lbs."
"Kia","Niro EV (64.8 кВт·ч)","2023–наст.","1720","Полностью электрическая версия Niro. Масса: 3,792 lbs."
"Kia","EV6 (RWD, 77.4 кВт·ч)","2022–наст.","1940","Электрический кроссовер на платформе E-GMP. Масса: 4,277 lbs."
"Kia","EV6 GT (AWD, 77.4 кВт·ч)","2022–наст.","2185","Заряженная версия с 585 л.с. Масса: 4,817 lbs."
"Kia","EV9 (RWD, 99.8 кВт·ч)","2024–наст.","2545","Полноразмерный электрический внедорожник. Масса: 5,611 lbs."
"Kia","EV9 (AWD, 99.8 кВт·ч)","2024–наст.","2675","Полноприводная версия. Масса: 5,886 lbs."
"Kia","Carnival (3.5 V6, FWD)","2022–наст.","2060","Минивэн с тремя рядами сидений. Масса: 4,542 lbs."
"Koenigsegg","CC8S","2002–2004","1175","Первый серийный гиперкар, 4.7 V8 (655 л.с.), сухая масса"
"Koenigsegg","CCR","2004–2006","1180","Рекордный гиперкар, 4.7 V8 (806 л.с.), сухая масса"
"Koenigsegg","CCX","2006–2010","1180","Версия для США, 4.7 V8 (806 л.с.), сухая масса"
"Koenigsegg","CCXR","2007–2010","1280","Биотопливная версия CCX, 4.8 V8 (1,018 л.с.)"
"Koenigsegg","CCXR Edition","2008","1280","Лимитированная серия CCXR с улучшенной аэродинамикой"
"Koenigsegg","CCXR Trevita","2009–2010","1280","Уникальная версия с алмазным покрытием кузова, 2 экз."
"Koenigsegg","Agera","2011–2013","1290","Преемник CCX, 5.0 V8 (947 л.с.), сухая масса"
"Koenigsegg","Agera R","2011–2014","1330","Биотопливная версия Agera, 5.0 V8 (1,140 л.с.), сухая масса"
"Koenigsegg","One:1","2014","1360","Первый мегакар с соотношением 1:1 (1,360 л.с. / 1,360 кг), сухая масса"
"Koenigsegg","Agera RS","2015–2018","1395","Усовершенствованная версия Agera R (1,160 л.с.), снаряжённая масса"
"Koenigsegg","Regera","2016–2022","1590","Гибридный гиперкар, 1,500 л.с., трансмиссия KDD, снаряжённая масса"
"Koenigsegg","Jesko","2020–наст.","1390","5.0 V8 (1,600 л.с. на E85), снаряжённая масса"
"Koenigsegg","Jesko Absolut","2021–наст.","1390","Версия для максимальной скорости (>500 км/ч), снаряжённая масса"
"Koenigsegg","Gemera","2023–наст.","1850","Четырёхместный Megacar, 2.0L 3-цил. + 3 э/м (1,700 л.с.), снаряжённая масса"
"Koenigsegg","CC850","2023–наст.","1385","Современная интерпретация CC8S с трансмиссией-трансформером, снаряжённая масса"
"KTM","X-Bow Street","2008–наст.","790","Базовая дорожная версия без лобового стекла, 2.0T Audi (240 л.с.), 6-ст. МКПП. Снаряжённая масса: 790 кг."
"KTM","X-Bow Clubsport","2013–наст.","805","Трековая версия с усиленной подвеской и улучшенной аэродинамикой, 2.0T (240 л.с.). Снаряжённая масса: 805 кг."
"KTM","X-Bow Superlight","2009–2012","770","Облегчённая версия Street. Снаряжённая масса: около 770 кг."
"KTM","X-Bow R","2010–н.в.","810","Форсированная версия с двигателем 2.0T (300 л.с.). Сухая масса: 810 кг."
"KTM","X-Bow RR","2013–н.в.","810","Ещё более мощная версия с двигателем 2.0T (360 л.с.). Сухая масса: 810 кг."
"KTM","X-Bow GT","2013–наст.","847","Дорожная версия с лобовым стеклом и боковыми окнами, 2.0T (285 л.с.). Снаряжённая масса: 847 кг."
"KTM","X-Bow GT4","2016–н.в.","825","Гоночный автомобиль для класса GT4, 2.0T (360 л.с.). Снаряжённая масса: 825 кг, сухая: 998 кг."
"KTM","X-Bow GTX","2020–н.в.","1000","Трековый суперкар для класса GT2, 2.5T Audi (600 л.с.). Снаряжённая масса: около 1,000 кг, сухая: 1,048 кг."
"KTM","X-Bow GT2","2022–н.в.","1220","Гоночный автомобиль для класса GT2, омологированная версия GTX. Снаряжённая масса: 1,220 кг, сухая: 1,000 кг."
"KTM","X-Bow GT-XR","2022–н.в.","1130","Дорожная версия с закрытым кузовом-капсулой, 2.5T Audi (493–500 л.с.), 7-ст. DCT. Снаряжённая масса: 1,130–1,250 кг."
"Lada","Granta (седан, 1.6 MT)","2011–наст.","1075","Самый доступной автомобиль. Масса стандартных версий от 1075 кг."
"Lada","Granta Cross (1.6 MT)","2019–наст.","1160","Кросс-версия. Масса от 1125 до 1160 кг в зависимости от комплектации."
"Lada","Granta (бортовой грузовик / фургон)","2014–наст.","1185","Коммерческие версии."
"Lada","Vesta (седан)","2015–наст.","1220","Ключевая модель B+. Масса от 1220 до 1345 кг."
"Lada","Vesta SW (универсал)","2017–наст.","1280","Универсал. Масса от 1280 до 1350 кг."
"Lada","Vesta SW Cross (универсал)","2017–наст.","1280","Кросс-универсал. Масса от 1280 до 1350 кг."
"Lada","Vesta Sport (седан)","2019–2022","1322","Спортивный седан, 1.8 л (145 л.с.). Снят с производства."
"Lada","Vesta Sport SW (универсал)","2025–наст.","1382","Спортивный универсал."
"Lada","Aura (седан)","2024–наст.","1400","Удлинённый бизнес-седан на базе Vesta. Полная масса — 1730 кг."
"Lada","XRAY (хэтчбек)","2015–2022","1190","Компактный хэтчбек. Базовая масса 1190-1250 кг. Снят с производства."
"Lada","XRAY Cross","2018–2022","1295","Кросс-версия XRAY. Масса 1295-1300 кг. Снят с производства."
"Lada","Niva Legend (3-дверная)","1977–наст.","1285","Классический рамный внедорожник."
"Lada","Niva Legend (5-дверная)","1995–наст.","1485","Удлинённая версия Legend."
"Lada","Niva Travel","2020–наст.","1485","Современный внедорожник на базе Chevrolet Niva."
"Lada","Niva Bronto","2024–наст.","1285","Внедорожная версия Legend с усиленной подвеской."
"Lada","Largus (универсал, 5 мест)","2012–наст.","1260","Практичный универсал на базе Renault Logan MCV."
"Lada","Largus Cross (универсал, 5/7 мест)","2015–наст.","1255","Кросс-версия универсала. Масса от 1255 до 1370 кг в зависимости от количества мест."
"Lamborghini","Revuelto","2023–наст.","1772","Гибридный суперкар, 6.5 V12 + 3 э/м (1015 л.с.), полный привод, 8-ст. робот"
"Lamborghini","Huracán (LP 610-4)","2014–наст.","1422","Суперкар, 5.2 V10 (610 л.с.), полный привод, 7-ст. DCT"
"Lamborghini","Urus","2018–наст.","2200","Кроссовер, 4.0 V8 твин-турбо (650 л.с.), полный привод, 8-ст. АКПП"
"Lamborghini","Urus S / Performante","2022–наст.","2200","Кроссовер, 4.0 V8 (666 л.с.), полный привод"
"Lamborghini","350 GT","1964–1966","1450","Первый серийный Lamborghini, 3.5 V12 (280 л.с.)"
"Lamborghini","Miura (P400)","1966–1973","1292","Легендарный суперкар, 3.9 V12 (350 л.с.)"
"Lamborghini","Espada (Series III)","1968–1978","1630","Четырёхместное купе GT, 3.9 V12 (325 л.с.)"
"Lamborghini","Countach (LP400)","1974–1990","1488","Культовый суперкар, 5.2 V12 (455 л.с.). Масса: от 1300.5 кг (LP400) до 1488 кг (LP5000QV)"
"Lamborghini","LM002","1986–1993","2700","Внедорожник 'Rambo Lambo', 5.2 V12 (444 л.с.)"
"Lamborghini","Jalpa","1981–1988","1510","Младшая модель, 3.5 V8 (255 л.с.)"
"Lamborghini","Diablo","1990–2001","1576","Суперкар, 5.7 V12 (492 л.с.). Масса VT: 1625 кг, SE30: 1430 кг"
"Lamborghini","Murciélago","2001–2010","1841","Флагманский суперкар, 6.2 V12 (580 л.с.). Масса LP640: 1746 кг"
"Lamborghini","Gallardo (LP 560-4)","2003–2013","1501","Массовый суперкар, 5.2 V10 (560 л.с.)"
"Lamborghini","Aventador (LP 700-4)","2011–2022","1731","Флагманский суперкар, 6.5 V12 (700 л.с.). Масса: 1575 кг (сухая), 1853 кг (снаряжённая US)"
"Lamborghini","Sesto Elemento","2011","999","Трековый гиперкар с широким использованием карбона"
"Lamborghini","Veneno","2013–2014","1450","Лимитированная серия (3 купе + 9 родстеров), 6.5 V12 (750 л.с.)"
"Lamborghini","Centenario","2016–2017","1520","Лимитированная серия (20 купе + 20 родстеров), 6.5 V12 (770 л.с.)"
"Lamborghini","Sián FKP 37 (купе)","2019–2022","1595","Первый гибридный Lamborghini, 6.5 V12 + э/м (819 л.с.)"
"Lamborghini","Countach LPI 800-4","2022","1595","Современная интерпретация Countach, гибрид, 6.5 V12 (814 л.с.)"
"Lancia","Ypsilon (новый, гибрид, 100 л.с.)","2024–наст.","1207","Современный хэтчбек, 1.2 MHEV, 6-ст. робот, 5 дверей"
"Lancia","Ypsilon (новый, гибрид, 110 л.с.)","2025–наст.","1282","Современный хэтчбек, 1.2 MHEV, форсированная версия"
"Lancia","Ypsilon Elettrica (156 л.с.)","2024–наст.","1486","Электрический хэтчбек, батарея 54 кВт·ч, запас хода 418 км (WLTP)"
"Lancia","Ypsilon HF (280 л.с.)","2025–наст.","1531","«Горячий» хэтчбек, электромотор 280 л.с., дифференциал Torsen, разгон 0-100 км/ч за 5.6 с"
"Lancia","Ypsilon (4-е поколение, 0.9)","2011–2024","965","Хэтчбек B-класса на платформе Fiat Mini, 0.9 л (86 л.с.)"
"Lancia","Ypsilon (4-е поколение, 1.2)","2011–2024","945","Хэтчбек, 1.2 л (69 л.с.)"
"Lancia","Ypsilon (4-е поколение, 1.3D)","2011–2024","1060","Хэтчбек, 1.3 л дизель (95 л.с.)"
"Lancia","Ypsilon (3-е поколение, 1.2)","2003–2011","945","Хэтчбек, 1.2 л (60 л.с.), 5-ст. МКПП"
"Lancia","Ypsilon (3-е поколение, 1.3 Multijet)","2003–2011","1045","Хэтчбек, 1.3 л дизель (70 л.с.)"
"Lancia","Ypsilon (1-е поколение, 1.1)","1995–2003","850","Хэтчбек, 1.1 л (54 л.с.), 5-ст. МКПП"
"Lancia","Ypsilon (1-е поколение, 1.2)","1995–2003","975","Хэтчбек, 1.2 л (60 л.с.)"
"Lancia","Musa (1.4)","2004–2012","1155","Компактвэн, 1.4 л (77 л.с.), 5-ст. МКПП"
"Lancia","Musa (1.3 Multijet)","2004–2012","1205","Компактвэн, 1.3 л дизель (90 л.с.), роботизированная КПП"
"Lancia","Musa (1.9 Multijet)","2007–2012","1350","Компактвэн, 1.9 л дизель (100 л.с.)"
"Lancia","Delta (3-е поколение, 1.9d)","2008–2014","1505","Хэтчбек C-класса, 1.9 л дизель (190 л.с.), 6-ст. МКПП"
"Lancia","Delta (2-е поколение, 1.6)","1993–1999","1100","Хэтчбек, 1.6 л (103 л.с.), 5-ст. МКПП"
"Lancia","Delta (2-е поколение, 2.0)","1993–1999","1280","Хэтчбек, 2.0 л (139 л.с.)"
"Lancia","Delta (1-е поколение, 1.5)","1979–1994","960","Хэтчбек, 1.5 л (85 л.с.), 5-ст. МКПП. Легендарная раллийная модель"
"Lancia","Delta (1-е поколение, 2.0)","1979–1994","1232","Хэтчбек, 2.0 л (139 л.с.)"
"Lancia","Thesis (2.0)","2002–2009","1695","Представительский седан, 2.0 л (185 л.с.)"
"Lancia","Thesis (3.0 V6)","2002–2009","1750","Представительский седан, 3.0 л V6 (215 л.с.)"
"Lancia","Thesis (2.4)","2002–2009","1710","Представительский седан, 2.4 л (170 л.с.)"
"Lancia","Thema (1-е поколение, 2.0)","1984–1994","1145","Бизнес-седан, 2.0 л (120 л.с.)"
"Lancia","Thema (1-е поколение, 2.85 V6)","1984–1994","1280","Бизнес-седан, 2.85 л V6 (150 л.с.)"
"Lancia","Thema (1-е поколение, 2.5 TD)","1984–1994","1360","Бизнес-седан, 2.5 л турбодизель (118 л.с.)"
"Lancia","Kappa (седан, 2.0)","1994–2001","1485","Бизнес-седан, 2.0 л (145 л.с.), преемник Thema"
"Lancia","Kappa (купе, 2.0 Turbo)","1994–2000","1455","Купе, 2.0 л турбо (205 л.с.)"
"Lancia","Kappa (универсал, 2.0)","1996–2001","1510","Универсал, 2.0 л (145 л.с.)"
"Lancia","Lybra (1.6)","1999–2006","1250","Седан, 1.6 л (103 л.с.), 5-ст. МКПП"
"Lancia","Lybra (2.0)","1999–2006","1335","Седан, 2.0 л (143 л.с.)"
"Lancia","Lybra (1.9 JTD)","1999–2006","1310","Седан, 1.9 л турбодизель (105 л.с.)"
"Lancia","Dedra (1.6)","1989–2000","1100","Седан C-класса, 1.6 л (90 л.с.), 5-ст. МКПП"
"Lancia","Dedra (2.0)","1989–2000","1260","Седан C-класса, 2.0 л (139 л.с.)"
"Lancia","Prisma (1.3)","1982–1989","935","Седан C-класса, 1.3 л (75 л.с.)"
"Lancia","Prisma (2.0 4WD)","1982–1989","1180","Седан C-класса, 2.0 л, полный привод"
"Lancia","Trevi (2.0)","1980–1984","1165","Седан на базе Beta, 2.0 л (115–135 л.с.)"
"Lancia","Beta (купе, 2.0)","1972–1984","1020","Купе, 2.0 л (120 л.с.), первый переднеприводный Lancia"
"Lancia","Beta (седан)","1972–1984","1070","Седан, масса варьируется от 1000 до 1195 кг"
"Lancia","Gamma (седан, 2.0)","1976–1984","1320","Бизнес-седан, 2.0 л (120 л.с.)"
"Lancia","Gamma (купе, 2.5)","1980–1984","1290","Купе, 2.5 л (140 л.с.)"
"Lancia","Fulvia (седан, 1.3)","1963–1976","1060","Седан, 1.3 л (88 л.с.)"
"Lancia","Fulvia Sport (1.3 S)","1972","970","Купе Sport, 1.3 л (90 л.с.)"
"Lancia","Stratos HF (2.4)","1973–1978","980","Раллийное купе, 2.4 л V6 (190 л.с.), центральное расположение двигателя"
"Lancia","Phedra (2.0)","2002–2010","1645","Минивэн, 2.0 л (136 л.с.)"
"Lancia","Phedra (2.2)","2002–2010","1736","Минивэн, 2.2 л (170 л.с.)"
"Lancia","Phedra (3.0 V6)","2002–2010","1760","Минивэн, 3.0 л V6 (204 л.с.)"
"Lancia","Voyager (2.8D)","2011–2015","2167","Минивэн, 2.8 л турбодизель (163–178 л.с.), лицензионный Chrysler Grand Voyager"
"Lancia","Voyager (3.6 V6)","2011–2015","2330","Минивэн, 3.6 л V6 (283 л.с.)"
"Lancia","Y10 (1.1)","1985–1995","855","Городской хэтчбек, 1.1 л (51 л.с.), предшественник Ypsilon"
"Lancia","Y10 (1.1 4WD)","1987–1993","890","Городской хэтчбек, 1.1 л (51 л.с.), полный привод"
"Lancia","Aurelia (B50 Pininfarina)","1950","1150","Gran Turismo, 1.75 л V6 (56 л.с.), кузов Pininfarina"
"Lancia","Aurelia (B24 Spider)","1954–1955","1070","Spider, 2.5 л V6 (118 л.с.)"
"Lancia","Aurelia (GT 2500 Convertible America)","1956","1215","Кабриолет, 2.5 л V6 (118 л.с.)"
"Land Rover","Defender (классический, 1983)","1983–2016","1240","Классический рамный внедорожник. Снаряжённая масса: 1240–1922 кг в зависимости от длины кузова и двигателя (carsguide.com.au)."
"Land Rover","Defender (L663, 110 P400 HSE)","2019–наст.","2383","Современный Defender. Снаряжённая масса: 2383–2585 кг в зависимости от типа двигателя и комплектации (carsguide.com.au)."
"Land Rover","Discovery (1997 TDi)","1989–2004","1960","Первое поколение Discovery. Масса: 1960 кг (carsales.com.au)."
"Land Rover","Discovery (2016 SDV6 Landmark)","2004–2016","2583","Второе поколение (Discovery 3/4). Масса: 2583 кг (carsguide.com.au)."
"Land Rover","Discovery (2019 SDV6 HSE Luxury)","2017–наст.","2230","Современное поколение Discovery. Масса: 2230–2583 кг в зависимости от двигателя (carsguide.com.au, prostobank.ua)."
"Land Rover","Discovery Sport (2016 SD4 HSE)","2015–наст.","1720","Компактный кроссовер, младший брат Discovery. Масса: 1720 кг (carsguide.com.au)."
"Land Rover","Discovery Sport (2020 P200 S)","2015–наст.","1872","Обновлённая версия с бензиновым двигателем. Масса: 1872 кг (carsguide.com.au)."
"Land Rover","Freelander (1998 1.8)","1997–2006","1490","Первое поколение Freelander. Масса: 1490 кг (carsguide.com.au)."
"Land Rover","Freelander 2 (2012 HSE)","2006–2014","1770","Второе поколение Freelander. Масса: 1770 кг (carsguide.com.au)."
"Land Rover","Range Rover (классический, 1987)","1970–1996","1900","Легендарная классическая модель. Масса: 1900–1944 кг в зависимости от двигателя (autotrader.com.au)."
"Land Rover","Range Rover (L322, 2003)","2002–2012","2225","Третье поколение Range Rover с алюминиевым кузовом. Масса: 2225 кг (goauto.com.au)."
"Land Rover","Range Rover (L405, 2014–2017)","2012–2022","2160","Четвёртое поколение Range Rover. Масса: 2160 кг (cardekho.com)."
"Land Rover","Range Rover (L460, 2025)","2022–наст.","2454","Текущее, пятое поколение флагманского внедорожника. Масса: 2454–2510 кг (drivespark.com, zigwheels.my)."
"Land Rover","Range Rover Sport (2008 2.7 TDV6)","2005–2013","2455","Первое поколение Range Rover Sport. Масса: 2455 кг (carsguide.com.au)."
"Land Rover","Range Rover Sport (2013 SDV6)","2013–2022","2535","Второе поколение Range Rover Sport. Масса: 2535 кг (carsguide.com.au)."
"Land Rover","Range Rover Sport (2026 P400 Dynamic HSE)","2022–наст.","2316","Текущее поколение Range Rover Sport. Масса: 2316 кг (carsguide.com.au)."
"Land Rover","Range Rover Sport (2026 P635 SV Carbon)","2022–наст.","2485","Топ-версия с 4.4-литровым V8. Масса: 2485 кг (carsguide.com.au)."
"Land Rover","Range Rover Evoque (2012)","2011–2018","1640","Первое поколение Evoque. Масса: 1640 кг (goauto.com.au)."
"Land Rover","Range Rover Evoque (2017 TD4 180 HSE Dynamic)","2011–2018","1795","Рестайлинг первого поколения. Масса: 1795 кг (carsguide.com.au)."
"Land Rover","Range Rover Evoque (2019 P200 R-Dynamic S)","2018–наст.","1813","Второе поколение Evoque. Масса: 1813 кг (carsguide.com.au)."
"Land Rover","Range Rover Velar (2019 D275 Standard)","2017–наст.","1959","Среднеразмерный кроссовер с дизельным двигателем. Масса: 1959 кг (carsguide.com.au)."
"Land Rover","Range Rover Velar (2019 P340 R-Dynamic SE)","2017–наст.","1884","Версия с бензиновым V6. Масса: 1884 кг (carsguide.com.au)."
"Land Rover","Series I (1948)","1948–1958","1177","Самый первый Land Rover. Масса: 1177 кг."
"Land Rover","Series II (1958)","1958–1971","1232","Второе поколение классического внедорожника. Масса: 1232 кг."
"Land Rover","Series III (1971)","1971–1985","1244","Третье поколение классического внедорожника. Масса: 1244 кг."
"Leapmotor","T03 (базовая версия)","2020–наст.","1190","Городской 4-местный хэтчбек. Масса: 995–1190 кг в зависимости от версии. Батарея 36.5 кВт·ч, запас хода 403 км (NEDC)."
"Leapmotor","T03 (LCV, 37.3 кВт·ч)","2020–наст.","1190","Грузопассажирская версия для европейского рынка. Грузоподъёмность 220 кг. Батарея 37.3 кВт·ч, запас хода 256 км (WLTP)."
"Leapmotor","C01 (BEV, 61.4–82.5 кВт·ч)","2022–наст.","1885","Представительский седан E-класса. Масса: 1885–2150 кг в зависимости от батареи. Cd 0.226."
"Leapmotor","C01 (EREV, 43.7 кВт·ч)","2023–наст.","2010","Гибридная версия с 1.5 л генератором. Запас хода на электротяге 216 км (CLTC), общий — 1276 км."
"Leapmotor","B01 (базовая, 56.2 кВт·ч)","2025–наст.","1625","Заднеприводный седан на платформе LEAP 3.5. Электромотор 177 л.с. (132 кВт). Запас хода 550 км (CLTC)."
"Leapmotor","B01 (топ-версия, 67.1 кВт·ч)","2025–наст.","1711","Версия с увеличенной батареей и электромотором 215 л.с. (160 кВт). Запас хода 650 км (CLTC)."
"Leapmotor","C11 (BEV, 78.5–81.9 кВт·ч)","2021–наст.","2330","Среднеразмерный кроссовер. Масса EV-версии: 2110–2330 кг в зависимости от привода и батареи."
"Leapmotor","C11 (EREV, 43.74 кВт·ч)","2021–наст.","2090","Гибридная версия с 1.5 л генератором. Масса: 2030–2090 кг. Общий запас хода до 1025 км."
"Leapmotor","C10 (EV, 52.9–74.9 кВт·ч)","2024–наст.","1845","Среднеразмерный кроссовер на платформе LEAP 3.0. Масса: 1845–1980 кг в зависимости от батареи. Запас хода 410–605 км."
"Leapmotor","C10 (REEV, 28.4 кВт·ч)","2024–наст.","1875","Гибридная версия (REEV) с 1.5 л генератором. Общий запас хода 1190 км."
"Leapmotor","C16 (EV, 74.9 кВт·ч)","2024–наст.","2575","Полноразмерный 6-местный внедорожник. Задний привод, электромотор 292 л.с. Запас хода 580 км (CLTC)."
"Leapmotor","C16 (EREV, 1.5 л)","2024–наст.","2065","Гибридная версия (EREV) с 1.5 л генератором. Масса: 2065–2095 кг. Запас хода на электротяге 200 км (CLTC)."
"Leapmotor","B10 (EV, 56.2 кВт·ч)","2025–наст.","","Компактный кроссовер на платформе LEAP 3.5. Электромотор 160 кВт, запас хода 361 км (WLTP). Точная масса не раскрыта."
"Leapmotor","B10 (EV, 67.1 кВт·ч)","2025–наст.","","Версия с увеличенной батареей и запасом хода 434 км (WLTP). Точная масса не раскрыта."
"Lexus","IS 300 (RWD)","2013–наст.","1685","Компактный спортивный седан, 2.0 л турбо (241 л.с.), 8-ст. АКПП"
"Lexus","IS 350 (RWD)","2013–наст.","1700","Компактный спортивный седан, 3.5 л V6 (311 л.с.)"
"Lexus","ES 250","2018–наст.","1575","Бизнес-седан, 2.5 л (203 л.с.). Масса: 1,575–1,610 кг"
"Lexus","ES 350","2018–наст.","1685","Бизнес-седан, 3.5 л V6 (302 л.с.). Масса: 1,640–1,685 кг (3,690 lbs)"
"Lexus","ES 300h","2018–наст.","1660","Гибридный бизнес-седан, 2.5 л + э/м (215 л.с.)"
"Lexus","LS 500","2017–наст.","2130","Флагманский седан, 3.5 л V6 твин-турбо (416 л.с.), 10-ст. АКПП (4,696 lbs)"
"Lexus","RC 300 (RWD)","2014–наст.","1695","Спортивное купе, 2.0 л турбо (241 л.с.)"
"Lexus","RC F","2014–наст.","1795","Спортивное купе, 5.0 л V8 (472 л.с.), 8-ст. АКПП (3,958 lbs)"
"Lexus","LC 500","2017–наст.","1940","Флагманское купе, 5.0 л V8 (471 л.с.), 10-ст. АКПП (4,340 lbs)"
"Lexus","LC 500h","2017–наст.","2000","Гибридное флагманское купе, 3.5 л V6 + э/м (354 л.с.)"
"Lexus","LC 500 Convertible","2020–наст.","2035","Кабриолет, 5.0 л V8 (471 л.с.). Масса: 2,035–2,055 кг"
"Lexus","UX 200","2018–наст.","1485","Субкомпактный кроссовер, 2.0 л (170 л.с.)"
"Lexus","UX 250h","2018–наст.","1570","Гибридный субкомпактный кроссовер, 2.0 л + э/м (181 л.с.). Масса: 1,570–1,635 кг"
"Lexus","NX 250 (FWD)","2021–наст.","1660","Компактный кроссовер, 2.5 л (203 л.с.) (3,660 lbs)"
"Lexus","NX 350 (AWD)","2021–наст.","1850","Компактный кроссовер, 2.4 л турбо (275 л.с.), полный привод (4,080 lbs)"
"Lexus","NX 350h","2021–наст.","1790","Гибридный компактный кроссовер, 2.5 л + э/м (240 л.с.)"
"Lexus","RX 350 (FWD)","2022–наст.","1845","Среднеразмерный кроссовер, 2.4 л турбо (275 л.с.). Масса: 1,845–1,910 кг (4,067 lbs)"
"Lexus","RX 350h","2022–наст.","1990","Гибридный среднеразмерный кроссовер, 2.5 л + э/м (246 л.с.). Масса: 1,990–2,085 кг"
"Lexus","RX 450h+ (PHEV)","2022–наст.","2178","Подзаряжаемый гибрид, 2.5 л + э/м (304 л.с.) (4,800 lbs)"
"Lexus","RZ 450e (AWD)","2023–наст.","2110","Электрический кроссовер, 2 э/м (308 л.с.), батарея 71.4 кВт·ч, запас хода 470 км"
"Lexus","TX 350 (FWD)","2024–наст.","2005","Полноразмерный 7-местный кроссовер, 2.4 л турбо (275 л.с.)"
"Lexus","TX 350 (AWD)","2024–наст.","2075","Полноразмерный кроссовер, полный привод (4,575 lbs)"
"Lexus","GX 550","2024–наст.","2525","Рамный внедорожник, 3.4 л V6 твин-турбо (349 л.с.). Масса: 2,525–2,587 кг (5,565–5,705 lbs)"
"Lexus","LX 600","2021–наст.","2660","Флагманский рамный внедорожник, 3.5 л V6 твин-турбо (409 л.с.), 10-ст. АКПП (5,665 lbs)"
"Lexus","LX 700h","2025–наст.","2696","Гибридный рамный внедорожник (5,945 lbs)"
"Lexus","CT 200h","2011–2022","1420","Гибридный хэтчбек, 1.8 л + э/м (134 л.с.) (3,130 lbs)"
"Lexus","GS 300","2005–2020","1726","Бизнес-седан, 2.0 л турбо (241 л.с.) (3,805 lbs)"
"Lexus","GS F","2015–2020","1865","Топ-версия бизнес-седана, 5.0 л V8 (467 л.с.). Масса: 1,825–1,865 кг"
"Lexus","SC 430","2001–2010","1742","Кабриолет с жесткой складной крышей, 4.3 л V8 (281 л.с.) (3,840 lbs)"
"Lexus","LFA","2010–2012","1480","Легендарный суперкар, 4.8 л V10 (560 л.с.), 6-ст. роботизированная КПП (3,263 lbs)"
"Ligier","JS2","1970–1975","980","Среднемоторное купе с Maserati V6. Выпущено около 200 экз."
"Ligier","JS2 R","2018–наст.","980","Гоночная реинкарнация JS2 с 3.7 л Ford V6 (330 л.с.), 6-ст. секвентальная КПП"
"Ligier","JS4","1980–1987","215","Первый микрокар марки, ознаменовавший смену стратегии"
"Ligier","Optima (бензин)","1987–1995","305","Преемник JS4, снаряжённая масса 305 кг (Série 7)"
"Ligier","Optima (электрический)","1987–1995","750","Электрическая версия Optima"
"Ligier","X-Too","2004–2014","350","Дизельный микрокар. Масса: 350–408 кг"
"Ligier","IXO","2010–2014","350","Компактный городской квадрицикл"
"Ligier","JS RC","2012–2016","349","Микрокар в кузове купе"
"Ligier","JS50 (дизель)","2014–наст.","350","Современная линейка микрокаров. Масса: 345–400 кг"
"Ligier","JS50 II (электрический)","2024–наст.","383","Электрическая версия JS50, батарея 8.28–12.42 кВт·ч"
"Ligier","Myli (дизель)","2023–наст.","425","Городская модель с дизельным двигателем"
"Ligier","Myli (электрический)","2023–наст.","371","Электрическая версия Myli, батарея 8.28–12.42 кВт·ч"
"Ligier","Be Up","2002–2011","335","Двухместный микрокар с дизайном от Джуджаро"
"Ligier","Be Sun","2009–2016","650","Электрический микрокар с запасом хода около 70 км"
"Ligier","JS60","2021–наст.","350","Стильный кроссовер-квадрицикл"
"Ligier","Pulse 4","2020–наст.","745","Полностью электрический грузовой автомобиль"
"Ligier","EZ-10","2016–наст.","1600","Полностью загруженный электрический шаттл"
"Ligier","JS P4","2018–наст.","550","Спортпрототип начального уровня"
"Ligier","JS P320","2019–наст.","950","Гоночный автомобиль класса LMP3 с двигателем Nissan V8"
"Ligier","JS P217","2017–наст.","930","Прототип класса LMP2 для гонок на выносливость"
"Ligier","JS PX","2024–наст.","910","Трековый гиперкар без омологации, 825 л.с."
"Lincoln","Aviator (RWD, 2025)","2020–наст.","2201","Среднеразмерный кроссовер, 3.0 л V6 твин-турбо (400 л.с.), задний привод. Масса: 4,852 lbs."
"Lincoln","Aviator (AWD, 2025)","2020–наст.","2254","Полноприводная версия. Масса: 4,970 lbs."
"Lincoln","Aviator Grand Touring (PHEV, AWD)","2020–наст.","2573","Подзаряжаемый гибрид, 3.0 л V6 + э/м (494 л.с.). Масса: 5,673 lbs."
"Lincoln","Aviator (2003–2004, AWD)","2003–2004","2257","Первое поколение Aviator на базе Ford Explorer. Масса: 4,805–4,975 lbs."
"Lincoln","Corsair (FWD, 2025)","2020–наст.","1671","Компактный кроссовер, 2.0 л турбо (250 л.с.). Масса: 3,685 lbs."
"Lincoln","Corsair Grand Touring (PHEV, AWD)","2021–наст.","2038","Подзаряжаемая гибридная версия Corsair. Масса: 4,493 lbs."
"Lincoln","Nautilus (AWD, 2026)","2019–наст.","2049","Среднеразмерный кроссовер, сменивший MKX. Версия Black Label AWD. Масса: 4,517 lbs."
"Lincoln","Nautilus (FWD, 2021)","2019–наст.","1879","Переднеприводная версия с 2.0 л турбо. Масса: 4,142 lbs."
"Lincoln","Nautilus (AWD, 2024)","2023–наст.","1973","Полноприводная версия нового поколения (сборка в Китае). Масса: 4,349 lbs."
"Lincoln","Navigator (4x4, 2024)","2018–наст.","2655","Полноразмерный рамный внедорожник, 3.5 л V6 твин-турбо (440 л.с.). Масса: 5,854–5,855 lbs."
"Lincoln","Navigator L (4x4, 2024)","2018–наст.","2747","Удлинённая версия Navigator. Масса: 5,980–6,056 lbs."
"Lincoln","Navigator (2026)","2026–наст.","2689","Обновлённая версия полноразмерного внедорожника. Масса: 5,929 lbs."
"Lincoln","MKZ (FWD, 2018)","2007–2020","1574","Седан среднего размера. Масса: 3,469–3,849 lbs."
"Lincoln","MKC (FWD, 2016)","2015–2019","1710","Компактный кроссовер, предшественник Corsair. Масса: 3,771–3,969 lbs."
"Lincoln","MKT (FWD, 2013)","2010–2019","2103","Полноразмерный кроссовер с тремя рядами сидений. Масса: 4,637–5,036 lbs."
"Lincoln","Continental (FWD, 2018)","2017–2020","1916","Представительский седан. Масса: 4,224–4,346 lbs."
"Lincoln","Continental (2000)","1995–2002","1745","Классический представительский седан. Масса: 3,848–3,883 lbs."
"Lincoln","Town Car","1981–2011","1821","Легендарный рамный седан. Масса: 4,015–4,502 lbs."
"Lincoln","LS (2000)","2000–2006","1632","Спортивный седан с задним приводом. Масса: 3,598–3,772 lbs."
"Lincoln","Zephyr (2006)","2006","1545","Компактный седан, позже переименован в MKZ. Масса: 3,406 lbs."
"Lincoln","Mark LT (2006)","2006–2008","2378","Роскошный пикап на базе Ford F-150. Масса: 5,242–5,677 lbs."
"Lincoln","Blackwood (2002)","2002","2531","Первый люксовый пикап Lincoln на базе F-150. Масса: 5,580–5,700 lbs."
"Li Auto","One","2019–2022","2300","Первый EREV-кроссовер, 1.2T + э/м (333 л.с.), батарея 40.5 кВт·ч, пробег на электричестве 188 км (NEDC)"
"Li Auto","L9","2022–наст.","2520","Флагманский EREV-кроссовер, 1.5T + э/м (449 л.с.), батарея 44.5 кВт·ч, масса варьируется до 2570 кг"
"Li Auto","L9 Livis (2026)","2026–наст.","3435","Обновлённая версия L9, масса: 3435 кг"
"Li Auto","L8 (2022)","2022–наст.","2460","Среднеразмерный EREV-кроссовер, 1.5T + э/м (449 л.с.), масса варьируется от 2460 до 2530 кг"
"Li Auto","L8 Livis (2026)","2026–наст.","2740","Обновлённая версия L8, масса варьируется в диапазоне 2740–2830 кг"
"Li Auto","L7 (Air Edition)","2023–наст.","2450","5-местный EREV-кроссовер, 1.5T + э/м (449 л.с.), батарея 40.9 кВт·ч, масса варьируется до 2500 кг"
"Li Auto","L7 (Ultra)","2024–наст.","2500","Топ-версия L7, масса: 2500 кг"
"Li Auto","L6 (Pro)","2024–наст.","2330","Компактный EREV-кроссовер, 1.5T + э/м (408 л.с.), батарея 36.8 кВт·ч, масса варьируется до 2345 кг"
"Li Auto","MEGA","2024–наст.","2785","Электрический минивэн, два э/м (544 л.с.), батарея 102.7 кВт·ч, запас хода 710 км (CLTC)"
"Li Auto","i8","2025–наст.","2580","Электрический кроссовер, батарея 97.8 кВт·ч, запас хода 720 км (CLTC), масса варьируется до 2610 кг"
"Li Auto","i6","2025–наст.","2380","Электрический седан, масса варьируется от 2380 до 2515 кг в зависимости от комплектации"
"Lotus","Evija (базовая)","2019–наст.","1680","Электрический гиперкар, 4 э/м (2000 л.с.), разгон 0-100 км/ч менее 3 с"
"Lotus","Evija (Wikipedia)","2019–наст.","1887","Электрический гиперкар (данные Wikipedia, возможно, с жидкостями)"
"Lotus","Eletre (базовая)","2022–наст.","2490","Электрический кроссовер, 2 э/м (611 л.с.), батарея 112 кВт·ч"
"Lotus","Eletre R+","2022–наст.","2600","Электрический кроссовер, 2 э/м (918 л.с.), разгон 0-100 км/ч за 2.95 с"
"Lotus","Eletre PHEV","2026 (план)","2575","Гибридный кроссовер, 2.0T + 3 э/м (1381 л.с.), запас хода на электротяге 355 км"
"Lotus","Emeya (базовая)","2024–наст.","2455","Электрический лифтбек, 2 э/м (612 л.с.), батарея 102 кВт·ч"
"Lotus","Emeya R","2024–наст.","2565","Электрический лифтбек, 2 э/м (905 л.с.), разгон 0-100 км/ч за 2.78 с"
"Lotus","Emira (V6)","2021–наст.","1405","Среднемоторное купе, 3.5 V6 Toyota (405 л.с.), 6-ст. МКПП или АКПП"
"Lotus","Emira (2.0 AMG)","2021–наст.","1446","Среднемоторное купе, 2.0T Mercedes-AMG (366 л.с.), 8-ст. DCT"
"Lotus","3-Eleven (дорожная)","2015–2018","925","Трековый родстер, 3.5 V6 (410 л.с.)"
"Lotus","3-Eleven (трековая)","2015–2018","890","Облегченная версия для трека"
"Lotus","Elise S1","1996–2001","725","Легендарный легкий родстер, 1.8 л (120 л.с.)"
"Lotus","Elise S2 (111R)","2001–2011","850","Родстер, 1.8 л (192 л.с.)[reference:20]"
"Lotus","Elise Cup 260","2017","902","Облегченная юбилейная версия, 1.8T (253 л.с.)[reference:21]"
"Lotus","Exige S1","2000–2004","914","Трековое купе на базе Elise, 1.8 л (177 л.с.)[reference:22]"
"Lotus","Exige S (S3)","2011–2021","1080","Трековое купе, 3.5 V6 (350 л.с.)[reference:23]"
"Lotus","Exige Sport 350","2015–2021","1125","Облегченная версия, 3.5 V6 (350 л.с.)[reference:24]"
"Lotus","Evora (базовая)","2009–2021","1382","Среднемоторное купе 2+2, 3.5 V6 (280 л.с.)[reference:25]"
"Lotus","Evora 400","2016–2021","1325","Облегченная версия, 3.5 V6 (400 л.с.)[reference:26]"
"Lotus","Evora GT410","2020–2021","1368","Версия GT, 3.5 V6 (410 л.с.)[reference:27]"
"Lotus","Europa S","2006–2010","995","Среднемоторное купе GT на платформе Elise, 2.0T (200 л.с.)"
"Lotus","Seven","1957–1972","500","Классический спортивный автомобиль, позже выпускался как Caterham"
"Lotus","Elite (Type 14)","1957–1963","503.5","Легкое купе из стеклопластика, 1.2 л (84 л.с.)[reference:28]"
"Lotus","Elan (Type 26)","1962–1975","700","Легендарный родстер, основа конструкции для Mazda MX-5, 1.6 л (105 л.с.)[reference:29]"
"Lotus","Europa (Type 46)","1966–1975","686","Среднемоторное купе, 1.5 л (82 л.с.)[reference:30]"
"Lotus","Elite (Type 75)","1974–1982","907","Переднемоторное купе 2+2, 2.0 л (162 л.с.)[reference:31]"
"Lotus","Esprit S1","1976–1981","900","Легендарное среднемоторное купе, 2.0 л (160 л.с.)"
"Lotus","Esprit V8","1996–2004","1380","Среднемоторное купе, 3.5 V8 твин-турбо (354 л.с.)[reference:32]"
"Lotus","Excel","1982–1992","1135","Переднемоторное купе 2+2, 2.2 л (160 л.с.)[reference:33]"
"Lotus","Elan (M100)","1989–1995","1020","Переднеприводный родстер, 1.6T (132 л.с.)[reference:34]"
"Lucid","Air Pure RWD","2021–наст.","2070","Электрический седан, задний привод, 430–480 л.с., батарея 88 кВт·ч. Масса: 4,564 lbs."
"Lucid","Air Pure AWD","2021–наст.","2262","Электрический седан, полный привод. Масса: 4,988 lbs."
"Lucid","Air Touring","2021–наст.","2262","Электрический седан, полный привод, 620 л.с., батарея 93 кВт·ч. Масса: 4,988–5,009 lbs."
"Lucid","Air Grand Touring","2021–наст.","2360","Электрический седан, полный привод, 819 л.с., батарея 112 кВт·ч. Масса: 5,203–5,204 lbs."
"Lucid","Air Grand Touring Performance","2022–2024","2360","Электрический седан, полный привод, 1,050 л.с. Масса: ~5,203 lbs."
"Lucid","Air Dream Edition","2021–2022","2360","Лимитированная серия, полный привод, 1,111 л.с., батарея 118 кВт·ч. Масса: 5,203 lbs."
"Lucid","Air Sapphire","2023–наст.","2420","Электрический седан, 3 э/м (1,234 л.с.), разгон 0-100 км/ч за 1.89 с. Масса: 5,335–5,336 lbs."
"Lucid","Air (диапазон по всем версиям)","2021–наст.","2048–2420","Общий диапазон снаряжённой массы для всех модификаций Lucid Air: от 4,516 до 5,336 lbs."
"Lucid","Gravity Touring","2025–наст.","2522","Электрический кроссовер, полный привод, батарея 123 кВт·ч. Масса: 5,560 lbs."
"Lucid","Gravity Grand Touring","2025–наст.","2684","Электрический кроссовер, полный привод, 828 л.с., батарея 123 кВт·ч. Масса: 5,917–5,919 lbs."
"Lucid","Gravity Dream Edition","2026–наст.","2749","Электрический кроссовер, полный привод, топ-версия. Масса: 6,061 lbs."
"Lucid","Gravity (базовая, данные Wikipedia)","2025–наст.","2800","Электрический кроссовер, снаряжённая масса по данным Wikipedia. Масса: 6,173 lbs."
"Lynk & Co","01 (бензин, 2.0T, AWD)","2017–наст.","1750","Кроссовер на платформе CMA, 2.0T (254 л.с.), полный привод"
"Lynk & Co","01 (PHEV, 1.5T)","2019–наст.","1910","Подзаряжаемый гибрид, 1.5T + э/м (262 л.с.). В РФ продаётся как 01 EM-P."
"Lynk & Co","02 (бензин, 2.0T, AWD)","2018–наст.","1650","Компактный кроссовер-купе, масса варьируется от 1580 до 1650 кг"
"Lynk & Co","03 (бензин, 2.0T)","2018–наст.","1560","Спортивный седан C-класса, 2.0T (254 л.с.)"
"Lynk & Co","05 (бензин, 2.0T, AWD)","2020–наст.","1838","Купеобразный кроссовер на базе 01, масса варьируется от 1740 до 1838 кг"
"Lynk & Co","06 (бензин, 1.5T)","2020–наст.","1655","Субкомпактный кроссовер на платформе BMA, масса варьируется от 1535 до 1655 кг"
"Lynk & Co","09 (MHEV, 2.0T, AWD)","2021–наст.","2120","Флагманский кроссовер на платформе SPA, 2.0T (254 л.с.), мягкий гибрид"
"Lynk & Co","07 EM-P","2023–наст.","1832","Гибридный седан (EREV), 1.5T + э/м"
"Lynk & Co","08 EM-P","2023–наст.","2200","Среднеразмерный гибридный кроссовер (EREV), 1.5T + э/м"
"Lynk & Co","Z10 (RWD, базовая)","2024–наст.","2095","Электрический седан, задний привод, 272 л.с., масса варьируется до 2350 кг (AWD)"
"Lynk & Co","Z20 (RWD)","2024–наст.","1855","Электрический компактный кроссовер, задний привод, 340 л.с., масса варьируется до 1955 кг (AWD)"
"Mahindra","Thar (1-е поколение)","2010–2020","1750","Классический рамный внедорожник. Масса: 1750 кг (официальные данные), 1660–1845 кг (по разным источникам)."
"Mahindra","Thar Roxx (2-е поколение)","2020–наст.","1950","Современное поколение внедорожника. Масса: 1800–1950 кг."
"Mahindra","Scorpio (классический, 2.6 GLX)","2002–наст.","1780","Культовый рамный внедорожник. Масса: 1780 кг (ранние версии), до 1950 кг (Scorpio Classic)."
"Mahindra","Scorpio-N","2022–наст.","2070","Новое поколение Scorpio на платформе третьего поколения. Масса: 1825–2070 кг."
"Mahindra","Scorpio Getaway (пикап)","2007–2017","2060","Пикап на базе Scorpio. Масса: 1760–2060 кг."
"Mahindra","XUV500","2011–2021","1840","Среднеразмерный кроссовер, предшественник XUV700. Масса: 1840 кг."
"Mahindra","XUV700","2021–наст.","2040","Флагманский среднеразмерный кроссовер. Масса: 1815–2040 кг."
"Mahindra","Bolero","2001–наст.","1765","Классический рамный внедорожник. Масса: 1620–1765 кг."
"Mahindra","Bolero Neo","2021–наст.","1650","Современная версия Bolero. Масса: 1650 кг."
"Mahindra","XUV 3XO","2023–наст.","1300","Субкомпактный кроссовер. Точная масса не раскрыта, оценка: ~1300–1400 кг."
"Mahindra","XUV300","2019–наст.","1300","Субкомпактный кроссовер. Точная масса не раскрыта, оценка: ~1300 кг."
"Mahindra","BE 6e","2024–наст.","1900","Электрический кроссовер на платформе INGLO. Запас хода до 682 км. Масса оценочная."
"Mahindra","XEV 9e","2024–наст.","2100","Электрический кроссовер на платформе INGLO. Запас хода до 656 км. Масса оценочная."
"Mahindra","Bolero Pik-Up (City Pikup)","2005–наст.","1590","Коммерческий пикап. Масса: 1590 кг."
"Mahindra","Bolero Pik-Up (Maxx Pik-Up HD)","2005–наст.","1895","Коммерческий пикап. Масса: 1895 кг."
"Mahindra","Bolero Camper Gold","2010–наст.","1700","Пикап с двухрядной кабиной. Масса: 1700 кг."
"Mahindra","Jeeto","2015–наст.","1445","Мини-грузовик. Масса: 1445 кг."
"Mahindra","Maxximo","2010–2015","1800","Мини-грузовик и микроавтобус. Масса: 1800 кг."
"Mahindra","Pik-Up S6 Dual Cab 4x4","2018–наст.","1980","Полноразмерный пикап с двухрядной кабиной и полным приводом. Масса: 1980 кг."
"Mahindra","Xylo","2009–2020","1800","Минивэн, снят с производства. Масса: 1700–1800 кг."
"Mahindra","Verito","2007–2020","1200","Седан на базе Renault Logan. Снят с производства. Масса: 1140–1200 кг."
"Mahindra","KUV100 NXT","2015–2023","1150","Компактный кроссовер-хэтчбек. Снят с производства. Масса оценочная: ~1150 кг."
"Mahindra","NuvoSport","2016–2020","1700","Компактный внедорожник. Снят с производства. Масса: 1600–1700 кг."
"Mansory","Gronos 2021 (G63)","2021–наст.","2550","Доработанный Mercedes-AMG G63, 840 л.с., 1,000 Н·м"
"Mansory","Gronos Black Edition (G63)","2020","2550","Лимитированная серия (6 экз.) на базе Mercedes-AMG G63"
"Mansory","Gronos Coupe (G63)","2023–наст.","2599","Версия купе с заднепетельными дверями, 900 л.с., 5,730 lbs"
"Mansory","G63 (бронированный)","наст.","3750","Бронированная версия с усиленной защитой, 800 л.с."
"Mansory","Venatus EVO S (Urus)","2023–наст.","2150","Доработанный Lamborghini Urus, 900 л.с., 4,740 lbs"
"Mansory","Venatus P820 (Urus)","2021","2500","Доработанный Lamborghini Urus, 820 л.с., 5,500 lbs"
"Mansory","Revuelto","2025–наст.","1772","Доработанный Lamborghini Revuelto, 1,055 л.с., масса оценочная"
"Mansory","Urus (базовая программа)","наст.","2200","Программа доработки Lamborghini Urus, 745 л.с."
"Mansory","Stallone (599 GTB)","2008","1690","Доработанный Ferrari 599 GTB Fiorano, 720 л.с., масса оценочная"
"Mansory","Stallone 812 Superfast","2018","1705","Доработанный Ferrari 812 Superfast, 830 л.с."
"Mansory","Stallone 812 GTS","2021","1705","Доработанный Ferrari 812 GTS, 800 л.с."
"Mansory","Le Mansory (Ford GT)","2020–наст.","1500","Доработанный Ford GT, 710 л.с., лимитированная серия (3 экз.), масса оценочная"
"Mansory","Cullinan II","2026–наст.","2660","Доработанный Rolls-Royce Cullinan с карбоновым обвесом, масса оценочная"
"Mansory","Continental GT","2007","2204","Доработанный Bentley Continental GT, 600 л.с., 4,850 lbs"
"Mansory","M5 (G90)","2025–наст.","2445","Доработанный BMW M5, 838 л.с., масса оценочная"
"Mansory","9X","2026–наст.","2700","Уникальная версия на базе Zeekr 9X с карбоновым обвесом, масса оценочная"
"Maserati","Ghibli (M157, 3.0 V6)","2013–наст.","1810","Спортивный седан, 3.0 V6 твин-турбо (350 л.с.), 8-ст. АКПП, задний привод. Масса: 1,810 кг (по данным sgcarmart)."
"Maserati","Ghibli (M157, дизель)","2013–наст.","1990","Спортивный седан, 3.0 V6 дизель (275 л.с.), 8-ст. АКПП, задний привод."
"Maserati","Quattroporte (VI, 2013)","2013–наст.","1900","Флагманский седан с алюминиевой конструкцией кузова. Масса: 1,900–2,000 кг в зависимости от двигателя."
"Maserati","Quattroporte (V, 2008)","2003–2012","1990","Пятое поколение флагманского седана, 4.7 V8 (440 л.с.)."
"Maserati","Ghibli (AM115, классический)","1967–1972","1550","Классическое купе Gran Turismo, 4.7 V8 (330 л.с.)."
"Maserati","Mexico","1966–1972","1830","Четырёхместное купе Gran Turismo, 4.7 V8 (290 л.с.). Масса: 1,830 кг (по данным Wikipedia)."
"Maserati","Indy","1969–1975","1680","Четырёхместное купе-фастбэк, 4.7 V8 (260 л.с.)."
"Maserati","Levante (3.0 V6)","2016–наст.","2109","Кроссовер, 3.0 V6 твин-турбо (350 л.с.), полный привод, 8-ст. АКПП. Масса: 2,109 кг (по данным sgcarmart)."
"Maserati","Levante Trofeo","2018–наст.","2170","Кроссовер, 3.8 V8 Ferrari (580 л.с.), полный привод, 8-ст. АКПП."
"Maserati","Grecale GT (MHEV)","2022–наст.","2002","Компактный кроссовер, 2.0 MHEV (300 л.с.), полный привод, 8-ст. АКПП."
"Maserati","Grecale Trofeo","2022–наст.","2027","Компактный кроссовер, 3.0 V6 Nettuno (530 л.с.), полный привод."
"Maserati","MC20","2020–наст.","1475","Среднемоторный суперкар, 3.0 V6 Nettuno (630 л.с.), карбоновый монокок, 8-ст. DCT."
"Maserati","MC20 Cielo","2022–наст.","1540","Версия с открытым верхом, тяжелее купе на 65 кг."
"Maserati","GranTurismo (M189, Modena)","2022–наст.","1795","Купе Gran Turismo, 3.0 V6 Nettuno (490 л.с.), полный привод."
"Maserati","GranTurismo (M189, Trofeo)","2022–наст.","1847","Купе Gran Turismo, 3.0 V6 Nettuno (550 л.с.), полный привод."
"Maserati","GranTurismo Folgore","2023–наст.","2260","Электрическая версия GranTurismo, 3 э/м (761 л.с.), батарея 92.5 кВт·ч."
"Maserati","GranCabrio (M189, Trofeo)","2024–наст.","1958","Открытая версия GranTurismo, 3.0 V6 Nettuno (550 л.с.)."
"Maserati","GranTurismo (M145, 2008)","2007–2019","1880","Предыдущее поколение купе Gran Turismo, 4.7 V8 (460 л.с.)."
"Maserati","GranCabrio (M145, 2010)","2010–2019","1980","Открытая версия предыдущего поколения, 4.7 V8 (440 л.с.)."
"Maserati","Bora","1971–1978","1830","Среднемоторный суперкар, 4.7 V8 (310 л.с.). Масса: 1,500–1,830 кг (по данным Wikipedia)."
"Maserati","Merak","1972–1983","1400","Младший брат Bora, 3.0 V6 (220 л.с.). Масса: 1,330–1,430 кг."
"Maserati","Khamsin","1974–1982","1680","Переднемоторное купе Gran Turismo, 4.9 V8 (320 л.с.). Масса: 1,500–1,680 кг."
"Maserati","Shamal","1990–1996","1417","Купе Gran Turismo, 3.2 V8 битурбо (326 л.с.)."
"Maserati","3200 GT","1998–2002","1590","Переднемоторное купе, 3.2 V8 битурбо (370 л.с.)."
"Maserati","MC12","2004–2005","1335","Омологационный гиперкар, 6.0 V12 Ferrari (630 л.с.), тираж 50 экз."
"Maxus","MIFA 9 (BEV, базовая, 90 кВт·ч)","2022–наст.","2310","Полноразмерный электрический минивэн, батарея 90 кВт·ч, запас хода 540-560 км (CLTC). Масса: 2,310–2,410 кг."
"Maxus","MIFA 9 (BEV, топ-версия)","2022–наст.","2570","Полноразмерный электрический минивэн, батарея 90 кВт·ч, максимальная снаряжённая масса."
"Maxus","T90 (дизель, 2.0 битурбо)","2021–наст.","2300","Среднеразмерный пикап, 2.0 л битурбодизель (215 л.с.). Масса: 2,300 кг (5,071 lbs)."
"Maxus","T90 EV (электрический)","2023–наст.","2300","Электрический пикап, батарея 88.55 кВт·ч, запас хода 330 км (WLTC). Масса: 2,270–2,300 кг."
"Maxus","LDV Maxus / V80 (дизель)","2004–наст.","2380","Классический фургон, 2.5 л дизель. Масса: 2,061–2,380 кг (4,544–5,247 lbs)."
"Maxus","V70 (дизель)","2023–наст.","2020","Лёгкий фургон, 2.0 л турбодизель (125 л.с.). Масса: 1,786–2,020 кг."
"Maxus","V90 (дизель)","2019–наст.","2200","Полноразмерный фургон, преемник V80."
"Maxus","Deliver 9 (дизель, L3H2)","2020–наст.","2285","Полноразмерный коммерческий фургон, 2.0 л дизель (150 л.с.). Масса: 2,285 кг."
"Maxus","eDeliver 9 (батарея 77 кВт·ч)","2020–наст.","2580","Электрический фургон, батарея 77 кВт·ч, запас хода 170 миль (WLTP). Масса: 2,460–2,860 кг."
"Maxus","G10","2014–наст.","2000","Классический минивэн с бензиновыми и дизельными двигателями."
"Maxus","G20","2019–наст.","2100","Премиальный минивэн бизнес-класса, преемник G10."
"Maxus","D90","2017–наст.","2200","Полноразмерный рамный внедорожник."
"Maxus","EUNIQ 5","2019–наст.","1800","Компактный минивэн, доступный в версиях PHEV и BEV."
"Mazda","CX-3 (DK, 2026)","2015–наст.","1241","Субкомпактный кроссовер, 2.0 л (150 л.с.), передний привод. Масса: 1,241 кг (2,736 lbs)."
"Mazda","CX-30 (DM)","2019–наст.","1380","Компактный кроссовер, 2.0 л (155 л.с.) / 2.5 л (186 л.с.), передний/полный привод. Масса: 1,380–1,530 кг (3,042–3,373 lbs)."
"Mazda","CX-4 (Китай)","2016–наст.","1390","Купеобразный кроссовер для китайского рынка, 2.0 л / 2.5 л. Масса: 1,390–1,622 кг (3,065–3,576 lbs)."
"Mazda","CX-5 (2026)","2012–наст.","1458","Компактный кроссовер, 2.5 л (187 л.с.) / 2.5 л турбо (256 л.с.). Масса: 1,458–1,690 кг (3,214–3,726 lbs)."
"Mazda","CX-50 (VA)","2022–наст.","1681","Компактный кроссовер с увеличенным клиренсом, 2.5 л (187 л.с.) / 2.5 л турбо (256 л.с.). Масса: 1,681–1,772 кг (3,706–3,907 lbs)."
"Mazda","CX-60 (Европа/Япония)","2022–наст.","1890","Среднеразмерный кроссовер с продольным расположением двигателя, 2.5 л / 3.3 л / PHEV. Масса: 1,890–2,055 кг (4,167–4,530 lbs)."
"Mazda","CX-70 (3.3 Turbo)","2024–наст.","2206","Двухрядный кроссовер, 3.3 л турбо (280–340 л.с.). Масса: 4,863 lbs."
"Mazda","CX-70 (PHEV)","2024–наст.","2352","Подзаряжаемый гибридный кроссовер, 2.5 л + э/м (323 л.с.). Масса: 5,185 lbs."
"Mazda","CX-80 (Европа/Япония)","2024–наст.","2267","Трёхрядный кроссовер, PHEV, 2.5 л + э/м. Масса: 2,267 кг (4,998 lbs)."
"Mazda","CX-90 (3.3 Turbo)","2023–наст.","2100","Трёхрядный премиальный кроссовер, 3.3 л турбо (280–340 л.с.). Масса: ~2,100 кг (4,630 lbs)."
"Mazda","MX-30 (EV)","2020–наст.","1658","Компактный электрический кроссовер, 143 л.с., батарея 35.5 кВт·ч, запас хода 161 км. Масса: 3,655 lbs."
"Mazda","Mazda2 (Demio)","2014–наст.","990","Субкомпактный хэтчбек, 1.5 л (75–115 л.с.). Масса: 990–1,150 кг (2,183–2,535 lbs)."
"Mazda","Mazda3 (BP, 2019)","2019–наст.","1315","Компактный седан/хэтчбек, 2.0 л (155 л.с.) / 2.5 л (186 л.с.). Масса: 1,315–1,474 кг (2,899–3,250 lbs)."
"Mazda","Mazda6 (GJ/GL)","2012–наст.","1435","Бизнес-седан/универсал, 2.5 л (187 л.с.) / 2.5 л турбо (250 л.с.). Масса: 1,435–1,629 кг (3,163–3,591 lbs)."
"Mazda","Mazda6e (2026, EV)","2025–наст.","1862","Электрический лифтбек, 258 л.с., батарея 69–80 кВт·ч, запас хода до 552 км. Масса: 1,862–1,952 кг (4,105–4,303 lbs)."
"Mazda","EZ-6 (2026, Stretch 200 Max Sport)","2025–наст.","1862","Электрический седан, 245 л.с., батарея 68–80 кВт·ч. Масса: 1,862 кг (4,105 lbs)."
"Mazda","MX-5 Miata (ND, 2016)","2015–наст.","1058","Легендарный легкий родстер, 1.5 л (131 л.с.) / 2.0 л (181 л.с.). Масса: 1,058–1,091 кг (2,332–2,405 lbs)."
"Mazda","MX-5 Miata (NC, 2006)","2005–2015","1107","Третье поколение родстера, 1.8 л / 2.0 л. Масса: 1,107–1,182 кг (2,441–2,606 lbs)."
"Mazda","MX-5 Miata (NB, 1999)","1998–2005","1030","Второе поколение родстера, 1.6 л / 1.8 л. Масса: 1,030–1,110 кг (2,271–2,447 lbs)."
"Mazda","MX-5 Miata (NA, 1990)","1989–1997","955","Первое поколение, самое легкое. 1.6 л (115 л.с.). Масса: 955–1,030 кг (2,105–2,271 lbs)."
"Mazda","Bongo","1999–2020","1330","Лёгкий коммерческий фургон и минивэн, 1.8 л бензин / 2.0 л дизель. Масса: 1,330–1,680 кг (2,932–3,704 lbs)."
"Mazda","Autozam AZ-1 (PG6SA)","1992–1994","720","Среднемоторный кей-кар спорткар с дверями типа «крыло чайки», 657 куб.см турбо (64 л.с.). Масса: 720 кг (1,587 lbs)."
"Mazda","Carol","1962–наст.","580","Классический кей-кар, 360–660 куб.см. Масса: 580–680 кг (1,279–1,499 lbs)."
"Mazda","RX-7 (FD3S, 1991)","1978–2002","1045","Легендарный роторный спорткар, 1.3 л роторный (255–280 л.с.). Масса: 1,045–1,280 кг (2,304–2,822 lbs)."
"Mazda","RX-8 (FE)","2003–2012","1309","Последний роторный спорткар Mazda с 4 дверями, 1.3 л роторный (212–238 л.с.). Масса: 1,309–1,384 кг (2,886–3,051 lbs)."
"Mazda","CX-7 (ER)","2006–2012","1586","Среднеразмерный кроссовер, 2.3 л турбо (244 л.с.) / 2.5 л (161 л.с.). Масса: 1,586–1,782 кг (3,496–3,929 lbs)."
"Mazda","CX-8 (KG)","2017–2023","1710","Трёхрядный кроссовер для Азии, 2.5 л (192 л.с.) / 2.2 л дизель. Масса: 1,710–1,920 кг (3,770–4,233 lbs)."
"Mazda","CX-9 (TC, 2007-2015)","2007–2024","1916","Полноразмерный кроссовер, 3.5 л V6 / 3.7 л V6 / 2.5 л турбо. Масса: 1,916–2,068 кг (4,224–4,560 lbs)."
"Mazda","Mazda5","2005–2015","1430","Компактный минивэн, 2.0 л / 2.3 л / 2.5 л. Масса: 1,430–1,530 кг (3,153–3,373 lbs)."
"Mazda","Premacy","1999–2005","1270","Компактный минивэн, предшественник Mazda5, 1.8 л / 2.0 л. Масса: 1,270–1,400 кг (2,800–3,086 lbs)."
"Mazda","Familia / 323 / Protegé","1963–2003","720","Легендарная серия компактных автомобилей, 1.0–2.0 л. Масса: 720–1,200 кг (1,587–2,646 lbs)."
"McLaren","Artura","2021–наст.","1498","Гибридный суперкар, 3.0 V6 твин-турбо + э/м (680 л.с.), 8-ст. SSG. Масса: 3,303 lbs."
"McLaren","Artura Spider","2024–наст.","1560","Открытая версия Artura, 3.0 V6 твин-турбо + э/м (680 л.с.), жёсткая складная крыша. Масса: 3,439 lbs."
"McLaren","750S Coupe","2023–наст.","1389","Обновлённая версия 720S, 4.0 V8 твин-турбо (740 л.с.). Масса: 3,062 lbs."
"McLaren","750S Spider","2023–наст.","1438","Открытая версия 750S, 4.0 V8 твин-турбо (740 л.с.). Масса: 3,170 lbs."
"McLaren","GTS","2024–наст.","1520","Замена McLaren GT, 4.0 V8 твин-турбо (626 л.с.). На 10 кг легче предшественника. Масса: 3,351 lbs."
"McLaren","765LT","2020–2023","1339","Трековая версия на базе 720S, 4.0 V8 твин-турбо (755 л.с.). Масса: 2,952 lbs."
"McLaren","765LT Spider","2021–2023","1388","Открытая версия 765LT. Масса: 3,060 lbs."
"McLaren","P1","2013–2015","1497","Гибридный гиперкар, 3.8 V8 твин-турбо + э/м (903 л.с.). Выпущено 375 экз. Масса: 3,303 lbs."
"McLaren","P1 GTR","2015–2016","1395","Трековый гиперкар на базе P1, 3.8 V8 + э/м (986 л.с.). Масса: 1,395 кг (3,075 lbs)."
"McLaren","Senna","2018–2022","1314","Трековый гиперкар, 4.0 V8 твин-турбо (800 л.с.). Сухая масса: 1,198 кг. Масса: 2,897 lbs."
"McLaren","Senna GTR","2020–2022","1188","Гоночная версия Senna, 4.0 V8 твин-турбо (825 л.с.). Масса: 1,188 кг (2,619 lbs)."
"McLaren","Speedtail","2020–2021","1597","Гипер-GT, 4.0 V8 твин-турбо + э/м (1,036 л.с.). Выпущено 106 экз. Сухая масса: 1,430 кг. Масса: 3,521 lbs."
"McLaren","Elva","2021–2022","1269","Открытый спидстер без крыши и стекла, 4.0 V8 твин-турбо (804 л.с.). Выпущено 149 экз. Масса: 2,798 lbs."
"McLaren","Solus GT","2023–наст.","1000","Трековый одноместный гиперкар, 5.2 V10 атм. (829 л.с.). Выпущено 25 экз. Масса: 2,205 lbs."
"McLaren","W1","2025–наст.","1399","Флагманский гиперкар, 4.0 V8 твин-турбо + э/м (1,258 л.с.). Выпущено 399 экз. Масса: 3,084 lbs."
"McLaren","MP4-12C / 12C","2011–2014","1434","Первый серийный суперкар McLaren, 3.8 V8 твин-турбо (600 л.с.). Масса: 3,161 lbs."
"McLaren","650S","2014–2017","1428","Преемник 12C, 3.8 V8 твин-турбо (641 л.с.). Масса: 3,148 lbs."
"McLaren","675LT","2015–2017","1320","Трековая версия на базе 650S, 3.8 V8 твин-турбо (666 л.с.). Масса: 2,910 lbs."
"McLaren","570S","2015–2021","1436","Модель Sports Series, 3.8 V8 твин-турбо (562 л.с.). Сухая масса: 1,313 кг. Масса: 3,166 lbs."
"McLaren","570GT","2016–2021","1498","Версия GT на базе 570S. Сухая масса: 1,350 кг. Масса: 3,303 lbs."
"McLaren","600LT","2018–2021","1356","Трековая версия на базе 570S, 3.8 V8 твин-турбо (592 л.с.). Сухая масса: 1,247 кг. Масса: 2,989 lbs."
"McLaren","GT","2019–2023","1530","Gran Turismo, 4.0 V8 твин-турбо (612 л.с.). Заменён моделью GTS. Масса: 3,373 lbs."
"McLaren","720S","2017–2023","1419","Преемник 650S, 4.0 V8 твин-турбо (710 л.с.). Заменён моделью 750S. Масса: 3,128 lbs."
"McLaren","720S Spider","2019–2023","1468","Открытая версия 720S. Масса: 3,236 lbs."
"McLaren","Sabre","2020–2021","1489","Лимитированная серия (15 экз.) для рынка США, 4.0 V8 твин-турбо (835 л.с.). Масса: 3,282 lbs."
"McLaren","F1","1992–1998","1138","Легендарный гиперкар, 6.1 V12 атм. BMW (627 л.с.). Выпущено 106 экз. Масса: 2,509 lbs."
"McLaren","F1 LM","1995","1062","Дорожная версия гоночного F1 GTR. Выпущено 6 экз."
"McLaren","F1 GTR","1995–1997","1012","Гоночная версия F1, победитель «24 часов Ле-Мана» 1995 г. Сухая масса."
"Mercedes-Benz","A-Class (A 250 e, 2026)","2018–наст.","1700","Компактный хэтчбек, 1.3 л турбо + э/м (218 л.с.), передний привод"
"Mercedes-Benz","C 300 4MATIC Sedan","2021–наст.","1770","Седан бизнес-класса, 2.0 л турбо (255 л.с.), полный привод"
"Mercedes-Benz","E 450 4MATIC Cabriolet","2020–наст.","2040","Кабриолет бизнес-класса, 3.0 л рядный 6-цилиндровый турбо (367 л.с.), полный привод"
"Mercedes-Benz","S 500 4MATIC Sedan","2020–наст.","2130","Флагманский седан, 3.0 л рядный 6-цилиндровый турбо (442 л.с.), полный привод"
"Mercedes-Benz","S 450 L 4MATIC (длиннобазный)","2020–наст.","2210","Удлинённый флагманский седан, 2.5 л рядный 6-цилиндровый турбо (367 л.с.), полный привод"
"Mercedes-Benz","GLA 250","2020–наст.","1585","Компактный кроссовер, 2.0 л турбо (221 л.с.), передний привод"
"Mercedes-Benz","GLB 250 4MATIC","2019–наст.","1765","Семиместный компактный кроссовер, 2.0 л турбо (221 л.с.), полный привод"
"Mercedes-Benz","EQS 450+ Sedan","2021–наст.","2495","Полноразмерный электрический седан, 355 л.с., задний привод, батарея 118 кВт·ч"
"Mercedes-Benz","EQS 450 4MATIC Sedan","2021–наст.","2655","Полноприводный электрический седан, два электромотора (355 л.с.), батарея 118 кВт·ч"
"Mercedes-Benz","EQE Sedan","2022–наст.","2355","Электрический бизнес-седан, 245–677 л.с., батарея 90.6 кВт·ч"
"Mercedes-Benz","EQE SUV","2022–наст.","2430","Электрический среднеразмерный кроссовер, 241–677 л.с., батарея 90.6 кВт·ч"
"Mercedes-Benz","AMG GT (Coupe, 2025)","2023–наст.","1970","Спорткар, 4.0 л V8 битурбо (577 л.с.), полный привод"
"Mercedes-Benz","CLE 300 4MATIC Coupe","2023–наст.","1840","Купе среднего размера, 2.0 л турбо (255 л.с.), полный привод"
"Mercedes-Benz","CLE 450 4MATIC Cabriolet","2023–наст.","2035","Кабриолет, 3.0 л рядный 6-цилиндровый турбо (375 л.с.), полный привод"
"Mercedes-Benz","AMG CLE 53 4MATIC Coupe","2023–наст.","2005","Заряженное купе, 3.0 л рядный 6-цилиндровый турбо (449 л.с.), полный привод"
"MG","MG4 EV (I поколение, Standard)","2022–2025","1641","Электрический хэтчбек C-класса, RWD, 170 л.с., батарея 51 кВт·ч, запас хода 350 км. Масса варьируется от 1641 до 1825 кг (XPower AWD)"
"MG","MG4 EV II (базовая, 42.8 кВт·ч)","2025–наст.","1415","Второе поколение, FWD, 163 л.с., батарея LFP 42.8 кВт·ч, запас хода 437 км (CLTC). Значительно легче предшественника"
"MG","MG4 EV II (53.95 кВт·ч, Semi-solid)","2025–наст.","1500","Версия с полутвердотельной батареей, 163 л.с., запас хода 530 км (CLTC)"
"MG","MG4 Urban EV (54 кВт·ч)","2025–наст.","1520","Городская версия MG4, FWD, 133 л.с., батарея 54 кВт·ч, запас хода 405 км"
"MG","MG S5 (MGS5, 49 кВт·ч)","2025–наст.","1635","Компактный электрический кроссовер, RWD, 170 л.с., батарея 49 кВт·ч, запас хода 340 км (WLTP)"
"MG","MG 4X (S5 EV)","2026–наст.","1640","Электрический кроссовер на платформе E3, FWD, 125–150 кВт, запас хода до 510 км (CLTC). Масса: 1640–1755 кг"
"MG","MG S6 EV (77 кВт·ч, AWD)","2025–наст.","2005","Полноприводный электрический кроссовер, 362 л.с., батарея 77 кВт·ч, запас хода 484 км"
"MG","MG IM6 (75 кВт·ч)","2025–наст.","2280","Полноразмерный электрический кроссовер, RWD, 295 л.с., батарея 75 кВт·ч, запас хода 450 км (WLTP). Масса: 2280–2310 кг"
"MG","MG ZS (1.0T)","2017–наст.","1259","Компактный кроссовер, 1.0T (111 л.с.), 6-ст. МКПП, передний привод. Масса: 1259 кг (базовая), 1290 кг (1.5L CVT)"
"MG","MG ZS EV (базовая)","2019–наст.","1532","Электрическая версия ZS, 140 л.с., батарея 50.3 кВт·ч, запас хода 320 км. Масса: 1532–1610 кг"
"MG","MG HS (1.5T)","2018–наст.","1550","Среднеразмерный кроссовер, 1.5T (162–170 л.с.), 7-ст. DCT, передний привод. Масса: 1550–1590 кг"
"MG","MG HS II (гибрид, 224 л.с.)","2024–наст.","1675","Второе поколение HS с гибридной установкой, 1.5T + э/м, передний привод"
"MG","MG HS Plus (PHEV)","2024–наст.","1775","Подзаряжаемый гибрид на базе HS, 1.5T + э/м (169 л.с.), запас хода на электротяге 63 км"
"MG","MG5 (1.5L)","2020–наст.","1205","Компактный седан, 1.5L (110–120 л.с.), 5-ст. МКПП или вариатор. Масса: 1205–1330 кг"
"MG","MG5 (1.5T)","2020–наст.","1315","Седан с турбомотором 1.5T (181 л.с.), 7-ст. DCT"
"MG","MG Cyberster (RWD)","2024–наст.","1850","Электрический родстер, RWD, 340 л.с., батарея 64–77 кВт·ч, запас хода 501–520 км (CLTC)"
"MG","MG Cyberster (AWD)","2024–наст.","1985","Электрический родстер, AWD, 544 л.с., батарея 77 кВт·ч, разгон 0-100 км/ч за 3.2 с"
"MG","MG TRQ L (2.0TD, MT)","2025–наст.","2000","Среднеразмерный пикап, 2.0 л турбодизель (158 л.с., 400 Н·м), 6-ст. МКПП, задний привод. Точная снаряжённая масса не раскрыта, оценка"
"Mini","Cooper C (3-дверный, F66)","2024–наст.","1275","Базовый хэтчбек, 1.5 л турбо (156 л.с.), передний привод, масса: 1275–1360 кг"
"Mini","Cooper S (3-дверный, F66)","2024–наст.","1365","Спортивный хэтчбек, 2.0 л турбо (204 л.с.), передний привод"
"Mini","John Cooper Works (3-дверный, F66)","2024–наст.","1400","Топ-версия, 2.0 л турбо (231 л.с.), передний привод, масса оценочная"
"Mini","Cooper E (электрический, J01)","2024–наст.","1540","Электрический хэтчбек, 184 л.с., батарея 40.7 кВт·ч, запас хода 305 км (WLTP)"
"Mini","Cooper SE (электрический, J01)","2024–наст.","1605","Электрический хэтчбек, 218 л.с., батарея 54.2 кВт·ч, запас хода 402 км (WLTP)"
"Mini","Aceman (электрический)","2025–наст.","1720","Компактный электрический кроссовер, масса 1720–1845 кг в зависимости от версии"
"Mini","Countryman C (U25)","2024–наст.","1555","Базовый кроссовер, 1.5 л турбо (170 л.с.), передний привод"
"Mini","Countryman S ALL4 (U25)","2024–наст.","1690","Кроссовер, 2.0 л турбо (218 л.с.), полный привод"
"Mini","Countryman JCW ALL4 (U25)","2024–наст.","1760","Топ-версия кроссовера, 2.0 л турбо (300 л.с.), полный привод"
"Mini","Countryman E (электрический, U25)","2024–наст.","1940","Электрический кроссовер, 204 л.с., батарея 64.7 кВт·ч, запас хода 462 км (WLTP)"
"Mini","Countryman SE ALL4 (электрический, U25)","2024–наст.","2090","Полноприводный электрический кроссовер, 313 л.с., батарея 64.7 кВт·ч"
"Mitsubishi","Outlander (2.5 MiVEC, 7 мест, базовая)","2021–наст.","1640","Среднеразмерный кроссовер, 2.5 л (184 л.с.), вариатор, передний привод. Масса: 1,640–1,695 кг"
"Mitsubishi","Outlander (2.5 MiVEC, 7 мест, топ-версия)","2021–наст.","1695","Среднеразмерный кроссовер, 2.5 л (184 л.с.), вариатор, полный привод"
"Mitsubishi","Outlander PHEV (2.4, базовая)","2021–наст.","1810","Подзаряжаемый гибрид, 2.4 л + 2 э/м (248 л.с.), батарея 20 кВт·ч, запас хода на электротяге 61 км"
"Mitsubishi","Outlander PHEV (2.4, топ-версия)","2023–наст.","2120","Подзаряжаемый гибрид, 2.4 л + 2 э/м (248 л.с.), батарея 20 кВт·ч"
"Mitsubishi","Eclipse Cross (1.5T)","2017–наст.","1505","Компактный кроссовер-купе, 1.5T (150–163 л.с.), вариатор, передний/полный привод. Масса: 1,505–1,535 кг"
"Mitsubishi","Eclipse Cross II (электрический, 87 кВт·ч)","2025–наст.","1847","Электрический кроссовер, 218 л.с., батарея 87 кВт·ч. Масса: 1,847–1,875 кг"
"Mitsubishi","ASX (1.0T MT, базовая)","2023–наст.","1221","Компактный кроссовер на платформе Renault Captur, 1.0T (91 л.с.), 6-ст. МКПП"
"Mitsubishi","ASX (1.3T Mild Hybrid DCT)","2023–наст.","1383","Компактный кроссовер, 1.3T MHEV (158 л.с.), 7-ст. DCT"
"Mitsubishi","ASX (1.6 PHEV, топ-версия)","2023–наст.","1596","Подзаряжаемый гибрид, 1.6 л + э/м (159 л.с.), запас хода на электротяге 49 км"
"Mitsubishi","Xforce","2023–наст.","1235","Компактный кроссовер для Азии, 1.5 л (105 л.с.), вариатор, передний привод. Масса: 1,235–1,250 кг"
"Mitsubishi","Grandis","2025–наст.","1284","Компактный кроссовер, 1.3 л MHEV (141 л.с.), 6-ст. МКПП"
"Mitsubishi","Destinator","2025–наст.","1495","Компактный трёхрядный кроссовер для развивающихся рынков, 1.5T"
"Mitsubishi","Pajero Sport / Montero Sport (3.0 AT)","2015–наст.","2050","Среднеразмерный рамный внедорожник, 3.0 л V6 (209–216 л.с.), 8-ст. АКПП, полный привод"
"Mitsubishi","Pajero Sport / Montero Sport (2.4D AT)","2015–наст.","2030","Дизельный рамный внедорожник, 2.4 л турбодизель (181 л.с.), 8-ст. АКПП, полный привод"
"Mitsubishi","L200 / Triton (2.4 DI-D, Double Cab)","2015–наст.","1930","Среднеразмерный рамный пикап, 2.4 л турбодизель (154–181 л.с.), 6-ст. МКПП или АКПП, полный привод"
"Mitsubishi","Mirage / Space Star (1.2 MT)","2012–наст.","845","Субкомпактный городской хэтчбек, 1.2 л (78 л.с.), 5-ст. МКПП. Масса: 845–940 кг"
"Mitsubishi","Attrage","2013–наст.","905","Седан на базе Mirage, 1.2 л (78 л.с.), вариатор. Масса: 905–930 кг"
"Mitsubishi","Delica D:5 (2.4, базовая)","2007–наст.","1690","Полноприводный минивэн, 2.4 л (170 л.с.), вариатор. Масса: 1,690–1,940 кг"
"Mitsubishi","Xpander","2017–наст.","1180","Компактный минивэн, 1.5 л (105 л.с.), вариатор, передний привод. Масса: 1,180–1,330 кг"
"Mitsubishi","eK X","2019–наст.","880","Кей-кар для японского рынка, 0.66 л турбо (64 л.с.), вариатор. Масса: 880–920 кг"
"Mitsubishi","Minicab MiEV","2011–наст.","1080","Электрический микровэн-фургон, батарея 10.5 или 16.0 кВт·ч, запас хода 100–150 км. Масса: 1,080–1,130 кг"
"Mitsubishi","i-MiEV","2009–2021","1100","Компактный электромобиль, 64 л.с., батарея 16 кВт·ч, запас хода 160 км"
"Mitsubishi","Pajero (IV поколение, 3.0 V6)","2006–2021","2215","Легендарный рамный внедорожник, 3.0 V6 (178 л.с.), 5-ст. АКПП, полный привод"
"Mitsuoka","Orochi","2006–2014","1580","Среднемоторное купе на базе Honda NSX, 3.3 л V6 Toyota (233 л.с.), 5-ст. АКПП. Масса: 1580 кг (3,483 lb)"
"Mitsuoka","Himiko (I поколение)","2008–2018","1230","Родстер на базе Mazda MX-5 NC, 2.0 л Mazda MZR (162 л.с.). Масса: 1230–1280 кг"
"Mitsuoka","Himiko (II поколение)","2018–наст.","1130","Родстер на базе Mazda MX-5 ND, 1.5 л/2.0 л SkyActiv-G (132/181 л.с.). Масса: 1130–1200 кг"
"Mitsuoka","Rock Star","2018–наст.","1080","Родстер на базе Mazda MX-5 ND, стилизованный под Corvette C2, 1.5 л (132 л.с.). Масса: 1080 кг"
"Mitsuoka","Buddy (бензин, 2.0 л)","2020–наст.","1550","Кроссовер на базе Toyota RAV4, 2.0 л (171 л.с.), вариатор. Масса: 1550–1650 кг"
"Mitsuoka","Buddy (гибрид, 2.5 л)","2020–наст.","1680","Гибридный кроссовер на базе Toyota RAV4 Hybrid, 2.5 л + э/м (218 л.с.)"
"Mitsuoka","Galue (I поколение)","1996–1999","1285","Седан на базе Nissan Cedric, 2.0 л RB20E (130 л.с.), 4-ст. АКПП. Масса: 1285 кг"
"Mitsuoka","Viewt (K11)","1993–2003","850","Хэтчбек на базе Nissan Micra K11, 1.0 л CG10DE (58 л.с.). Масса: 850 кг"
"Mitsuoka","Viewt (поздние версии)","2003–2023","1040","Поздние поколения на базе Nissan March/Note, 1.2 л (79–90 л.с.). Масса: 1040–1150 кг"
"Mitsuoka","Viewt (Caffe Latte, 2020)","2020–2023","1150","Версия Caffe Latte на базе Nissan Note, 1.2 л HR12DE (79 л.с.), CVT, полный привод"
"Mitsuoka","Ryoga (1.8 л, 125 л.с.)","1998–2001","1190","Седан на базе Nissan Primera P11, 1.8 л (125 л.с.), 5-ст. МКПП, передний привод"
"Mitsuoka","Ryoga (2.0 л, 150 л.с., 4WD)","1998–2001","1360","Седан на базе Nissan Primera P11, 2.0 л (150 л.с.), полный привод"
"Mitsuoka","Nouera (1.5 CVT, 4WD)","2008–2025","1235","Седан на базе Honda Accord CL7/CL8, 1.5 л (105 л.с.), вариатор, полный привод"
"Mitsuoka","Like (электрический)","2010–2012","1090","Электрический хэтчбек на базе Mitsubishi i-MiEV, 64 л.с., батарея 16 кВт·ч"
"Mitsuoka","Zero 1 (1.8 MT)","1996–2000","720","Родстер в стиле Lotus Super Seven, 1.8 л (130 л.с.), 5-ст. МКПП. Масса: 720–740 кг"
"Morgan","Super 3","2022–наст.","635","Трёхколёсный спорткар, 1.5 л Ford (118 л.с.), 5-ст. МКПП. Разгон 0-100: 7.0 с, макс. скорость 209 км/ч"
"Morgan","Plus Four","2020–наст.","1009","Родстер, 2.0 л турбо BMW (258 л.с.), 8-ст. АКПП (с АКПП: 1009 кг, с МКПП: 1012 кг)"
"Morgan","Plus Six","2019–наст.","1075","Флагманский родстер, 3.0 л рядная шестёрка BMW твин-турбо (340 л.с.), 8-ст. АКПП. Разгон 0-100: 4.2 с"
"Morgan","Supersport","2025–наст.","1170","Новый флагманский спорткар, рядная шестёрка BMW, алюминиевая платформа CXV"
"Morgan","4/4 (поздние версии, 2006–2009)","1936–2018","868","Классический родстер, 1.8 л Ford (111 л.с.), 5-ст. МКПП. Ранние версии: 795 кг"
"Morgan","Plus 4","1950–2020","927","Классический родстер, 2.0 л Ford (154 л.с.), 5-ст. МКПП. Масса: 838–927 кг"
"Morgan","Plus 8 (3.9 л, 1990–2000)","1968–2018","940","Родстер с атмосферным V8, 3.9 л (193 л.с.), 5-ст. МКПП. Поздние версии (4.8 л): 1220 кг"
"Morgan","Roadster","2004–2020","950","Родстер, 3.7 л V6 Ford (280 л.с.), 6-ст. МКПП. Разгон 0-100: 5.5 с, макс. скорость 215 км/ч"
"Morgan","Aero 8 (4.4 л V8)","2000–2015","1000","Суперкар с алюминиевым шасси, 4.4 л V8 (286 л.с.). Поздние версии (4.8 л, рестайлинг): 1180 кг"
"Morgan","3 Wheeler","2011–2020","525","Трёхколёсный спорткар, 2.0 л V2 S&S (82–115 л.с.), 5-ст. МКПП. Масса: 525–550 кг"
"Morgan","Eva GT (концепт)","2010","1250","Четырёхместное купе GT, 3.0 л твин-турбо BMW (306 л.с.). В серию не пошёл"
"Москвич","3","2022–наст.","1365","Компактный кроссовер, локализованный JAC JS4, 1.5T (136-150 л.с.), вариатор или 6-ст. МКПП. Масса: 1365-1410 кг."
"Москвич","3e","2023–наст.","1665","Электрический кроссовер, локализованный JAC e-JS4, батарея 55 кВт·ч, запас хода до 420 км. Масса: 1665-1710 кг."
"Москвич","6","2024–наст.","1560","Среднеразмерный кроссовер, локализованный JAC JS6, 2.0T (190-197 л.с.), 7-ст. DCT. Масса: 1560-1640 кг."
"Москвич","8","2025–наст.","1660","Среднеразмерный кроссовер, локализованный JAC JS8, 1.5T (177 л.с.), 7-ст. DCT. Масса: 1660-1720 кг."
"Москвич","Москвич-400/401","1946–1956","850","Первый советский Москвич, лицензионный Opel Kadett. Масса: 850-900 кг."
"Москвич","Москвич-402","1956–1958","960","Седан с современным кузовом."
"Москвич","Москвич-407","1958–1963","980","Улучшенная версия 402 с новым двигателем."
"Москвич","Москвич-408","1964–1975","1090","Классический седан 1960-х."
"Москвич","Москвич-412","1967–1976","1045","Более мощная версия 408, двигатель УЗАМ-412 (75 л.с.)."
"Москвич","Москвич-2140","1976–1988","1070","Глубокий рестайлинг 412-й серии."
"Москвич","Москвич-2141","1986–2001","1120","Переднеприводный хэтчбек, последняя собственная разработка завода."
"Neta","Aya (базовая, 36.1 кВт·ч, 95 л.с.)","2020–наст.","1100","Субкомпактный кроссовер, 54–95 л.с., батарея 36.1 кВт·ч, запас хода до 401 км (NEDC). Масса: 1100–1180 кг"
"Neta","U (базовая, 54 кВт·ч, 204 л.с.)","2020–наст.","1589","Компактный кроссовер, 204 л.с., батарея 54 кВт·ч, запас хода 400 км (NEDC). Масса: 1589 кг (Autonews), также указывается 1635–1680 кг"
"Neta","U Pro 400 (68 кВт·ч, 204 л.с.)","2020–наст.","1680","Компактный кроссовер, 204 л.с., батарея 68 кВт·ч, запас хода 500 км (NEDC). Масса: 1680 кг (AUTO.RIA)"
"Neta","X (базовая, 53.3 кВт·ч, 163 л.с.)","2023–наст.","1670","Компактный кроссовер (рестайлинг U), 163 л.с., батарея 53.3 кВт·ч, запас хода 480 км (NEDC). Масса: 1670–1815 кг"
"Neta","X (62 кВт·ч, 134 л.с.)","2025–наст.","1740","Компактный кроссовер, 134 л.с., батарея 62 кВт·ч. Масса: 1740 кг"
"Neta","S (BEV, 650 км, AWD)","2022–наст.","2130","Среднеразмерный седан, 340 кВт (462 л.с.), полный привод, батарея 91 кВт·ч, запас хода 650 км (CLTC). Масса: 2130 кг"
"Neta","S (BEV, 510 км, RWD)","2022–наст.","1960","Среднеразмерный седан, 200 кВт (272 л.с.), задний привод, запас хода 510 км (CLTC). Масса: 1960 кг"
"Neta","S (EREV, 300 км, RWD)","2022–наст.","1970","Гибридный седан, 1.5 л ДВС + э/м 200 кВт (272 л.с.), задний привод, запас хода на электротяге 300 км (CLTC). Масса: 1970 кг"
"Neta","S Shooting Brake (BEV, 640 км, AWD)","2024–наст.","2160","Электрический универсал, 370 кВт (503 л.с.), полный привод, батарея 91 кВт·ч, запас хода 640 км (CLTC). Масса: 2160 кг"
"Neta","S Shooting Brake (EREV, 300 км, RWD)","2024–наст.","1970","Гибридный универсал, 1.5 л ДВС + э/м 200 кВт (272 л.с.), задний привод, запас хода на электротяге 300 км (CLTC). Масса: 1970 кг"
"Neta","GT (560 км, RWD)","2023–наст.","1850","Спортивное купе, 228 л.с., задний привод, запас хода 560 км (CLTC). Масса: 1850 кг"
"Neta","GT (660 км, RWD)","2023–наст.","1820","Спортивное купе, 228 л.с., задний привод, запас хода 660 км (CLTC). Масса: 1820 кг"
"Neta","GT (AWD, 462 л.с.)","2023–наст.","1950","Спортивное купе, 340 кВт (462 л.с.), полный привод, запас хода 580 км (CLTC). Масса: 1950 кг"
"Neta","L (EV, 68 кВт·ч, 231 л.с.)","2024–наст.","1935","Среднеразмерный кроссовер, 231 л.с., задний привод, батарея 68 кВт·ч, запас хода 510 км (CLTC)"
"Neta","L (EREV, 30 кВт·ч, 231 л.с.)","2024–наст.","","Гибридный кроссовер, 1.5 л ДВС + э/м 231 л.с., батарея 30 кВт·ч, суммарный запас хода 1300 км. Точная масса не раскрыта"
"NIO","ET5","2021–наст.","2145","Спортивный седан, 489 л.с., AWD, батарея 75/100/150 кВт·ч. Масса: 2,145–2,245 кг"
"NIO","ET5 Touring","2023–наст.","2195","Универсал на базе ET5, 489 л.с., AWD. Масса: 2,195–2,245 кг"
"NIO","ET7","2022–наст.","2379","Флагманский седан, 653 л.с., AWD, батарея 75/100/150 кВт·ч. Масса: 2,359–2,454 кг"
"NIO","ET9","2025–наст.","2700","Флагманский седан класса люкс, 707 л.с., AWD, батарея 100 кВт·ч, пневмоподвеска"
"NIO","ES6 (I поколение)","2019–2022","2290","Среднеразмерный кроссовер, AWD. Масса: 2,290–2,345 кг"
"NIO","ES6 / EL6 (II поколение)","2023–наст.","2215","Среднеразмерный кроссовер, AWD. Масса: 2,215–2,378 кг в зависимости от конфигурации"
"NIO","EC6 (II поколение)","2023–наст.","2292","Купеобразный кроссовер, AWD. Масса: 2,292–2,340 кг"
"NIO","ES7 / EL7","2022–наст.","2361","Среднеразмерный кроссовер, AWD, 653 л.с. Масса: 2,361 кг (75 кВт·ч) / 2,381 кг (100 кВт·ч)"
"NIO","ES8 (I поколение)","2018–2022","2460","Полноразмерный трёхрядный кроссовер, AWD, 653 л.с."
"NIO","ES8 (II поколение, 2024)","2023–2024","2425","Полноразмерный трёхрядный кроссовер, платформа NT2.0"
"NIO","ES8 (III поколение) / EL8","2025–наст.","2538","Полноразмерный трёхрядный кроссовер. Масса: 2,538–2,700 кг"
"NIO","EC7","2023–наст.","2379","Купеобразный кроссовер на базе ES7. Масса: 2,379–2,419 кг"
"NIO","Onvo L60","2024–наст.","1885","Среднеразмерный кроссовер суббренда Onvo. Масса: 1,885–1,965 кг"
"NIO","Firefly","2025–наст.","1492","Компактный городской хэтчбек суббренда Firefly. Масса: 1,467–1,492 кг"
"NIO","EP9","2016–2017","1735","Электрический гиперкар, 1,360 л.с., 4 э/м, разгон 0-100 км/ч за 2.7 с"
"Nissan","Versa (2025, 1.6 CVT)","2020–наст.","1207","Компактный бюджетный седан. Масса: 2,599–2,661 lbs."
"Nissan","Versa (2019, 1.6 MT)","2015–2019","1118","Предыдущее поколение. Масса: 2,466 lbs."
"Nissan","Sentra (2025, 2.0 CVT)","2020–наст.","1377","Компактный седан. Масса: 3,036–3,090 lbs."
"Nissan","Sentra (2012, SE-R)","2007–2012","1420","Заряженная версия Sentra. Масса: 3,131 lbs."
"Nissan","Altima (2025, 2.5 CVT)","2018–наст.","1475","Седан среднего размера. Масса: 3,253–3,329 lbs."
"Nissan","Altima (2013, 2.5 CVT)","2013–2018","1410","Предыдущее поколение. Масса: 3,108 lbs."
"Nissan","Maxima (2023, 3.5 V6)","2016–2023","1685","Полноразмерный спортивный седан. Масса: 3,565–3,716 lbs."
"Nissan","Maxima (2014, 3.5 V6)","2009–2015","1613","Предыдущее поколение. Масса: 3,556 lbs."
"Nissan","Kicks (2025, 1.6 CVT)","2020–наст.","1355","Субкомпактный кроссовер. Масса: 2,682–2,987 lbs."
"Nissan","Kicks e-POWER (гибрид)","2020–наст.","1330","Гибридная версия Kicks для азиатских рынков."
"Nissan","Rogue (2025, 1.5T VC-Turbo)","2021–наст.","1577","Компактный кроссовер. Масса: 3,477–3,737 lbs."
"Nissan","Rogue (2013, 2.5 CVT)","2008–2013","1486","Предыдущее поколение. Масса: 3,276 lbs."
"Nissan","Murano (2025, 2.0T VC-Turbo)","2021–наст.","1902","Среднеразмерный кроссовер. Масса: 4,193–4,423 lbs."
"Nissan","Murano (2013, 3.5 V6)","2009–2014","1764","Предыдущее поколение. Масса: 3,889 lbs."
"Nissan","Pathfinder (2026, 3.5 V6)","2022–наст.","1966","Трёхрядный кроссовер. Масса: 4,334–4,625 lbs."
"Nissan","Pathfinder (2020, 3.5 V6)","2013–2021","1947","Предыдущее поколение. Масса: 4,293 lbs."
"Nissan","Armada (2025, 3.5T V6)","2017–наст.","2575","Полноразмерный рамный внедорожник. Масса: 5,677–5,807 lbs."
"Nissan","Armada (2004, 5.6 V8)","2004–2016","2274","Первое поколение. Масса: 5,013 lbs."
"Nissan","X-Trail (2013, 2.5 CVT)","2013–2021","1676","Европейский аналог Rogue. Масса варьируется от 1,370 до 1,676 кг."
"Nissan","Qashqai (2017–2021, 1.3 DIG-T)","2013–наст.","1390","Компактный кроссовер для Европы. Масса варьируется от 1,356 до 1,687 кг."
"Nissan","Juke (2013, 1.6T)","2010–2019","1342","Компактный кроссовер с ярким дизайном. Масса: 2,912–3,210 lbs."
"Nissan","Frontier (2025, 3.8 V6, Crew Cab)","2022–наст.","1970","Среднеразмерный пикап. Масса: 4,342–4,763 lbs."
"Nissan","Frontier (2020, PRO-4X)","2005–2021","2130","Предыдущее поколение. Масса: 4,696 lbs."
"Nissan","Titan (2024, 5.6 V8, Crew Cab)","2017–2024","2491","Полноразмерный пикап. Масса: 5,493–5,800 lbs."
"Nissan","Titan (2004, 5.6 V8)","2004–2016","2277","Первое поколение. Масса: 5,019 lbs."
"Nissan","Z (2025, 3.0T V6)","2023–наст.","1581","Современное купе, 400 л.с. Масса: 3,486–3,549 lbs."
"Nissan","Z (2024, Performance)","2023–наст.","1604","Версия Performance с 9-ст. АКПП. Масса: 3,536 lbs."
"Nissan","GT-R (2024, 3.8T V6 Premium)","2009–2024","1785","Легендарный суперкар, полный привод. Масса: 3,829–3,935 lbs."
"Nissan","GT-R (2013, 3.8T V6)","2009–2016","1737","Ранняя версия GT-R. Масса: 3,829 lbs."
"Nissan","370Z (2017, 3.7 V6, купе)","2009–2021","1511","Предшественник нового Z. Масса: 3,332–3,479 lbs."
"Nissan","370Z (2017, родстер)","2009–2021","1571","Открытая версия 370Z. Масса: 3,463 lbs."
"Nissan","Leaf (2018, 40 кВт·ч)","2017–наст.","1567","Самый массовый электромобиль в мире. Масса: 3,433–3,516 lbs."
"Nissan","Leaf (2012, 24 кВт·ч)","2010–2017","1521","Первое поколение Leaf. Масса: 3,292–3,401 lbs."
"Nissan","Ariya (2023, 63 кВт·ч, FWD)","2022–наст.","1961","Электрический кроссовер, батарея 63 кВт·ч, запас хода 346 км. Масса: 4,233–4,323 lbs."
"Nissan","Ariya (2024, e-4ORCE, AWD, 87 кВт·ч)","2022–наст.","2116","Полноприводная версия, два электромотора, запас хода 438 км. Масса: 4,665–4,674 lbs."
"Nissan","Ariya Platinum+ e-4ORCE (AWD, 87 кВт·ч)","2022–наст.","2498","Топ-версия Ariya. Масса: 5,057–5,507 lbs."
"Nissan","Note (2013–2020, 1.2 CVT)","2013–2020","1048","Компактный хэтчбек. Масса варьируется от 1,048 до 1,118 кг."
"Nissan","Note e-POWER (гибрид)","2016–наст.","1220","Гибридная версия Note. Масса: 1,220 кг."
"Noble","M10","1999–2000","960","Первый автомобиль Noble, кабриолет, 2.5 л Ford Duratec V6 (168 л.с.), 5-ст. МКПП, выпущено 6 экз."
"Noble","M12 GTO","2000–2007","980","Купе, среднемоторное, 3.0 л твин-турбо Ford Duratec V6 (310 л.с.), 5-ст. МКПП"
"Noble","M12 GTO-3 / GTO-3R","2000–2007","1080","Купе, среднемоторное, 3.0 л твин-турбо Ford Duratec V6 (352 л.с.), 6-ст. МКПП"
"Noble","M400","2006–2007","1060","Купе, 3.0 л твин-турбо Ford Duratec V6 (425 л.с.), 6-ст. МКПП, выпущено 75 экз."
"Noble","M14 (прототип)","2004","1150","Прототип купе, 3.0 л твин-турбо V6 (400 л.с.), в серию не пошёл"
"Noble","M15","2006–2011","1250","Купе, 3.0 л твин-турбо Ford Duratec V6 (455 л.с.), 6-ст. МКПП, конкурент Porsche 911 Turbo"
"Noble","M600","2010–2018","1250","Флагманский суперкар, 4.4 л твин-турбо Volvo/Yamaha V8 (650 л.с.), 6-ст. МКПП, кузов из нержавеющей стали и карбона. Независимые тесты показали массу ~1305 кг"
"Noble","M500","2022–наст.","1250","Младший суперкар, 3.5 л твин-турбо Ford V6 (~550 л.с.), 6-ст. МКПП. Масса по разным источникам от 1250 до 1350 кг"
"Omoda","C5 (1.5T, 147 л.с., FWD)","2022–наст.","1440","Компактный кроссовер, 1.5T (147 л.с.), 7-ст. DCT. Масса: 1,440–1,480 кг"
"Omoda","C5 EV (электрический, 61 кВт·ч)","2024–наст.","1610","Электрический кроссовер, 204 л.с., задний привод, запас хода 450 км. Масса: 1,610–1,730 кг"
"Omoda","C7 (1.5T, 177 л.с., FWD)","2025–наст.","1570","Среднеразмерный кроссовер, 1.5T (177 л.с.), 7-ст. DCT. Масса: 1,570–1,600 кг"
"Omoda","C9 (2.0T, 261 л.с., AWD)","2024–наст.","1770","Флагманский кроссовер, 2.0T (261 л.с.), 7-ст. DCT, полный привод. Масса: 1,770–1,930 кг"
"Omoda","S5 (1.5T, 147 л.с., FWD)","2023–наст.","1395","Компактный седан, 1.5T (147 л.с.), вариатор CVT9. Масса: 1,395–1,476 кг"
"Onvo","L60 (Standard Range, RWD)","2024–наст.","1885","Среднеразмерный кроссовер, 326 л.с., задний привод, батарея LFP 60 кВт·ч, запас хода 555 км (CLTC). Масса: 1,885–1,900 кг"
"Onvo","L60 (Long Range, RWD)","2024–наст.","1900","Кроссовер, 326 л.с., задний привод, батарея NMC 85 кВт·ч, запас хода 730 км (CLTC). Масса: 1,900–1,930 кг"
"Onvo","L60 (Long Range, AWD)","2024–наст.","1965","Кроссовер, 462 л.с., полный привод, батарея 85 кВт·ч, запас хода ~700 км (CLTC). Масса: 1,965–2,000 кг"
"Onvo","L90","2026 (план)","","Будущий флагманский электрический внедорожник. Официальные данные о массе не раскрыты."
"Opel","Corsa (1.2, 100 л.с., MT)","2019–наст.","1100","Компактный хэтчбек, 1.2 л (100 л.с.), 5-ст. МКПП, передний привод"
"Opel","Corsa (1.2 Turbo, 130 л.с., AT)","2019–наст.","1158","Компактный хэтчбек, 1.2 л турбо (130 л.с.), 8-ст. АКПП"
"Opel","Corsa Electric (51 кВт·ч, 156 л.с.)","2023–наст.","1544","Электрический хэтчбек, 156 л.с., батарея 51 кВт·ч, запас хода 357 км (WLTP)"
"Opel","Corsa Electric (54 кВт·ч, facelift)","2024–наст.","1615","Обновлённый электрический хэтчбек, батарея 54 кВт·ч, запас хода 403 км (WLTP)"
"Opel","Astra (1.2 Turbo MHEV, 145 л.с., eDCT)","2021–наст.","1379","Хэтчбек C-класса, 1.2 л турбо MHEV (145 л.с.), 6-ст. eDCT, передний привод"
"Opel","Astra (PHEV, 225 л.с.)","2021–наст.","1736","Подзаряжаемый гибридный хэтчбек, 1.6 л турбо + э/м (225 л.с.), 8-ст. АКПП"
"Opel","Mokka (1.2 Turbo, 136 л.с., MT)","2020–наст.","1294","Компактный кроссовер, 1.2 л турбо (136 л.с.), 6-ст. МКПП, передний привод"
"Opel","Mokka Hybrid (1.2T MHEV, 145 л.с., eDCT)","2024–наст.","1362","Гибридный кроссовер, 1.2 л турбо MHEV (145 л.с.), 6-ст. eDCT"
"Opel","Mokka Electric (54 кВт·ч, 156 л.с.)","2024–наст.","1615","Электрический кроссовер, 156 л.с., батарея 54 кВт·ч, запас хода 403 км (WLTP)"
"Opel","Frontera (1.2 Turbo MHEV, 110 л.с., eDCT)","2024–наст.","1269","Компактный кроссовер, 1.2 л турбо MHEV (110 л.с.), 6-ст. eDCT, передний привод"
"Opel","Frontera Electric (53 кВт·ч, 113 л.с.)","2024–наст.","1514","Электрический кроссовер, 113 л.с., батарея 53 кВт·ч, запас хода 400 км (WLTP)"
"Opel","Grandland (1.2 Turbo MHEV, 136 л.с., eDCT)","2024–наст.","1600","Среднеразмерный кроссовер, 1.2 л турбо MHEV (136 л.с.), 6-ст. eDCT, передний привод"
"Opel","Grandland Electric (73 кВт·ч, 213 л.с.)","2024–наст.","2207","Электрический кроссовер, 213 л.с., батарея 73 кВт·ч, запас хода 523 км (WLTP)"
"Opel","Grandland Electric Long Range (97 кВт·ч, 231 л.с.)","2025–наст.","2180","Электрический кроссовер, 231 л.с., батарея 97 кВт·ч, запас хода 700 км (WLTP)"
"Opel","Combo Life (1.5 BlueHDi, 100 л.с., MT)","2018–наст.","1430","Компактный минивэн, 1.5 л турбодизель (100 л.с.), 6-ст. МКПП, передний привод"
"Opel","Combo Cargo (2.0 CDTI, MT)","2011–наст.","1350","Лёгкий коммерческий фургон, 2.0 л турбодизель (135 л.с.), 6-ст. МКПП, грузоподъёмность 750 кг"
"Opel","Zafira Life","2019–наст.","2100","Полноразмерный минивэн, дизельные/электрические версии, до 9 мест, масса варьируется от 1700 до 2100 кг"
"Opel","Movano (III поколение)","2021–наст.","2050","Полноразмерный коммерческий фургон, 2.2 л турбодизель, снаряжённая масса 2050 кг"
"Opel","Adam (1.2 MT)","2012–2019","1086","Городской хэтчбек А-класса, 1.2 л (70 л.с.), 5-ст. МКПП, передний привод"
"Opel","Cascada (1.4 Turbo, 120 л.с.)","2013–2019","1701","Кабриолет, 1.4 л турбо (120 л.с.), 6-ст. МКПП, передний привод"
"Opel","Insignia Grand Sport (1.6 CDTI, AT)","2017–2022","1492","Бизнес-седан D-класса, 1.6 л турбодизель (134 л.с.), 6-ст. АКПП, передний привод"
"Opel","Insignia (2.0 DTH, 160 л.с., 4x4, AT)","2008–2017","1816","Полноприводный дизельный седан, 2.0 л турбодизель (160 л.с.), 6-ст. АКПП"
"Opel","Zafira (I поколение)","1999–2005","1320","Компактвэн, 1.8 л (125 л.с.), 5-ст. МКПП, передний привод, масса варьируется от 1320 до 1560 кг"
"Opel","Zafira Tourer (1.4 Turbo, 120 л.с.)","2011–2019","1611","Компактвэн, 1.4 л турбо (120 л.с.), 6-ст. МКПП, передний привод"
"Opel","Vectra B (1.8 MT)","1995–2002","1170","Среднеразмерный седан, 1.8 л (115 л.с.), 5-ст. МКПП, передний привод, масса варьируется от 1170 до 1415 кг"
"Opel","Kadett B","1965–1973","750","Компактный автомобиль, различные двигатели, задний привод"
"Opel","Manta A","1970–1975","865","Классическое купе, 1.6 л (68 л.с.), 4-ст. МКПП, задний привод"
"Opel","Rekord P1","1957–1960","930","Среднеразмерный седан, 1.5 л (50 л.с.), 3-ст. МКПП, задний привод"
"Opel","Diplomat","1964–1977","1780","Представительский седан, 5.4 л V8 (230 л.с.), 3-ст. АКПП, задний привод"
"Pagani","Zonda C12","1999–2002","1350","Первая модель Pagani. 6.0 л V12 AMG (394 л.с.), 6-ст. МКПП. Снаряжённая масса: 1,250–1,350 кг."
"Pagani","Zonda C12-S","2002–2005","1350","Форсированная версия, 7.3 л V12 AMG (555 л.с.), 6-ст. МКПП."
"Pagani","Zonda C12-S Roadster","2003–2005","1280","Открытая версия C12-S. Снаряжённая масса: 1,280 кг."
"Pagani","Zonda F","2005–2013","1350","Названа в честь Хуана-Мануэля Фанхио. 7.3 л V12 (602 л.с.), 6-ст. МКПП. Сухая масса: 1,230 кг."
"Pagani","Zonda Cinque","2009–2011","1210","Лимитированная серия (5 купе + 5 родстеров). 7.3 л V12 (678 л.с.), секвентальная КПП. Сухая масса: 1,210 кг."
"Pagani","Zonda Tricolore","2011","1210","Лимитированная серия (3 экз.) в честь пилотажной группы Frecce Tricolori."
"Pagani","Zonda R","2009–2011","1070","Трековый гиперкар без омологации. 6.0 л V12 (750 л.с.), секвентальная КПП. Сухая масса: 1,070 кг."
"Pagani","Zonda Revolución","2013–2015","1050","Эволюция трекового Zonda R. 6.0 л V12 (800 л.с.), секвентальная КПП. Сухая масса: 1,050 кг."
"Pagani","Zonda HP Barchetta","2017","1250","Лимитированная серия (3 экз.). 7.3 л V12 (800 л.с.). Снаряжённая масса: 1,250 кг."
"Pagani","Huayra","2011–2018","1350","Второе поколение гиперкаров. 6.0 л твин-турбо V12 AMG (720 л.с.), 7-ст. секвентальная КПП. Сухая масса: 1,350 кг."
"Pagani","Huayra BC","2016–2019","1268","Лимитированная серия (20 купе). 6.0 л V12 (789 л.с.), 7-ст. секвентальная КПП. Сухая масса: 1,217 кг."
"Pagani","Huayra Roadster","2017–наст.","1280","Открытая версия Huayra, на 70 кг легче купе. 6.0 л V12 (764 л.с.). Сухая масса: 1,280 кг."
"Pagani","Huayra Roadster BC","2019–2020","1217","Открытая версия BC, лимитированная серия (40 экз.). 6.0 л V12 (800 л.с.). Сухая масса: 1,217 кг."
"Pagani","Huayra Imola","2020","1246","Трековая версия, лимитированная серия (5 экз.). 6.0 л V12 (827 л.с.). Сухая масса: 1,246 кг."
"Pagani","Huayra R","2021–наст.","1050","Трековый гиперкар без омологации. 6.0 л V12 атм. (850 л.с.), созданный специально для Pagani."
"Pagani","Huayra Codalunga","2022","1280","Лимитированная серия (5 экз.) в стиле «лонг-тейл». 6.0 л V12 (840 л.с.). Сухая масса: 1,280 кг."
"Pagani","Utopia","2023–наст.","1280","Третье поколение гиперкаров. 6.0 л твин-турбо V12 AMG (864 л.с.), 7-ст. секвентальная КПП или 7-ст. МКПП. Сухая масса: 1,280 кг."
"Pagani","Utopia Roadster","2024–наст.","1280","Открытая версия Utopia. 6.0 л V12 (864 л.с.). Сухая масса: 1,280 кг."
"Perodua","Axia (I поколение, B200)","2014–2023","825","Городской хэтчбек A-сегмента, 1.0 л Toyota 1KR-VE (67 л.с.), 5-ст. МКПП или 4-ст. АКПП. Масса: 825–865 кг"
"Perodua","Axia (II поколение, A300)","2023–наст.","865","Второе поколение Axia, 1.0 л (68 л.с.), вариатор D-CVT. Масса: 865–890 кг"
"Perodua","Myvi (I поколение, 1.3)","2005–2011","985","Хэтчбек B-сегмента на базе Daihatsu Sirion, 1.3 л (87 л.с.), 4-ст. АКПП. Масса: 900–985 кг"
"Perodua","Myvi (II поколение, 1.3)","2011–2017","955","Второе поколение Myvi, 1.3 л (85 л.с.), 4-ст. АКПП. Масса: 935–1,010 кг"
"Perodua","Myvi (III поколение, 1.5)","2017–наст.","1010","Третье поколение Myvi на платформе DNGA, 1.5 л (103 л.с.), 4-ст. АКПП. Масса: 1,010–1,025 кг"
"Perodua","Bezza (1.0)","2016–наст.","865","Компактный седан A-сегмента, 1.0 л (68 л.с.), 5-ст. МКПП. Масса: 865–880 кг"
"Perodua","Bezza (1.3)","2016–наст.","900","Компактный седан, 1.3 л (95 л.с.), 4-ст. АКПП. Масса: 900–925 кг"
"Perodua","Alza (I поколение, M500)","2009–2022","1120","7-местный минивэн на базе Daihatsu Boon Luminas, 1.5 л (104 л.с.), 4-ст. АКПП. Масса: 1,120–1,170 кг"
"Perodua","Alza (II поколение, W150)","2022–наст.","1145","Второе поколение Alza на платформе DNGA, 1.5 л (106 л.с.), вариатор D-CVT. Масса: 1,145–1,170 кг"
"Perodua","Aruz","2019–наст.","1300","7-местный кроссовер на базе Daihatsu Terios, 1.5 л (102 л.с.), 4-ст. АКПП, задний привод. Масса: 1,300–1,310 кг"
"Perodua","Ativa (A270)","2021–наст.","1020","Компактный кроссовер на базе Daihatsu Rocky, 1.0 л турбо (98 л.с.), вариатор D-CVT. Масса: 1,020–1,035 кг"
"Perodua","Kancil (1994)","1994–2009","650","Первый автомобиль Perodua, лицензионный Daihatsu Mira, 0.66–0.85 л (31–49 л.с.), 5-ст. МКПП. Масса: 650–690 кг"
"Perodua","Nippa","1997–2001","650","Экспортная версия Kancil для Великобритании, 0.66 л (31 л.с.)"
"Perodua","Kelisa","2001–2007","775","Городской хэтчбек на базе Daihatsu Cuore/Mira, 1.0 л (55 л.с.), 5-ст. МКПП"
"Perodua","Kenari","2000–2009","845","Микровэн на базе Daihatsu Move, 1.0 л (56 л.с.), 5-ст. МКПП или 4-ст. АКПП"
"Perodua","Viva (660)","2007–2014","755","Городской хэтчбек, преемник Kancil, 0.66 л (48 л.с.), 5-ст. МКПП. Масса: 755–835 кг"
"Perodua","Nautica","2008–2010","1200","Компактный внедорожник, лицензионный Daihatsu Terios/Toyota Rush, 1.5 л (105 л.с.), 5-ст. МКПП"
"Peugeot","208 (I поколение)","2012–2019","975","Компактный хэтчбек B-сегмента на платформе PF1. Масса: 975–1295 кг"
"Peugeot","208 (II поколение)","2019–наст.","1033","Хэтчбек на платформе CMP. Масса: 1033–1485 кг"
"Peugeot","e-208 (электрический)","2019–наст.","1455","Электрический хэтчбек, батарея 50 кВт·ч, запас хода 362 км (WLTP). Масса: 1455–1530 кг"
"Peugeot","308 (III поколение, хэтчбек)","2021–наст.","1375","Хэтчбек C-класса на платформе EMP2. Масса: 1375–1674 кг"
"Peugeot","308 SW (III поколение, универсал)","2022–наст.","1400","Универсал на базе 308. Масса: 1400–1675 кг"
"Peugeot","508 (II поколение, седан)","2018–наст.","1425","Бизнес-седан D-класса. Масса: 1425–1650 кг"
"Peugeot","508 SW (II поколение, универсал)","2019–наст.","1450","Универсал на базе 508. Масса: 1450–1700 кг"
"Peugeot","2008 (I поколение)","2013–2019","1090","Компактный кроссовер на платформе PF1. Масса: 1090–1255 кг"
"Peugeot","2008 (II поколение)","2019–наст.","1205","Кроссовер на платформе CMP. Масса: 1205–1610 кг"
"Peugeot","e-2008 (электрический)","2020–наст.","1548","Электрический кроссовер, батарея 50 кВт·ч, запас хода 345 км (WLTP)"
"Peugeot","3008 (I поколение)","2008–2016","1475","Компактный кроссовер. Масса: 1475–1650 кг"
"Peugeot","3008 (II поколение)","2016–2023","1325","Кроссовер на платформе EMP2. Масса: 1325–1700 кг"
"Peugeot","3008 (III поколение)","2023–наст.","1530","Кроссовер нового поколения. Масса: 1530–1950 кг"
"Peugeot","5008 (I поколение)","2009–2017","1450","Семиместный компактвэн на базе 3008. Масса: 1450–1600 кг"
"Peugeot","5008 (II поколение)","2017–2024","1568","Семиместный кроссовер на платформе EMP2. Масса: 1568–1785 кг"
"Peugeot","5008 (III поколение)","2024–наст.","1688","Кроссовер нового поколения. Масса: 1688–1875 кг"
"Peugeot","408","2022–наст.","1350","Кроссовер-фастбек на платформе EMP2. Масса: 1350–1650 кг"
"Peugeot","Partner (1.6 72kW)","1996–наст.","1495","Лёгкий коммерческий фургон, грузоподъёмность 465 кг"
"Peugeot","Rifter","2018–наст.","1515","Компактный минивэн на базе Partner. Масса: 1515–1859 кг"
"Peugeot","Expert","2016–наст.","1700","Среднетоннажный коммерческий фургон. Масса: 1700–2100 кг"
"Peugeot","Traveller","2016–наст.","1700","Пассажирский минивэн на базе Expert. Масса: 1700–2100 кг"
"Peugeot","Boxer","2006–наст.","1900","Полноразмерный коммерческий фургон. Масса: 1900–2300 кг"
"Peugeot","205","1983–1998","740","Легендарный хэтчбек. Очень лёгкий — от 740 кг"
"Peugeot","206","1998–2010","910","Популярный хэтчбек B-сегмента. Масса: 910–1150 кг"
"Peugeot","306","1993–2002","1020","Хэтчбек C-сегмента, предшественник 307"
"Peugeot","307","2001–2008","1150","Хэтчбек C-сегмента, предшественник 308"
"Peugeot","309","1985–1993","850","Седан на базе 205"
"Peugeot","405","1987–1997","990","Среднеразмерный седан, популярный в 1990-х"
"Peugeot","406","1995–2004","1240","Бизнес-седан D-класса, предшественник 407"
"Peugeot","407","2004–2011","1400","Бизнес-седан, предшественник 508"
"Peugeot","605","1989–1999","1340","Представительский седан"
"Peugeot","607","1999–2011","1510","Представительский седан, преемник 605"
"Pininfarina","Battista","2020–наст.","2200","Электрический гиперкар, 4 э/м (1900 л.с., 2300 Н·м), разгон 0-100 км/ч < 2 с, макс. скорость 350 км/ч, батарея 120 кВт·ч, запас хода 500 км"
"Pininfarina","Battista Anniversario","2020–наст.","2190","Лимитированная серия (5 экз.), на 10 кг легче стандартной версии за счёт кованых алюминиевых дисков и карбонового обвеса, цена €2.6 млн"
"Pininfarina","B95","2023–наст.","2200","Электрическая барчетта, 4 э/м (1900 л.с.), разгон 0-100 км/ч < 2 с, макс. скорость > 300 км/ч, тираж 10 экз., цена €4.4 млн. Масса оценочная"
"Pininfarina","Sergio","2013","1280","Концепт-барчетта на базе Ferrari 458 Spider, карбоновый кузов, на 150 кг легче донора"
"Pininfarina","Cambiano","2012","1695","Концепт plug-in гибрида с турбиной, разгон 0-100 км/ч за 4.2 с, запас хода 800 км"
"Pininfarina","H2 Speed","2016","1420","Концепт водородного спорткара, 503 л.с., задний привод, разгон 0-100 км/ч за 3.4 с"
"Pininfarina","Pura Vision","2024–наст.","","Концепт электрического люксового кроссовера (e-LUV). Официальная масса не раскрыта"
"Polestar","1","2019–2022","2345","Подзаряжаемый гибрид (PHEV), 2.0 л турбо + э/м (609 л.с.), полный привод, батарея 34 кВт·ч, запас хода на электротяге 124 км (WLTP). Масса: 2,345–2,364 кг"
"Polestar","2 (Standard Range Single Motor, 2024)","2020–наст.","2069","Лифтбек, задний привод, 227 л.с., батарея 69 кВт·ч, запас хода 546 км (WLTP). Масса: 1,994–2,069 кг"
"Polestar","2 (Long Range Single Motor)","2020–наст.","2081","Лифтбек, задний привод, 231 л.с., батарея 78 кВт·ч, запас хода 654 км (WLTP). Масса: 2,009–2,081 кг"
"Polestar","2 (Long Range Dual Motor)","2020–наст.","2185","Лифтбек, полный привод, 421 л.с., батарея 78 кВт·ч, запас хода 596 км (WLTP). Масса: 2,108–2,185 кг"
"Polestar","3 (Long Range Dual Motor)","2024–наст.","2403","Среднеразмерный кроссовер, полный привод, 489 л.с., батарея 111 кВт·ч, запас хода 631 км (WLTP). Масса: 2,403–2,623 кг"
"Polestar","4 (Long Range Single Motor)","2024–наст.","2230","Купеобразный кроссовер, задний привод, 276 л.с., батарея 102 кВт·ч, запас хода 620 км (WLTP). Масса: 2,230–2,232 кг"
"Polestar","4 (Long Range Dual Motor)","2024–наст.","2355","Купеобразный кроссовер, полный привод, 544 л.с., батарея 102 кВт·ч, разгон 0-100 км/ч за 3.8 с. Масса: 2,351–2,355 кг"
"Polestar","5","2025 (план)","2462","Четырёхдверное купе GT, полный привод, 884 л.с., батарея 106 кВт·ч, запас хода 670 км (WLTP). Масса: 2,462–2,575 кг"
"Polestar","6","2026 (план)","","Электрический родстер. Официальные данные о массе не раскрыты"
"Porsche","718 Boxster","2017–наст.","1370","Базовый родстер, 2.0 л турбо-оппозитник (300 л.с.), задний привод. Масса: 3,020 lbs"
"Porsche","718 Boxster S","2017–наст.","1393","Родстер, 2.5 л турбо (350 л.с.). Масса: 3,071 lbs"
"Porsche","718 Boxster GTS 4.0","2020–наст.","1432","Родстер, 4.0 л атмосферный (400 л.с.). Масса: 3,156 lbs"
"Porsche","718 Spyder RS","2024–наст.","1458","Топ-родстер, 4.0 л от 911 GT3 (493 л.с.). Масса: 3,214 lbs"
"Porsche","718 Cayman","2017–наст.","1379","Базовое купе, 2.0 л турбо-оппозитник (300 л.с.). Масса: 3,040 lbs"
"Porsche","718 Cayman GTS 4.0","2020–наст.","1436","Купе, 4.0 л атмосферный (400 л.с.). Масса: 3,166 lbs"
"Porsche","911 Carrera","2019–наст.","1521","Базовое купе 992, 3.0 л битурбо (385 л.с.). Масса: 3,354 lbs"
"Porsche","911 Carrera T","2023–наст.","1476","Облегчённая версия с МКПП, 3.0 л (385 л.с.). Масса: 3,254 lbs"
"Porsche","911 Carrera 4 GTS","2020–наст.","1604","Полноприводная версия GTS, 3.0 л (480 л.с.). Масса: 3,536 lbs"
"Porsche","911 GT3","2021–наст.","1435","Трековый спорткар, 4.0 л атмосферный (510 л.с.). Масса: 3,164 lbs"
"Porsche","911 GT3 Touring","2021–наст.","1418","GT3 без антикрыла, 4.0 л (510 л.с.). Масса: 3,126 lbs"
"Porsche","911 GT3 RS","2022–наст.","1482","Экстремальная трековая версия, 4.0 л (525 л.с.). Масса: 3,268 lbs"
"Porsche","911 Turbo","2020–наст.","1649","Полноприводное купе, 3.8 л битурбо (580 л.с.). Масса: 3,635 lbs"
"Porsche","911 Turbo Cabriolet","2020–наст.","1719","Открытая версия Turbo, 3.8 л (580 л.с.). Масса: 3,790 lbs"
"Porsche","911 Dakar","2023–наст.","1611","Внедорожная версия 911, увеличенный клиренс, 3.0 л (480 л.с.). Масса: 3,552 lbs"
"Porsche","Taycan (RWD)","2020–наст.","2072","Базовый электрический седан, задний привод. Масса: 4,568 lbs"
"Porsche","Taycan Turbo S","2020–наст.","2314","Топ-версия седана, 625 л.с. Масса: 5,101 lbs"
"Porsche","Taycan Turbo Cross Turismo","2021–наст.","2357","Полноприводный электрический универсал, 625 л.с. Масса: 5,196 lbs"
"Porsche","Taycan Sport Turismo","2022–наст.","2337","Электрический универсал (без внедорожного обвеса), 509 л.с. Масса: 5,152 lbs"
"Porsche","Panamera (RWD)","2024–наст.","1948","Базовый лифтбек, 2.9 л V6 битурбо (348 л.с.). Масса: 4,295 lbs"
"Porsche","Panamera 4 (AWD)","2024–наст.","1984","Полноприводный лифтбек, 2.9 л V6 (348 л.с.). Масса: 4,374 lbs"
"Porsche","Macan (2.0T, AWD)","2014–наст.","1883","Базовый кроссовер, 2.0 л турбо (261 л.с.). Масса: 4,151 lbs"
"Porsche","Macan GTS (2.9T, AWD)","2020–наст.","1996","Спортивный кроссовер, 2.9 л V6 битурбо (434 л.с.). Масса: 4,400 lbs"
"Porsche","Macan Electric (AWD)","2024–наст.","2446","Электрический кроссовер, батарея 100 кВт·ч, 576 л.с. Масса: 5,393 lbs"
"Porsche","Cayenne (3.0T, AWD)","2018–наст.","2122","Базовый кроссовер, 3.0 л V6 турбо (348 л.с.). Масса: 4,678 lbs"
"Porsche","Cayenne Coupe (3.0T, AWD)","2019–наст.","2150","Купеобразный кроссовер, 3.0 л V6 (348 л.с.). Масса: 4,740 lbs"
"Porsche","Cayenne S (4.0T, AWD)","2018–наст.","2211","Кроссовер, 4.0 л V8 битурбо (468 л.с.). Масса: 4,874 lbs"
"Porsche","Cayenne Coupe Turbo GT (4.0T)","2021–наст.","2293","Топ-версия купе, 4.0 л V8 битурбо (650 л.с.). Масса: 5,055 lbs"
"Porsche","Cayenne E-Hybrid Coupe Turbo (PHEV)","2024–наст.","2594","Подзаряжаемый гибрид, 4.0 л V8 + э/м (729 л.с.). Масса: 5,719 lbs"
"Porsche","911 (993) Carrera Coupe","1994–1998","1370","Последний 911 с воздушным охлаждением, 3.6 л (272 л.с.). Масса: 3,020 lbs"
"Porsche","911 (997) Carrera 4S","2005–2012","1555","Полноприводное купе 997-й серии, 3.8 л (385 л.с.). Масса: 3,428 lbs"
"Proton","Saga (IV поколение)","2016–наст.","1035","Самый доступный седан. Масса: 1035–1085 кг в зависимости от комплектации и коробки передач"
"Proton","Saga (I поколение)","1985–1992","950","Первый автомобиль Proton, лицензионный Mitsubishi Lancer Fiore. Масса: 950–980 кг"
"Proton","Persona (III поколение)","2016–наст.","1175","Седан B-класса на базе Iriz. Масса: 1175–1210 кг"
"Proton","Persona (I поколение)","2007–2015","1170","Замена модели Wira, платформа Gen.2. Масса: 1170–1195 кг"
"Proton","S70","2023–наст.","1290","Седан C-класса на базе Geely Emgrand. Преемник Prevé. Масса: 1290–1319 кг"
"Proton","Wira","1993–2009","945","Бестселлер 1990-х годов, лицензионный Mitsubishi Lancer. Масса: 945–1011 кг"
"Proton","Waja","2000–2011","1175","Первый автомобиль собственной разработки. Масса: 1175–1235 кг"
"Proton","Prevé","2012–2020","1305","Седан C-класса на платформе P2. Масса: 1305–1340 кг"
"Proton","Perdana (I поколение)","1995–2010","1245","Флагманский седан, лицензионный Mitsubishi Galant/Eterna"
"Proton","Perdana (II поколение)","2013–2020","1510","Флагманский седан на базе Honda Accord. Масса: 1510–1535 кг"
"Proton","Inspira","2010–2015","1300","Седан, лицензионный Mitsubishi Lancer. Масса: 1300–1350 кг"
"Proton","Iriz","2014–наст.","1165","Компактный хэтчбек B-класса. Масса: 1165–1185 кг"
"Proton","Suprima S","2013–2019","1365","Хэтчбек на базе Prevé, преемник Gen.2. Масса: 1365–1395 кг"
"Proton","Gen.2","2004–2012","1175","Хэтчбек собственной разработки. Масса: 1175–1245 кг"
"Proton","Satria Neo","2006–2015","1115","Компактный 3-дверный хэтчбек, преемник Satria. Масса: 1115–1159 кг"
"Proton","Satria","1994–2005","1005","Спортивный хэтчбек, лицензионный Mitsubishi Colt"
"Proton","Savvy","2005–2011","945","Супермини-хэтчбек, заменивший Tiara. Масса: 945–963 кг"
"Proton","X50","2020–наст.","1325","Компактный кроссовер B-класса, ребеджинг Geely Binyue/Coolray. Масса: 1325–1370 кг"
"Proton","X70","2018–наст.","1585","Среднеразмерный кроссовер C-класса, ребеджинг Geely Boyue. Масса: 1585–1725 кг"
"Proton","X90","2023–наст.","1675","Флагманский трёхрядный кроссовер, ребеджинг Geely Haoyue. Масса: 1675–1743 кг"
"Proton","e.MAS 5","2025–наст.","1230","Электрический хэтчбек. Версия Prime весит 1230 кг, Premium — 1305 кг"
"Proton","e.MAS 7","2025–наст.","1662","Электрический кроссовер C-класса на платформе GMA. Масса: 1662–1840 кг"
"Proton","Exora","2009–наст.","1422","Компактный семиместный минивэн. Масса: 1422–1465 кг"
"Proton","Juara","2001–2004","1005","Микровэн на базе Mitsubishi Town Box Wide"
"Proton","Putra","1996–2001","1007","Спортивное купе на базе Mitsubishi Mirage Asti. Масса: 1007–1105 кг"
"Proton","Arena / Jumbuck","2002–2011","1045","Лёгкий пикап на базе Wira. Грузоподъёмность до 645 кг. Масса: 1045–1065 кг"
"Proton","Tiara","1996–2000","780","Самый лёгкий Proton, лицензионный Citroën AX"
"Qoros","3 Sedan","2013–2020","1320-1430","Первый автомобиль марки, 5 звёзд Euro NCAP. Масса: 1,320–1,430 кг."
"Qoros","3 Hatchback","2014–2020","1360-1425","Версия в кузове хэтчбек, дизайн Герта Хильдебранда. Масса: 1,360–1,425 кг."
"Qoros","3 City SUV","2014–2020","1390-1430","Кроссовер на базе Qoros 3, увеличенный клиренс. Масса: 1,390–1,430 кг."
"Qoros","3 GT","2016–2020","1390-1430","Спортивный кросс-седан с внедорожным обвесом. Масса: 1,390–1,430 кг."
"Qoros","5","2016–2022","1540","Компактный кроссовер, конкурент Hyundai Tucson. Масса: 1,540 кг."
"Qoros","7","2020–2022","1655","Флагманский среднеразмерный SUV. Масса: 1,655 кг."
"RAM","1500 (3.6 V6, RWD)","2019–наст.","2165","Полноразмерный пикап, 3.6 V6 (305 л.с.), 8-ст. АКПП, задний привод. Масса: 2,165–2,239 кг"
"RAM","1500 (5.7 V8 HEMI, 4x4)","2019–наст.","2386","Полноприводный пикап, 5.7 V8 HEMI (395 л.с.), 8-ст. АКПП. Масса: 2,386–2,586 кг"
"RAM","1500 (3.0 EcoDiesel, 4x4)","2020–2023","2449","Дизельный пикап, 3.0 V6 EcoDiesel (260 л.с.), полный привод. Масса: 2,449–2,599 кг"
"RAM","1500 TRX (6.2 V8, 4x4)","2021–2024","2896","Внедорожный пикап, 6.2 V8 наддув (702 л.с.), полный привод. Масса: 6,386 lbs"
"RAM","1500 REV (электрический)","2025–наст.","3200","Электрический пикап, запас хода до 800 км. Масса оценочная: ~3,200 кг"
"RAM","2500 (6.4 V8 HEMI, 4x4)","2019–наст.","2862","Тяжёлый пикап, 6.4 V8 HEMI (410 л.с.), полный привод. Масса: 2,862–3,039 кг"
"RAM","2500 (6.7 Cummins Diesel, 4x4)","2019–наст.","3206","Дизельный тяжёлый пикап, 6.7 л турбодизель Cummins (370 л.с.), полный привод. Масса: 3,206–3,377 кг"
"RAM","3500 (6.4 V8 HEMI, 4x4)","2019–наст.","3016","Тяжёлый пикап, 6.4 V8 HEMI (410 л.с.). Масса: 3,016–3,221 кг"
"RAM","3500 (6.7 Cummins Diesel, 4x4, Dual Rear Wheels)","2019–наст.","3492","Дизельный пикап с двойными задними колёсами для максимальной буксировки. Масса: 3,492–3,725 кг"
"RAM","ProMaster City","2015–наст.","1588","Компактный коммерческий фургон на базе Fiat Doblò. Грузоподъёмность до 854 кг. Масса: 1,588–1,695 кг"
"RAM","ProMaster 1500 (Low Roof)","2014–наст.","2025","Полноразмерный коммерческий фургон на базе Fiat Ducato. Масса: 2,025–2,271 кг"
"RAM","ProMaster 2500 (High Roof)","2014–наст.","2340","Полноразмерный фургон с повышенной грузоподъёмностью. Масса: 2,340–2,636 кг"
"RAM","ProMaster 3500 (Extended)","2014–наст.","2492","Максимальная версия ProMaster с увеличенной длиной. Масса: 2,492–2,699 кг"
"Renault","Twingo I","1993–2007","790","Городской хэтчбек, 1.0–1.2 л (58–75 л.с.), 5-ст. МКПП, передний привод. Масса: 790–895 кг"
"Renault","Twingo III","2014–наст.","955","Хэтчбек, 0.9–1.0 л (90–110 л.с.), 5-ст. МКПП или 6-ст. EDC, передний/задний привод. Масса: 955–1,200 кг (E-Tech)"
"Renault","Clio I","1990–1998","810","Хэтчбек B-класса, 1.1–1.4 л (58–75 л.с.), 5-ст. МКПП. Масса: 810–920 кг"
"Renault","Clio V","2019–наст.","1204","Хэтчбек B-класса, 1.0–1.6 л (65–140 л.с.), 5-ст. МКПП или 7-ст. EDC. Масса: 1,204–1,400 кг"
"Renault","Modus","2004–2012","1095","Компактвэн, 1.2–1.6 л (75–110 л.с.), 5-ст. МКПП или 4-ст. АКПП. Масса: 1,095–1,245 кг"
"Renault","Megane IV (хэтчбек)","2016–2022","1220","Хэтчбек C-класса, 1.2–1.6 л (100–205 л.с.), 6-ст. МКПП или 7-ст. EDC. Масса: 1,220–1,505 кг"
"Renault","Megane GrandCoupe IV (седан)","2016–2022","1315","Седан C-класса, 1.2–1.6 л (100–205 л.с.). Масса: 1,315 кг"
"Renault","Megane E-Tech (электрический)","2022–наст.","1500","Электрический кроссовер/хэтчбек, 130–220 л.с., батарея 40–60 кВт·ч, запас хода 300–470 км (WLTP). Масса: 1,500–1,700 кг"
"Renault","Fluence","2009–2016","1288","Седан C-класса, 1.6–2.0 л (106–138 л.с.), 5-ст. МКПП или 4-ст. АКПП. Масса: 1,288–1,365 кг"
"Renault","Scenic IV","2016–2022","1379","Компактвэн C-класса, 1.2–1.6 л (115–160 л.с.), 6-ст. МКПП или 7-ст. EDC. Масса: 1,379–1,770 кг"
"Renault","Captur I","2013–2019","1089","Компактный кроссовер, 0.9–1.2 л (90–120 л.с.), 5-ст. МКПП или 6-ст. EDC. Масса: 1,089–1,213 кг"
"Renault","Captur II","2019–наст.","1265","Компактный кроссовер, 1.0–1.3 л (90–155 л.с.), 6-ст. МКПП или 7-ст. EDC. Масса: 1,265–1,402 кг"
"Renault","Arkana","2019–наст.","1336","Купеобразный кроссовер, 1.3–1.6 л (140–160 л.с.), 7-ст. EDC. Масса: 1,336–1,510 кг"
"Renault","Duster I","2010–2018","1180","Бюджетный кроссовер, 1.6–2.0 л (102–143 л.с.), 5-ст. МКПП или 4-ст. АКПП, передний/полный привод. Масса: 1,180–1,400 кг"
"Renault","Duster II","2018–наст.","1353","Бюджетный кроссовер, 1.3–1.5 л (90–150 л.с.), 6-ст. МКПП или 7-ст. EDC. Масса: 1,353 кг"
"Renault","Kadjar","2015–2022","1340","Компактный кроссовер, 1.2–1.6 л (130–163 л.с.), 6-ст. МКПП или 7-ст. EDC. Масса: 1,340–1,547 кг"
"Renault","Austral","2022–наст.","1421","Среднеразмерный кроссовер, 1.2–1.3 л MHEV (140–200 л.с.), 6-ст. МКПП или 7-ст. EDC. Масса: 1,421–1,517 кг"
"Renault","Koleos I","2007–2016","1639","Среднеразмерный кроссовер, 2.0–2.5 л (150–170 л.с.), 6-ст. МКПП или CVT. Масса: 1,639–1,784 кг"
"Renault","Koleos II","2016–наст.","1520","Среднеразмерный кроссовер, 1.6–2.5 л (130–190 л.с.), 6-ст. МКПП или 7-ст. EDC. Масса: 1,520–1,654 кг"
"Renault","Rafale","2024–наст.","1653","Купе-кроссовер, 1.2 л MHEV/PHEV (200–300 л.с.), 6-ст. МКПП или 7-ст. EDC. Масса: 1,653–1,800 кг"
"Renault","Talisman","2015–2022","1387","Бизнес-седан D-класса, 1.3–1.8 л (150–225 л.с.), 6-ст. МКПП или 7-ст. EDC. Масса: 1,387–1,676 кг"
"Renault","Laguna III (хэтчбек)","2007–2015","1230","Бизнес-седан/лифтбек D-класса, 1.6–2.0 л (110–204 л.с.), 6-ст. МКПП или 6-ст. АКПП. Масса: 1,230–1,490 кг"
"Renault","Latitude","2010–2015","1395","Представительский седан, 2.0–2.5 л (140–177 л.с.), 6-ст. АКПП. Масса: 1,395–1,600 кг"
"Renault","Espace V","2015–2022","1633","Минивэн/кроссовер, 1.6–2.0 л (130–225 л.с.), 6-ст. МКПП или 7-ст. EDC. Масса: 1,633–1,850 кг"
"Renault","Grand Scenic IV","2016–2022","1501","Удлинённый компактвэн, 1.5 л дизель (108 л.с.), 7-ст. EDC. Масса: 1,501 кг"
"Renault","Zoe","2012–наст.","1502","Электрический супермини, 88–135 л.с., батарея 22–52 кВт·ч, запас хода 240–395 км (WLTP). Масса: 1,502–1,577 кг"
"Renault","Kangoo I","1997–2007","1010","Лёгкий фургон, 1.2–1.5 л (58–105 л.с.), 5-ст. МКПП. Масса: 1,010–1,250 кг"
"Renault","Kangoo II","2007–2021","1277","Фургон, 1.5–1.6 л (75–110 л.с.), 5-ст. МКПП. Масса: 1,277–1,498 кг"
"Renault","Kangoo III","2021–наст.","1544","Фургон, 1.3–1.5 л (100–130 л.с.), 6-ст. МКПП или 7-ст. EDC. Масса: 1,544 кг"
"Renault","Kangoo E-Tech (электрический)","2021–наст.","1800","Электрический фургон, 122 л.с., батарея 44 кВт·ч, запас хода 285 км (WLTP). Масса: 1,800 кг"
"Rimac","Concept_One","2013–2016","1850","Электрический гиперкар, 4 э/м (1088 л.с.), батарея 82 кВт·ч, разгон 0-100 км/ч за 2.8 с, макс. скорость 355 км/ч. Выпущено 8 экз."
"Rimac","Concept_S","2016","1800","Трековая версия Concept_One, 4 э/м (1384 л.с.), разгон 0-100 км/ч за 2.5 с, макс. скорость 365 км/ч. Выпущено 2 экз."
"Rimac","Nevera","2021–наст.","2150","Флагманский гиперкар, 4 э/м (1914 л.с.), батарея 120 кВт·ч, разгон 0-100 км/ч за 1.97 с, макс. скорость 412 км/ч. Тираж 150 экз."
"Rimac","Nevera R","2025–наст.","2277","Трековая версия Nevera, 4 э/м (2107 л.с.), батарея 108 кВт·ч, на 35 кг легче Nevera. Тираж 40 экз."
"Rivian","R1T (Dual Motor, Standard Pack)","2021–наст.","3242","Электрический пикап, двухмоторный AWD, батарея Standard Pack (~105 кВт·ч). Масса: 7,148 lbs."
"Rivian","R1T (Dual Motor, Large Pack)","2021–наст.","3242","Электрический пикап, двухмоторный AWD, батарея Large Pack (~135 кВт·ч). Масса: 7,148 lbs."
"Rivian","R1T (Quad Motor, Max Pack)","2021–наст.","3242","Электрический пикап, четыре электромотора (1,025 л.с.), батарея Max Pack (~180 кВт·ч). Масса: 7,148 lbs."
"Rivian","R1S (Dual Motor, Standard Pack)","2022–наст.","2982","Электрический внедорожник, двухмоторный AWD, батарея Standard Pack. Масса: 6,462–6,559 lbs."
"Rivian","R1S (Dual Motor, Large Pack)","2022–наст.","3095","Электрический внедорожник, двухмоторный AWD, батарея Large Pack. Масса: 6,824 lbs."
"Rivian","R1S (Quad Motor, Max Pack)","2022–наст.","3206","Электрический внедорожник, четыре электромотора, батарея Max Pack. Масса: 7,068–7,091 lbs."
"Rivian","R2","2026 (план)","","Будущий компактный кроссовер. Официальные данные о массе не раскрыты."
"Rivian","R3 / R3X","2027 (план)","","Будущий компактный кроссовер (меньше R2). Официальные данные о массе не раскрыты."
"Rivian","EDV 500","2022–наст.","3175","Коммерческий фургон для доставки (Amazon). Полезная нагрузка до 1,208 кг. Масса: ~7,000 lbs."
"Rivian","EDV 700","2022–наст.","4240","Более крупный коммерческий фургон для доставки. Масса: 9,350 lbs."
"Rivian","EDV 900","2022–наст.","4310","Самый крупный коммерческий фургон в линейке. Масса: 9,500 lbs."
"Roewe","Clever (электрический, 311 км)","2022–наст.","981","Городской электромобиль на платформе SAIC-GM-Wuling, 33 кВт (45 л.с.), батарея 29 кВт·ч, запас хода 311 км (CLTC)"
"Roewe","i5 (1.5L MT, базовая)","2017–наст.","1195","Компактный седан C-класса, 1.5 л (129 л.с.), 5-ст. МКПП, передний привод"
"Roewe","i5 (1.5L CVT, топ-версия)","2017–наст.","1240","Компактный седан, 1.5 л (129 л.с.), вариатор CVT"
"Roewe","Ei5 (электрический универсал)","2021–наст.","1560","Электрический универсал, 184 л.с., запас хода до 501 км (NEDC)"
"Roewe","RX5 (1.5T MT, базовая)","2016–наст.","1506","Компактный кроссовер C-класса, 1.5T (181 л.с.), 6-ст. МКПП, передний привод"
"Roewe","RX5 (1.5T DCT, топ-версия)","2016–наст.","1670","Компактный кроссовер, 1.5T (188 л.с.), 7-ст. DCT"
"Roewe","RX5 eMAX (PHEV)","2022–2025","1881","Подзаряжаемый гибрид на базе RX5, 1.5T + э/м, суммарная мощность 122 л.с., батарея 16.6 кВт·ч"
"Roewe","RX5 New Energy (PHEV, 2023)","2023–наст.","1840","Гибридная модификация RX5, 1.5T (188 л.с.) + э/м (180 кВт), батарея 12.3 кВт·ч, запас хода на электротяге 50 км (WLTC)"
"Roewe","D5X DMH (PHEV)","2024–наст.","1880","Гибридный кроссовер, 1.5T (150 л.с.) + э/м (145 кВт), батарея 21.4 кВт·ч, запас хода на электротяге 135 км (CLTC)"
"Roewe","D7 (EV, Standard Range)","2023–наст.","1722","Электрический седан D-класса, задний привод, 197 л.с., батарея 57.6 кВт·ч, запас хода 510 км (CLTC)"
"Roewe","D7 (EV, Long Range)","2023–наст.","1717","Электрический седан, задний привод, 210 л.с., батарея 68.5 кВт·ч, запас хода 610 км (CLTC)"
"Roewe","D7 (PHEV)","2023–наст.","1670","Подзаряжаемый гибрид, 1.5 л (112 л.с.) + э/м (204 л.с.), батарея 19.7 кВт·ч, запас хода на электротяге 125 км (CLTC)"
"Roewe","RX8 (2.0T, RWD)","2018–наст.","1980","Среднеразмерный рамный внедорожник, 2.0T (222 л.с.), 6-ст. АКПП, задний привод"
"Roewe","RX8 (2.0T, AWD, топ-версия)","2018–наст.","2115","Среднеразмерный рамный внедорожник, 2.0T (222 л.с.), полный привод"
"Roewe","RX9","2022–наст.","2030","Флагманский среднеразмерный кроссовер, 2.0T (239 л.с.), 9-ст. АКПП. Масса: 1,940–2,030 кг"
"Roewe","iMAX8 (2.0T, AT)","2020–наст.","2058","Полноразмерный минивэн бизнес-класса, 2.0T (234 л.с.), 8-ст. АКПП"
"Roewe","iMAX8 EV","2023–наст.","2266","Электрический минивэн, 245 л.с., батарея LFP"
"Roewe","iMAX8 DMH (PHEV)","2024–наст.","2330","Гибридный минивэн, 1.5T (150 л.с.) + э/м (239 л.с.), батарея 24.7 кВт·ч, запас хода на электротяге 135 км (CLTC)"
"Rolls-Royce","Phantom (VIII)","2017–наст.","2610","Флагманский седан. Масса: 2610–2670 кг"
"Rolls-Royce","Phantom (VIII, Extended)","2017–наст.","2670","Удлиненная версия флагманского седана"
"Rolls-Royce","Ghost (II)","2020–наст.","2490","Младшая модель. Масса: 2490–2730 кг"
"Rolls-Royce","Ghost (II, Extended)","2020–наст.","2599","Удлиненная версия Ghost"
"Rolls-Royce","Cullinan","2018–наст.","2660","Первый внедорожник марки. Масса: 2660–2785 кг"
"Rolls-Royce","Cullinan Black Badge","2018–наст.","2785","Более мощная версия внедорожника"
"Rolls-Royce","Spectre","2023–наст.","2860","Первый электрический Rolls-Royce. Масса: 2860–2975 кг"
"Rolls-Royce","Phantom VII","2003–2017","2550","Первый Phantom под крылом BMW. Масса: 2550–2670 кг"
"Rolls-Royce","Ghost (I)","2009–2020","2420","Первое поколение Ghost. Масса: 2420–2490 кг"
"Rolls-Royce","Wraith","2013–2023","2360","Спортивное купе на базе Ghost. Масса: 2360–2440 кг"
"Rolls-Royce","Dawn","2015–2023","2560","Кабриолет на базе Wraith. Масса: 2560–2635 кг"
"Rolls-Royce","Phantom Drophead Coupe","2007–2016","2730","Кабриолет на базе Phantom VII. Масса: 2670–2730 кг"
"Rolls-Royce","Phantom Coupe","2008–2016","2630","Двухдверное купе на базе Phantom VII"
"Rolls-Royce","40/50 HP Silver Ghost","1906–1926","1240","Модель, заложившая репутацию марки. Масса: 1240–2270 кг"
"Rolls-Royce","Phantom I","1925–1931","2000","Замена Silver Ghost. Масса: ~2000–2500 кг"
"Rolls-Royce","Phantom II","1929–1936","2200","Последняя модель, созданная при жизни Генри Ройса. Масса: ~2200–2600 кг"
"Rolls-Royce","Phantom III","1936–1939","2500","Первый Rolls-Royce с двигателем V12. Масса: ~2500–3000 кг"
"Rolls-Royce","Silver Wraith","1946–1958","2100","Первая послевоенная модель. Масса: ~2100–2500 кг"
"Rolls-Royce","Phantom IV","1950–1956","2800","Выпущено 18 единиц. Масса: ~2800–3200 кг"
"Rolls-Royce","Silver Cloud I–III","1955–1966","1900","Модель с современным дизайном. Масса: ~1900–2100 кг"
"Rolls-Royce","Silver Shadow","1965–1980","2100","Первый с несущим кузовом. Масса: ~2100–2300 кг"
"Rolls-Royce","Phantom VI","1968–1990","2500","Последний рамный Phantom. Масса: ~2500–2750 кг"
"Rolls-Royce","Corniche","1971–1995","2200","Купе и кабриолет на базе Silver Shadow. Масса: ~2200–2500 кг"
"Rolls-Royce","Camargue","1975–1986","2350","Купе, разработанное Pininfarina"
"Rolls-Royce","Silver Spirit / Spur","1980–1999","2300","Преемник Silver Shadow. Масса: ~2300–2500 кг"
"Rolls-Royce","Silver Seraph","1998–2002","2300","Последняя модель до перехода под контроль BMW"
"Rox","01 (2023, 6-местный, дальнобойная версия)","2023–наст.","2660","Гибридный внедорожник (EREV), 1.5T + 2 э/м (476 л.с.), батарея 56 кВт·ч, полный привод, запас хода 1,115 км (WLTC), 6-местный салон. Дизайн Pininfarina."
"Rox","01 (2023, 7-местный)","2023–наст.","2660","Гибридный внедорожник (EREV), 1.5T + 2 э/м (476 л.с.), батарея 56 кВт·ч, полный привод, запас хода 1,115 км (WLTC), 7-местный салон."
"Rox","01 (2025, международная версия)","2025–наст.","2735","Гибридный внедорожник (EREV), экспортная версия для ОАЭ, Израиля и других рынков. Снаряжённая масса 2,735 кг (6,030 lbs)."
"Rox","01 (2024, версия для РФ)","2024–наст.","2660","Гибридный внедорожник (EREV), 1.5T + 2 э/м (476 л.с.), батарея 56 кВт·ч, полный привод, запас хода 1,115 км (WLTC). Официальная российская версия."
"Rox","Adamas (2025, 6-местный)","2025–наст.","2715","Обновлённый внедорожник (преемник Rox 01), 1.5T + 2 э/м (476 л.с.), батарея 56.01 кВт·ч, полный привод, 6-местный салон (2-2-2)."
"Rox","Adamas (2025, 7-местный)","2025–наст.","2715","Обновлённый внедорожник (преемник Rox 01), 1.5T + 2 э/м (476 л.с.), батарея 56.01 кВт·ч, полный привод, 7-местный салон (2-2-3)."
"Ruf","CTR3","2007–наст.","1400","Среднемоторный суперкар, 3.8 л твин-турбо (750 л.с.), карбоновый монокок"
"Ruf","R Spyder","2004–наст.","1200","Открытая версия, 3.4 л наддув (550 л.с.), 6-ст. МКПП"
"Ruf","SCR","2018–наст.","1190","Классическое заднемоторное купе, 4.0 л атм. (510 л.с.), 6-ст. МКПП"
"Ruf","CTR Anniversary","2019–наст.","1250","Юбилейная версия Yellowbird, 3.6 л твин-турбо (700 л.с.), карбоновый кузов"
"Ruf","CTR Yellowbird","1987","1150","Легендарный суперкар на базе Porsche 911 (964), 3.4 л твин-турбо (469 л.с.), рекорд Нюрбургринга"
"Ruf","BTR","1983","1220","Первая самостоятельная модель, 3.4 л твин-турбо (374 л.с.)"
"Ruf","BTR2","1993","1300","Обновлённый BTR, 3.6 л твин-турбо (420 л.с.)"
"Ruf","RGT","2000","1330","Атмосферная модель, 3.6 л (385 л.с.)"
"Ruf","Rt 12","2004","1500","Твин-турбо версия с полным приводом, 3.8 л (650 л.с.)"
"Ruf","Rt 35","2010","1480","Твин-турбо с полным приводом и 7-ст. DCT, 3.8 л (630 л.с.)"
"Ruf","Turbo Florio","2015","1450","Турбо-версия для комфортных путешествий, 3.8 л (600 л.с.)"
"SAIPA","Shahin (SP100)","2020–наст.","1260","Компактный седан C-класса, 1.5 л турбо (110 л.с.), 5-ст. МКПП или 6-ст. АКПП, передний привод. Масса: 1,260–1,330 кг"
"SAIPA","Quick","2017–наст.","1063","Хэтчбек на платформе X200, 1.5 л (87 л.с.), 5-ст. МКПП или вариатор, передний привод"
"SAIPA","Saina","2016–наст.","1050","Субкомпактный седан B-класса, 1.5 л (88 л.с.), 5-ст. МКПП или 6-ст. CVT, передний привод"
"SAIPA","Aria","2023–наст.","1300","Компактный кроссовер (C-сегмент), 1.6 л (115 л.с.) или 2.0 л, 6-ст. АКПП, передний привод. Доступна версия PHEV. Масса оценочная"
"SAIPA","Pride / Saba (131, 132, 141, 111, 151)","1993–2020","899","Легендарный бестселлер, лицензионный Kia Pride. Выпускался в кузовах седан, хэтчбек, универсал, лифтбек и пикап. Масса: 770–990 кг в зависимости от модификации"
"SAIPA","Tiba (S81)","2009–2022","1013","Субкомпактный седан, 1.5 л (87 л.с.), 5-ст. МКПП, передний привод. Преемник Pride"
"SAIPA","Nasim","2000–2008","900","5-дверный хэтчбек на базе Pride. Масса: 900–1,050 кг"
"SAIPA","Saba (рестайлинг Pride)","2013–2020","793","Рестайлинговая версия Pride с изменённым дизайном. Масса: 793–848 кг"
"Saleen","S7","2000–2006","1247","Первый собственный суперкар, 7.0 л V8 (550 л.с.), 6-ст. МКПП, карбоновый кузов. Масса: 2,750–2,865 lbs."
"Saleen","S7 Twin Turbo","2006–2009","1338","Форсированная версия, 7.0 л V8 твин-турбо (750–1,000 л.с.), разгон 0-100 км/ч за 2.8 с, макс. скорость 399 км/ч. Масса: ~2,950 lbs."
"Saleen","S1","2017–наст.","1218","Среднемоторное купе, 2.5 л турбо (450 л.с.), алюминиевое шасси, карбоновый кузов. Масса: 2,685 lbs."
"Saleen","S281 (2005–2009)","2005–2009","1522","Доработанный Ford Mustang пятого поколения, 4.6 л V8 (335 л.с.). Масса: ~3,356 lbs."
"Saleen","S302 Black Label (2015)","2015–наст.","1717","Флагманская версия на базе Mustang, 5.0 л V8 наддув (730–811 л.с.). Масса: 3,785 lbs."
"Saleen","S331 Supercharged","2007–2009","2495","Заряженный пикап Ford F-150, 5.4 л V8 наддув (450 л.с.). Масса: 5,065–5,500 lbs."
"Saleen","S570 (2009–2011)","2009–2011","1914","Доработанный Dodge Challenger, 5.7 л HEMI V8 наддув (500–625 л.с.). Масса: 3,706–4,220 lbs."
"Saleen","GTX","2016–наст.","2100","Доработанная Tesla Model S с агрессивным обвесом. Точная снаряжённая масса не раскрыта, оценка: ~2,100 кг."
"Saleen","Sportruck (White Label, 2023)","2023–наст.","2500","Спортивный пикап на базе Ford F-150, 5.0 л V8 наддув (700 л.с.). Масса: ~5,512 lbs."
"Saleen","XP8 (Explorer)","1998–2001","2100","Заряженный Ford Explorer, 5.0 л V8 наддув (286 л.с.). Масса оценочная: ~2,100 кг."
"Saleen","SA-10 (1993)","1993","1470","Юбилейная версия Mustang к 10-летию компании, 5.0 л V8 Vortech (290 л.с.). Выпущено 9 экз. Масса оценочная."
"Saleen","SA-15 (1998)","1998","1470","Юбилейная версия Mustang к 15-летию компании, 4.6 л V8 наддув (320 л.с.). Выпущено 10 экз. Масса оценочная."
"SEAT","Mii (3-дверный, 1.0 MPI)","2011–2021","854","Городской сити-кар на платформе Volkswagen up!. Масса: 854–865 кг"
"SEAT","Mii (5-дверный, 1.0 MPI, 75 л.с.)","2011–2021","929","Пятидверная версия Mii. Масса: 929–940 кг"
"SEAT","Mii electric","2020–2021","1235","Первый электрический SEAT на базе Volkswagen e-up!"
"SEAT","Ibiza (IV поколение, 1.2 MPI)","2008–2017","1049","Четвёртое поколение Ibiza, 1.2 л атмосферный"
"SEAT","Ibiza (V поколение, 1.0 TSI 115 л.с.)","2017–наст.","1172","Современное поколение Ibiza. Масса: 1,164–1,172 кг"
"SEAT","Leon (II поколение, 1.4 TSI MT)","2005–2012","1231","Второе поколение Leon с 1.4 л турбомотором"
"SEAT","Leon (III поколение, 1.5 TSI FR)","2012–2020","1410","Третье поколение Leon, 5-дверный хэтчбек и универсал ST"
"SEAT","Leon (IV поколение, 1.5 TSI)","2020–наст.","1344","Актуальное поколение Leon. Масса: 1,344–1,670 кг"
"SEAT","Leon Sportstourer (2.0 TDI CR, 150 л.с.)","2020–наст.","1501","Универсал на базе Leon IV"
"SEAT","Leon Cupra (III поколение, 2.0 TSI, 285 л.с.)","2014–2020","1421","Заряженная версия Leon с 2.0 л турбомотором"
"SEAT","Arona (1.0 TSI 95 л.с.)","2017–наст.","1113","Субкомпактный кроссовер на платформе MQB A0, базовая версия"
"SEAT","Arona (1.0 TSI 115 л.с.)","2017–наст.","1138","Версия с форсированным двигателем. Масса: 1,138–1,210 кг"
"SEAT","Ateca (1.0 TSI)","2016–наст.","1280","Компактный кроссовер C-сегмента, базовая версия. Масса: 1,280–1,345 кг"
"SEAT","Ateca (1.5 TSI 150 л.с.)","2016–наст.","1408","Версия с 1.5 л турбомотором"
"SEAT","Ateca (2.0 TDI 150 л.с., AWD)","2016–наст.","1514","Дизельная полноприводная версия. Масса: 1,514–1,589 кг"
"SEAT","Tarraco (1.4 TSI DSG, 7 мест)","2018–наст.","1652","Среднеразмерный 7-местный кроссовер"
"SEAT","Tarraco (2.0 TDI 150 л.с.)","2018–наст.","1803","Дизельная версия Tarraco"
"SEAT","Tarraco (2.0 TSI 190 л.с., AWD)","2018–наст.","1773","Полноприводная версия с 2.0 л турбомотором"
"SEAT","Toledo (I поколение)","1991–1999","985","Первое поколение Toledo в кузове фастбэк. Масса: 985–1,110 кг"
"SEAT","Toledo (III поколение, 1.2 TSI)","2004–2009","1150","Третье поколение Toledo. Масса: 1,150–1,255 кг"
"SEAT","Toledo (IV поколение, 1.4 TSI)","2012–2019","1227","Последнее поколение Toledo. Масса: 1,227–1,439 кг"
"SEAT","Alhambra (1.4 TSI)","2010–2020","1727","Семиместный минивэн на платформе VW Sharan. Масса: 1,727–1,753 кг"
"SEAT","Alhambra (2.0 TFSI DSG)","2010–2020","1838","Версия с 2.0 л бензиновым турбомотором"
"SEAT","Alhambra (2.0 TDI DSG)","2010–2020","1845","Дизельная версия с 2.0 л турбодизелем"
"Skoda","Fabia (IV поколение, 1.0 TSI)","2021–наст.","1140","Хэтчбек B-класса, 1.0 TSI (95/110 л.с.), 5-ст. МКПП или 7-ст. DSG. Масса: 1,140–1,152 кг"
"Skoda","Scala (1.0 TSI, 110 л.с.)","2019–наст.","1215","Компактный лифтбек, 1.0 TSI (110 л.с.), 6-ст. МКПП или 7-ст. DSG. Масса: 1,215–1,267 кг"
"Skoda","Octavia (IV поколение, лифтбек, 1.5 TSI)","2020–наст.","1336","Бестселлер марки, 1.5 TSI (150 л.с.), 7-ст. DSG. Масса: 1,336–1,521 кг"
"Skoda","Octavia Combi (IV поколение, универсал)","2020–наст.","1354","Универсал на базе Octavia. Масса: 1,354–1,551 кг"
"Skoda","Octavia (IV поколение, 2.0 TDI, 4x4)","2020–наст.","1551","Дизельная полноприводная версия, 2.0 TDI (150 л.с.), 7-ст. DSG"
"Skoda","Superb (IV поколение, лифтбек, 1.5 TSI MHEV)","2024–наст.","1527","Флагманский лифтбек, 1.5 TSI MHEV (150 л.с.), 7-ст. DSG. Масса: 1,527–1,585 кг"
"Skoda","Superb Combi (IV поколение, универсал)","2024–наст.","1550","Универсал на базе Superb. Масса: 1,550–1,643 кг"
"Skoda","Kamiq (1.0 TSI, 110 л.с.)","2019–наст.","1233","Субкомпактный кроссовер B-класса, 1.0 TSI (110 л.с.), 6-ст. МКПП или 7-ст. DSG. Масса: 1,233–1,304 кг"
"Skoda","Karoq (1.5 TSI)","2017–наст.","1465","Компактный кроссовер C-класса, 1.5 TSI (150 л.с.), 6-ст. МКПП или 7-ст. DSG. Масса: 1,465–1,501 кг"
"Skoda","Karoq (2.0 TDI, 4x4)","2017–наст.","1627","Дизельная полноприводная версия. Масса: 1,627–1,655 кг"
"Skoda","Kodiaq (II поколение, 1.5 TSI MHEV)","2024–наст.","1686","Второе поколение семиместного кроссовера, 1.5 TSI MHEV (150 л.с.), 7-ст. DSG. Масса: 1,686–1,705 кг"
"Skoda","Kodiaq (II поколение, 2.0 TDI, 4x4)","2024–наст.","1828","Дизельная полноприводная версия. Масса: 1,828–1,872 кг"
"Skoda","Enyaq (85, RWD)","2021–наст.","2037","Электрический кроссовер, задний привод, 286 л.с., батарея 82 кВт·ч, запас хода 562 км (WLTP). Масса: 2,037–2,137 кг"
"Skoda","Enyaq Coupe (85, RWD)","2022–наст.","2100","Купеобразная версия Enyaq. Масса: 2,100–2,156 кг"
"Skoda","Enyaq Coupe (RS, AWD)","2022–наст.","2315","Спортивная полноприводная версия Enyaq Coupe"
"Skoda","Elroq (50, батарея 52 кВт·ч)","2025–наст.","1699","Компактный электрический кроссовер, 170 л.с., запас хода 370 км (WLTP). Масса: 1,699–1,775 кг"
"Skoda","Elroq (85, RWD)","2025–наст.","1940","Электрический кроссовер, задний привод, 286 л.с., батарея 82 кВт·ч, запас хода 560 км (WLTP)"
"Skoda","Rapid Spaceback (1.2 TSI)","2012–2019","1161","Компактный лифтбек, предшественник Scala, 1.2 TSI (110 л.с.)"
"Skoda","Roomster (1.6, 105 л.с.)","2006–2015","1185","Компактвэн с асимметричной задней дверью"
"Skoda","Yeti (1.2 TSI)","2009–2017","1345","Первый кроссовер Skoda, 1.2 TSI (105 л.с.)"
"Skoda","Yeti Outdoor (2.0 TDI, 4x4)","2013–2017","1510","Полноприводная дизельная версия Yeti с внедорожным обвесом"
"Skoda","Citigo (1.0 MPI, 60 л.с., 5-дверный)","2011–2020","929","Городской сити-кар, аналог Volkswagen up! и SEAT Mii"
"Smart","#1 (RWD, 49 кВт·ч)","2022–наст.","1710","Компактный электрический кроссовер, 272 л.с., задний привод, батарея 49–66 кВт·ч, запас хода 400–440 км (WLTP). Масса: 1,710–1,755 кг"
"Smart","#1 (Brabus, AWD, 66 кВт·ч)","2022–наст.","1900","Полноприводная версия, 428 л.с., разгон 0-100 км/ч за 3.9 с. Масса: 1,900–1,910 кг"
"Smart","#3 (RWD, 49 кВт·ч)","2023–наст.","1780","Купеобразный кроссовер, 272 л.с., задний привод, батарея 49–66 кВт·ч, запас хода 325–455 км (WLTP). Масса: 1,780–1,820 кг"
"Smart","#3 (Brabus, AWD, 66 кВт·ч)","2023–наст.","1910","Полноприводная версия, 428 л.с."
"Smart","#5","2025 (план)","","Будущий среднеразмерный электрический кроссовер. Официальные данные о массе не раскрыты"
"Smart","Fortwo (I поколение, 450)","1998–2007","730","Культовый двухместный сити-кар. Масса: 730–830 кг в зависимости от версии (включая кабриолет)"
"Smart","Fortwo (II поколение, 451)","2007–2014","770","Второе поколение Fortwo. Масса: 770–880 кг (Brabus: 102 л.с.)"
"Smart","Fortwo (III поколение, 453)","2014–2023","820","Последнее поколение Fortwo с ДВС. Электрическая версия EQ: 1,085 кг"
"Smart","Roadster","2003–2005","790","Двухместный родстер, заднее расположение двигателя. Версия Brabus (101 л.с.) весит 810 кг"
"Smart","Crossblade","2002–2003","730","Лимитированная версия Fortwo без крыши, дверей и лобового стекла. Выпущено 2,000 экз."
"Smart","Forfour (I поколение, 454)","2004–2006","965","Пятидверный хэтчбек на платформе Mitsubishi Colt. Масса: 965–1,165 кг (дизель)"
"Smart","Forfour (II поколение, 453)","2014–2021","1020","Второе поколение Forfour на платформе Renault Twingo. Электрическая версия EQ: 1,200 кг"
"SsangYong","Tivoli (1.6, бензин)","2015–наст.","1300","Субкомпактный кроссовер, 1.6 л (126–163 л.с.), 6-ст. МКПП или АКПП, передний привод. Масса: 1,245–1,525 кг"
"SsangYong","Tivoli (1.6, дизель)","2015–наст.","1425","Дизельная версия, 1.6 л (136 л.с.)"
"SsangYong","Tivoli Grand / XLV","2016–наст.","1420","Удлинённая версия Tivoli, увеличенный багажник"
"SsangYong","Korando (C300)","2019–наст.","1405","Современный компактный кроссовер, 1.5T (163 л.с.) / 1.6D (136 л.с.). Масса: 1,405–1,605 кг"
"SsangYong","Torres","2022–наст.","1520","Среднеразмерный кроссовер, 1.5T (170 л.с.), 6-ст. АКПП. Масса: 1,520–1,610 кг"
"SsangYong","Torres EVX","2024–наст.","1915","Электрическая версия Torres, батарея BYD, запас хода 420 км (WLTP)"
"SsangYong","Rexton","2017–наст.","2130","Флагманский рамный внедорожник, 2.2D (202 л.с.), 8-ст. АКПП, полный привод. Масса: 2,130–2,233 кг"
"SsangYong","Korando e-Motion","2022–наст.","1828","Электрическая версия Korando, запас хода 339 км (WLTP)"
"SsangYong","Musso / Musso Grand","2018–наст.","2165","Рамный пикап, 2.2D (202 л.с.), 6-ст. АКПП, полный привод"
"SsangYong","Korando (C200, 2010–2019)","2010–2019","1591","Предшественник текущего Korando. Масса: 1,591–1,672 кг"
"SsangYong","Rexton W (2012–2017)","2012–2017","2095","Рестайлинг первого поколения Rexton. Масса: 2,095–2,128 кг"
"SsangYong","Rexton (Y200, 2001–2006)","2001–2006","1950","Первое поколение флагманского внедорожника"
"SsangYong","Kyron","2005–2014","1996","Среднеразмерный рамный внедорожник"
"SsangYong","Actyon","2005–2010","1772","Компактный кроссовер с дизайном от Джуджаро. Масса: 1,772–1,892 кг"
"SsangYong","Actyon Sports","2006–2018","1944","Пикап на базе Actyon"
"SsangYong","Rodius / Stavic","2004–2019","2109","Полноразмерный 11-местный минивэн"
"SsangYong","Chairman W","2008–2017","1955","Представительский седан на платформе Mercedes-Benz E-Class"
"SsangYong","Musso (SUV, 1993–2005)","1993–2005","1890","Классический рамный внедорожник"
"Stelato","S9 (BEV, RWD, 100 кВт·ч)","2024–наст.","2246","Электрический седан, задний привод, 309 л.с., батарея 100 кВт·ч, запас хода 816 км (CLTC)"
"Stelato","S9 (BEV, AWD, топ-версия)","2024–наст.","2366","Электрический седан, полный привод, два электромотора (суммарно до 523 л.с.), батарея 100 кВт·ч"
"Stelato","S9 (EREV, 1.5T, RWD)","2025–наст.","2350","Гибридный седан, 1.5T генератор + задний э/м (309 л.с.), запас хода на электротяге 256-365 км (CLTC)"
"Stelato","S9T (BEV, RWD, 100 кВт·ч)","2025–наст.","2302","Электрический универсал, задний привод, 309 л.с., батарея 100 кВт·ч, запас хода 801 км (CLTC)"
"Stelato","S9T (BEV, AWD, топ-версия)","2025–наст.","2437","Электрический универсал, полный привод, два электромотора (суммарно 516 л.с.), батарея 100 кВт·ч"
"Stelato","S9T (EREV, 1.5T, RWD)","2025–наст.","2354","Гибридный универсал, 1.5T генератор + задний э/м (309 л.с.), запас хода на электротяге 201 км (CLTC)"
"Subaru","Outback (2025, 2.5i, базовая)","1994–наст.","1652","Среднеразмерный кроссовер-универсал, 2.5 л (182 л.с.), AWD, вариатор. Масса: 3,641 lbs"
"Subaru","Outback (2025, Limited XT)","2019–наст.","1783","Кроссовер-универсал с турбомотором 2.4 л (260 л.с.), AWD. Масса: 3,931 lbs"
"Subaru","Outback (2025, Touring XT)","2019–наст.","1790","Топ-версия с турбомотором. Масса: 3,946 lbs"
"Subaru","Forester (2025, 2.5i)","1997–наст.","1675","Компактный кроссовер, 2.5 л (180 л.с.), AWD, вариатор. Масса: 3,510–3,693 lbs"
"Subaru","Forester (классический, 1999)","1997–2002","1430","Первое поколение Forester. Масса: 1,385–1,460 кг в зависимости от двигателя"
"Subaru","Crosstrek (2025, базовая)","2012–наст.","1486","Субкомпактный кроссовер на базе Impreza, 2.0 л (152 л.с.), AWD. Масса: 3,277 lbs"
"Subaru","Crosstrek (2025, Wilderness)","2023–наст.","1528","Внедорожная версия с увеличенным клиренсом. Масса: 3,369 lbs"
"Subaru","Impreza (2025, базовая)","1992–наст.","1438","Компактный хэтчбек, 2.0 л (152 л.с.), AWD. Масса: 3,171 lbs"
"Subaru","Impreza (1999, L Coupe)","1993–2001","1238","Второе поколение Impreza. Масса: 2,730 lbs"
"Subaru","Impreza (2001, универсал)","2000–2007","1300","Третье поколение Impreza, универсал. Масса: 1,300 кг"
"Subaru","Legacy (2024, 2.5i)","1989–2025","1583","Седан среднего размера, 2.5 л (182 л.с.), AWD. Масса: 3,491 lbs. Снят с производства в 2025 г."
"Subaru","Legacy (2015, 2.5i)","2014–2025","1573","Шестое поколение Legacy. Масса: 3,468 lbs"
"Subaru","Legacy (1997, 2-е поколение)","1993–1999","1422","Второе поколение Legacy. Масса: 1,422 кг"
"Subaru","Ascent (2025, базовая)","2018–наст.","2009","Трёхрядный среднеразмерный кроссовер, 2.4T (260 л.с.), AWD. Масса: 4,430–4,603 lbs"
"Subaru","Ascent (2025, Onyx Edition)","2018–наст.","2081","Топ-версия Ascent. Масса: 4,588 lbs"
"Subaru","BRZ (2025, 2.4, MT)","2012–наст.","1279","Заднеприводное спортивное купе, 2.4 л (228 л.с.), 6-ст. МКПП. Масса: 2,820 lbs"
"Subaru","BRZ (2025, AT)","2012–наст.","1287","Версия с 6-ст. АКПП. Масса: 2,837 lbs"
"Subaru","BRZ (2013, 2.0)","2012–2020","1253","Первое поколение BRZ. Масса: 2,762 lbs"
"Subaru","WRX (2025, 2.4T, MT)","1992–наст.","1510","Спортивный седан, 2.4T (271 л.с.), AWD, 6-ст. МКПП. Масса: 3,329 lbs"
"Subaru","WRX (2026, Limited)","2021–наст.","1551","Версия с вариатором. Масса: 3,419 lbs"
"Subaru","WRX (2020, 2.0T)","2014–2021","1494","Предыдущее поколение WRX. Масса: 3,294 lbs"
"Subaru","Solterra (2025, Premium)","2022–наст.","1975","Электрический кроссовер, AWD, 215 л.с., батарея 72.8 кВт·ч, запас хода 365 км. Масса: 4,354 lbs"
"Subaru","Solterra (2025, Touring)","2022–наст.","2043","Топ-версия Solterra. Масса: 4,505 lbs"
"Subaru","Levorg (2.0GT-S)","2014–наст.","1560","Спортивный универсал, 2.0T (300 л.с.), AWD. Масса: 1,504–1,630 кг"
"Subaru","Levorg Layback","2023–наст.","1600","Кросс-версия Levorg с увеличенным клиренсом. Масса оценочная: ~1,600 кг"
"Subaru","Rex (современный, G)","2022–наст.","1060","Субкомпактный кроссовер, ребейджинг Daihatsu Rocky. Масса: 1,060 кг"
"Subaru","Rex (классический, 1-е поколение)","1972–1992","570","Классический кей-кар. Масса: 570–690 кг"
"Subaru","Tribeca","2005–2014","1925","Среднеразмерный кроссовер, предшественник Ascent, 3.6 л (256 л.с.), AWD. Масса: 4,245 lbs"
"Subaru","XV (2013, 2.0i)","2012–2022","1435","Предшественник Crosstrek. Масса: 1,410–1,489 кг (3,109–3,208 lbs)"
"Subaru","XV (2015, 2.0i-S)","2012–2022","1489","Топ-версия XV. Масса: 1,489 кг"
"Suzuki","Swift (III поколение, 1.0)","2004–2010","740","Хэтчбек B-класса, 1.0 л (53 л.с.), 5-ст. МКПП, передний привод. Масса: 740 кг"
"Suzuki","Swift (современный, 1.2)","2017–наст.","1040","Хэтчбек B-класса, 1.2 л (83 л.с.), 5-ст. МКПП или вариатор. Масса: 1,040 кг"
"Suzuki","Celerio (II поколение, базовая)","2021–наст.","800","Городской хэтчбек A-класса, 1.0 л (67 л.с.). Масса: 800–830 кг"
"Suzuki","Baleno (современный, 1.5)","2022–наст.","960","Компактный хэтчбек, 1.5 л (105 л.с.), 5-ст. МКПП или АКПП. Масса: 865–985 кг"
"Suzuki","Ciaz (1.4, базовая)","2014–наст.","1010","Компактный седан, 1.4 л (92 л.с.), 5-ст. МКПП или 4-ст. АКПП. Масса: 960–1,105 кг"
"Suzuki","Dzire (1.2, AMT)","2024–наст.","960","Седан на базе Swift, 1.2 л (81 л.с.). Масса: 860–995 кг"
"Suzuki","Ignis (1.2, 5MT)","2016–наст.","855","Субкомпактный кроссовер, 1.2 л (90 л.с.), 5-ст. МКПП или вариатор. Масса: 845–975 кг"
"Suzuki","Jimny (3-дверный, 1.3 MT)","1998–2018","1060","Рамный внедорожник, 1.3 л (80 л.с.), полный привод. Масса: 1,025–1,130 кг"
"Suzuki","Jimny (5-дверный, 1.5 AT)","2023–наст.","1205","Удлинённый рамный внедорожник, 1.5 л (105 л.с.), полный привод. Масса: 1,200–1,215 кг"
"Suzuki","Vitara (1.6 AT, 2WD)","2015–наст.","1075","Компактный кроссовер, 1.6 л (120 л.с.), передний привод. Масса: 1,075–1,290 кг"
"Suzuki","S-Cross (1.4 AT, GLX)","2021–наст.","1180","Компактный кроссовер, 1.4 л (129 л.с.), передний привод. Масса: 1,180–1,310 кг"
"Suzuki","Grand Vitara (современная, 2.4 AT)","2022–наст.","1548","Флагманский внедорожник, 2.4 л (166 л.с.), полный привод. Масса: 1,150–1,760 кг"
"Suzuki","Fronx (1.0 Turbo, Mild Hybrid)","2023–наст.","965","Субкомпактный кроссовер, 1.0 л турбо (100 л.с.). Масса: 965–1,060 кг"
"Suzuki","Across (PHEV, 2.5)","2020–наст.","1940","Среднеразмерный кроссовер, PHEV, 2.5 л + э/м (306 л.с.), полный привод. Масса: 1,940–2,015 кг"
"Suzuki","Ertiga (1.5 AT)","2018–наст.","1135","7-местный компактвэн, 1.5 л (105 л.с.), 4-ст. АКПП. Масса: 1,090–1,265 кг"
"Suzuki","Invicto (2.0, Hybrid)","2023–наст.","1685","Премиальный минивэн, 2.0 л + э/м (150 л.с.), вариатор. Масса: 1,620–1,685 кг"
"Suzuki","Landy (2.0 CVT, 4WD)","2016–наст.","1700","8-местный минивэн, 2.0 л (137 л.с.), вариатор, полный привод. Масса: 1,630–1,740 кг"
"Suzuki","Wagon R (0.7 AT, AWD)","2008–2012","800","Кей-кар/микровэн, 0.7 л (54 л.с.), полный привод. Масса: 730–940 кг"
"Suzuki","Spacia (0.7 CVT)","2013–наст.","870","Кей-кар/микровэн, 0.7 л (54 л.с.), вариатор. Масса: 840–960 кг"
"Suzuki","Super Carry","1961–наст.","870","Кей-грузовик/фургон, 1.2 л (50 л.с.), задний привод"
"Suzuki","Kizashi (2.4 CVT)","2009–2016","1530","Бизнес-седан D-класса, 2.4 л (178 л.с.), вариатор, передний/полный привод. Масса: 1,490–1,555 кг"
"Suzuki","SX4 (1.6 MT)","2006–2014","1085","Компактный кроссовер, 1.6 л (107 л.с.), 5-ст. МКПП. Масса: 1,085–1,185 кг"
"Suzuki","XL7 (3.6 AT)","2007–2009","1837","Полноразмерный кроссовер, 3.6 л V6 (250 л.с.), полный привод. Масса: 1,763–1,837 кг"
"Tata","Tiago (1.2, базовая)","2016–наст.","965","Городской хэтчбек A-класса, 1.2 л Revotron (86 л.с.), 5-ст. МКПП, передний привод. Масса: 965–1006 кг"
"Tata","Tiago EV","2022–наст.","1150","Электрический хэтчбек, батарея 24 кВт·ч, запас хода 250 км. Масса: 1150–1235 кг"
"Tata","Tigor (1.2, базовая)","2017–наст.","992","Компактный седан A-класса на базе Tiago, 1.2 л (86 л.с.). Масса: 992–1033 кг"
"Tata","Tigor EV","2021–наст.","1235","Электрический седан, батарея 26 кВт·ч, запас хода 315 км"
"Tata","Altroz (1.2, базовая)","2020–наст.","1036","Премиальный хэтчбек B-класса, 1.2 л (88 л.с.). Дизельная версия (1.5 л) весит 1150 кг"
"Tata","Punch (1.2, базовая)","2021–наст.","1000","Субкомпактный кроссовер, 1.2 л (86 л.с.). Масса: 1000–1070 кг"
"Tata","Punch EV","2023–наст.","1240","Электрический кроссовер, батарея 25–35 кВт·ч, запас хода до 421 км. Масса: 1240–1354 кг"
"Tata","Nexon (1.2 Turbo)","2017–наст.","1188","Субкомпактный кроссовер, 1.2 л турбо (120 л.с.). Масса: 1188–1280 кг"
"Tata","Nexon EV","2020–наст.","1400","Электрический кроссовер, батарея 30–45 кВт·ч, запас хода до 489 км. Масса: 1400–1450 кг"
"Tata","Curvv (1.2 Turbo / 1.5 Diesel)","2024–наст.","1225","Купеобразный кроссовер, 1.2 л турбо (120 л.с.) или 1.5 л дизель (115 л.с.). Масса: 1225–1346 кг"
"Tata","Curvv EV","2024–наст.","1437","Электрический купе-кроссовер, батарея 45–55 кВт·ч, запас хода до 585 км. Масса: 1437–1531 кг"
"Tata","Harrier (2.0 Diesel)","2019–наст.","2000","Среднеразмерный кроссовер, 2.0 л турбодизель (170 л.с.), передний привод. Масса: 1600–2000 кг (по разным источникам)"
"Tata","Harrier EV (RWD, 65–75 кВт·ч)","2025–наст.","2235","Электрический кроссовер, задний привод, запас хода до 500 км. AWD версия весит 2336 кг"
"Tata","Safari (2.0 Diesel)","2021–наст.","1825","Флагманский трёхрядный внедорожник, 2.0 л турбодизель (170 л.с.). Масса: 1825–2040 кг"
"Tata","Sierra (II поколение)","2025–наст.","1400","Возвращённый кроссовер, 1.5 л турбо (118 л.с.). Масса ориентировочная"
"Tata","Ace (Petrol/Diesel/CNG/EV)","2005–наст.","710","Популярный микро-грузовик. Масса варьируется от 710 кг (Ace Pro Petrol) до 1610 кг (Ace Pro Bi-Fuel)"
"Tata","Intra V10","2020–наст.","1075","Компактный пикап, грузоподъёмность до 1200 кг"
"Tata","Intra V50 Gold","2020–наст.","1455","Среднетоннажный пикап, грузоподъёмность до 1700 кг. Масса: 1455–1510 кг"
"Tata","Yodha 2.0 (4x4)","2018–наст.","1850","Полноразмерный пикап, 2.2 л турбодизель (100 л.с.), грузоподъёмность до 2000 кг. Масса: 1750–1850 кг"
"Tatra","613","1974–1996","1670","Заднемоторный представительский седан, 3.5 л V8 (168 л.с.), дизайн Vignale"
"Tatra","700","1996–1999","1840","Последний легковой автомобиль Tatra, модернизированная Tatra 613 с 4.3 л V8 (234 л.с.)"
"Tatra","815","1983–2025","15000","Основной тяжелый грузовик, выпущено более 158 000 единиц"
"Tatra","815-7 (Force)","2007–наст.","13300","Тяжелый армейский вездеход (также известен как Tatra 817)"
"Tatra","158 Phoenix","2011–наст.","8700","Современное коммерческое шасси с кабиной DAF CF и двигателями Paccar"
"Tatra","813","1967–1982","14000","Тяжелый тягач-вездеход «Колосс», способный буксировать прицепы до 100 тонн"
"Tatra","148","1972–1982","10800","Среднетоннажный грузовик, преемник Tatra 138"
"Tatra","138","1959–1971","9400","Грузовик, пришедший на смену Tatra 111"
"Tatra","111","1942–1962","8500","Легендарный грузовик Второй мировой войны"
"TechArt","GTstreet R (Turbo S, 992)","2021–наст.","1590","Флагман на базе 911 Turbo S, 3.8 л твин-турбо (800 л.с.), карбоновый обвес, разгон 0-100 км/ч за 2.5 с, сухая масса"
"TechArt","GTstreet R Touring (992)","2022–наст.","1640","Версия без массивного антикрыла, 800 л.с., масса оценочная"
"TechArt","GTstreet R Cabriolet (992)","2023–наст.","1700","Кабриолет на базе 911 Turbo S, 800 л.с., масса оценочная"
"TechArt","GTstreet R (Taycan Turbo S)","2024–наст.","2300","Электрический суперседан, 830 л.с., карбоновый обвес, 22-дюймовые диски, разгон 0-100 км/ч за 2.4 с, масса оценочная"
"TechArt","GrandGT (Panamera Turbo S)","2021–наст.","2150","Доработанный Panamera Turbo S, 700 л.с., карбоновый обвес, масса оценочная"
"TechArt","Magnum (Cayenne Turbo GT)","2022–наст.","2300","Доработанный Cayenne Turbo GT, 740 л.с., 950 Н·м, разгон 0-100 км/ч за 3.3 с, масса оценочная"
"TechArt","Macan III (GTS/Turbo)","2022–наст.","2000","Программа доработки Macan, 570 л.с., карбоновый обвес, масса оценочная"
"TechArt","GTstreet RS (718 Cayman GT4 RS)","2023–наст.","1450","Доработанный 718 Cayman GT4 RS, 4.0 л атм. (500 л.с.), карбоновый обвес, масса оценочная"
"TechArt","GTstreet S (997)","2008","1610","Экстремальная программа на базе 911 (997) Turbo, 3.6 л твин-турбо (660 л.с.)"
"TechArt","Aerokit I (996)","2000","1440","Ранний аэродинамический пакет для Porsche 911 (996), масса оценочная"
"TechArt","Cabriolet (996)","2000","1500","Программа доработки Porsche 911 (996) Cabriolet, масса оценочная"
"Tesla","Model S (60, RWD)","2012–2016","1961","Электрический седан, задний привод, батарея 60 кВт·ч, запас хода 335 км"
"Tesla","Model S (85, RWD)","2012–2016","2108","Электрический седан, задний привод, батарея 85 кВт·ч, запас хода 426 км"
"Tesla","Model S (P100D, AWD)","2016–2020","2265","Электрический седан, полный привод, батарея 100 кВт·ч, разгон 0-100 км/ч за 2.5 с"
"Tesla","Model S (Long Range, 2021+)","2021–наст.","2069","Обновлённый седан, задний привод, батарея 100 кВт·ч, запас хода 652 км"
"Tesla","Model S Plaid (AWD)","2021–наст.","2162","Трёхмоторный седан, 1020 л.с., разгон 0-100 км/ч за 1.99 с"
"Tesla","Model 3 (Standard Range Plus, RWD)","2017–наст.","1760","Электрический седан, задний привод, батарея 54-60 кВт·ч. Масса: 1625-1760 кг"
"Tesla","Model 3 (Long Range, AWD)","2017–наст.","1824","Электрический седан, полный привод, батарея 75-82 кВт·ч. Масса: 1824-1851 кг"
"Tesla","Model 3 (Performance, AWD)","2017–наст.","1854","Электрический седан, полный привод, 490 л.с., разгон 0-100 км/ч за 3.1 с"
"Tesla","Model X (60D, AWD)","2015–2016","2300","Электрический кроссовер, полный привод, батарея 60 кВт·ч, двери 'крыло сокола'"
"Tesla","Model X (P100D, AWD)","2016–2020","2494","Электрический кроссовер, полный привод, батарея 100 кВт·ч, разгон 0-100 км/ч за 2.9 с. Масса: 2494-2509 кг"
"Tesla","Model X (Long Range, AWD, 2021+)","2021–наст.","2335","Обновлённый кроссовер, полный привод, батарея 100 кВт·ч, запас хода 560 км. Масса: 2335-2441 кг"
"Tesla","Model X Plaid (AWD)","2021–наст.","2468","Трёхмоторный кроссовер, 1020 л.с. Масса: 2468-2509 кг"
"Tesla","Model Y (RWD, Standard Range)","2020–наст.","1909","Электрический кроссовер, задний привод, батарея 60 кВт·ч. Масса: 1909-1921 кг"
"Tesla","Model Y (Long Range, AWD)","2020–наст.","1992","Электрический кроссовер, полный привод, батарея 75-82 кВт·ч. Масса: 1992-2003 кг"
"Tesla","Model Y (Performance, AWD)","2020–наст.","1997","Электрический кроссовер, полный привод, 527 л.с., разгон 0-100 км/ч за 3.5 с"
"Tesla","Cybertruck (AWD)","2023–наст.","3010","Электрический пикап, два мотора, батарея 123 кВт·ч, запас хода 547 км. Масса: 3010-3025 кг"
"Tesla","Cybertruck (Cyberbeast, Tri-Motor)","2023–наст.","3125","Электрический пикап, три мотора, 845 л.с., разгон 0-100 км/ч за 2.7 с. Масса: 3125-3130 кг"
"Tesla","Roadster (I поколение, 1.5)","2008–2012","1220","Электрический родстер на базе Lotus Elise, задний привод, батарея 53 кВт·ч, запас хода 393 км. Масса: 1220-1305 кг"
"Toyota","GR Yaris (1.6T, MT, 272 л.с.)","2020–наст.","1280","Полноприводный хэтчбек, 1.6 л турбо, 6-ст. МКПП. Масса: 1,280–1,300 кг"
"Toyota","GR Yaris (1.6T, AT, 304 л.с.)","2022–наст.","1325","Полноприводный хэтчбек, 1.6 л турбо, 8-ст. АКПП, на 20 кг тяжелее МКПП"
"Toyota","Yaris Cross (Hybrid, AWD)","2020–наст.","1265","Субкомпактный кроссовер, 1.5 л гибрид, полный привод"
"Toyota","GR Corolla (Core, MT, 300 л.с.)","2022–наст.","1490","Полноприводный хэтчбек, 1.6 л турбо, 6-ст. МКПП"
"Toyota","GR Corolla (Premium, AT, 300 л.с.)","2025–наст.","1510","Полноприводный хэтчбек, 1.6 л турбо, 8-ст. АКПП"
"Toyota","Corolla (XSE, 2.0, FWD)","2018–наст.","1385","Седан, 2.0 л (169 л.с.), вариатор, передний привод"
"Toyota","Corolla Hybrid (LE, 1.8, FWD)","2018–наст.","1293","Гибридный седан, 1.8 л + э/м (138 л.с.), передний привод"
"Toyota","Corolla Cross Hybrid (AWD)","2021–наст.","1510","Кроссовер, 2.0 л гибрид, полный привод"
"Toyota","Camry (XV80, 2.5 Hybrid, FWD)","2024–наст.","1550","Бизнес-седан, 2.5 л гибрид (225 л.с.), вариатор. Масса: 1,550–1,630 кг"
"Toyota","Camry (XV70, 2.5, AWD)","2017–2023","1645","Предыдущее поколение бизнес-седана, 2.5 л (205 л.с.), полный привод"
"Toyota","Crown (гибрид, 2.5 л)","2022–наст.","1750","Представительский седан/кросс-седан, 2.5 л гибрид (239 л.с.)"
"Toyota","Crown Signia","2023–наст.","1910","Кросс-универсал, 2.5 л гибрид, полный привод"
"Toyota","Mirai (FCEV, водород)","2020–наст.","1920","Водородный седан, запас хода 650 км"
"Toyota","RAV4 (2.5, FWD)","2018–наст.","1530","Компактный кроссовер, 2.5 л (203 л.с.), передний привод. Масса: 1,530–1,700 кг"
"Toyota","RAV4 Prime (PHEV, AWD)","2020–наст.","1930","Подзаряжаемый гибрид, 2.5 л + э/м (306 л.с.), запас хода на электротяге 68 км"
"Toyota","bZ4X (FWD, 71.4 кВт·ч)","2022–наст.","1910","Электрический кроссовер, передний привод, запас хода 436 км"
"Toyota","bZ4X (AWD, 72.8 кВт·ч)","2022–наст.","2030","Электрический кроссовер, полный привод, запас хода 415 км"
"Toyota","Highlander (3.5 V6, AWD)","2019–наст.","1885","Трёхрядный кроссовер, 3.5 V6 (295 л.с.), полный привод"
"Toyota","Grand Highlander (Hybrid Max, AWD)","2023–наст.","2096","Удлинённый трёхрядный кроссовер, 2.4T гибрид (362 л.с.), полный привод"
"Toyota","4Runner (TRD Off-Road, 4WD)","2024–наст.","2200","Рамный внедорожник, 2.4T (278 л.с.), полный привод"
"Toyota","Land Cruiser Prado (250-я серия, 2.8D)","2023–наст.","2380","Рамный внедорожник, 2.8 л турбодизель (204 л.с.), полный привод"
"Toyota","Land Cruiser 300 (3.5T V6, AWD)","2021–наст.","2575","Флагманский рамный внедорожник, 3.5T V6 (415 л.с.), полный привод"
"Toyota","Sequoia (Capstone, AWD)","2022–наст.","2805","Полноразмерный рамный внедорожник, 3.5T V6 гибрид (437 л.с.), полный привод"
"Toyota","Hilux (2.8D, Double Cab, 4x4)","2015–наст.","2100","Среднеразмерный пикап, 2.8 л турбодизель (204 л.с.), полный привод"
"Toyota","Tacoma (TRD Off-Road, 4x4)","2023–наст.","2075","Среднеразмерный пикап, 2.4T (278 л.с.), полный привод"
"Toyota","Tundra (Capstone, AWD)","2022–наст.","2810","Полноразмерный пикап, 3.5T V6 гибрид (437 л.с.), полный привод"
"Toyota","Sienna (Hybrid, AWD)","2020–наст.","2185","Семиместный минивэн, 2.5 л гибрид (245 л.с.), вариатор, полный привод"
"Toyota","Alphard (2.5 Hybrid, AWD)","2023–наст.","2170","Представительский минивэн, 2.5 л гибрид (250 л.с.), полный привод"
"Toyota","GR86 (2.4, MT)","2021–наст.","1278","Заднеприводное купе, 2.4 л оппозит (228 л.с.), 6-ст. МКПП"
"Toyota","GR Supra (3.0T, AT)","2019–наст.","1541","Заднеприводное купе, 3.0 л рядный 6-цил. турбо BMW (382 л.с.), 8-ст. АКПП. Масса: 1,528–1,541 кг"
"Toyota","Century (седан, 5.0 V8 Hybrid)","2018–наст.","2040","Представительский седан, 5.0 V8 гибрид (431 л.с.)"
"Toyota","Century (SUV, 3.5 V6 PHEV)","2023–наст.","2600","Представительский кроссовер, 3.5 V6 PHEV (412 л.с.)"
"TVR","Griffith (2018)","2018–наст.","1250","Современное купе, 5.0 л V8 Ford Coyote (500 л.с.), 6-ст. МКПП, задний привод. Дизайн Гордона Мюррея"
"TVR","Chimaera","1993–2003","1060","Родстер, Rover V8 4.0-5.0 л (240-340 л.с.), 5-ст. МКПП, задний привод"
"TVR","Cerbera","1996–2003","1130","Купе 2+2, TVR Speed Eight V8 4.2-4.5 л (360-420 л.с.), 5-ст. МКПП, задний привод. Масса: 1060-1130 кг"
"TVR","Tuscan","1999–2006","1100","Родстер и купе, TVR Speed Six I6 3.6-4.0 л (350-440 л.с.), 5-ст. МКПП, задний привод"
"TVR","Tamora","2002–2006","1060","Родстер, TVR Speed Six I6 3.6 л (350 л.с.), 5-ст. МКПП, задний привод"
"TVR","T350","2002–2006","1187","Купе, TVR Speed Six I6 3.6 л (350 л.с.), 5-ст. МКПП, задний привод"
"TVR","Sagaris","2005–2006","1078","Экстремальное купе, TVR Speed Six I6 4.0 л (400 л.с.), 5-ст. МКПП, задний привод. Последняя серийная модель"
"TVR","Typhon","2005–2006","1100","Лимитированная версия Sagaris, TVR Speed Six I6 4.0 л наддув (585 л.с.)"
"TVR","Grantura","1958–1967","635","Первая модель TVR, стеклопластиковый кузов, трубчатая рама. Двигатели Coventry Climax и Ford"
"TVR","Vixen","1967–1972","737","Преемник Grantura, Ford Kent 1.6 л"
"TVR","M Series","1972–1979","1005","Купе и родстер, Ford Essex V6 3.0 л"
"TVR","Tasmin / 280i","1980–1988","1094","Купе с клиновидным дизайном, Ford Cologne V6 2.8 л (160 л.с.)"
"TVR","S Series","1986–1994","980","Упрощённая версия Tasmin, Ford Cologne V6 2.9 л"
"УАЗ","Патриот (ЗМЗ-409051, 150 л.с.)","2005–наст.","2125","Флагманский рамный внедорожник. Масса варьируется от 2000 до 2125 кг в зависимости от комплектации"
"УАЗ","Патриот (дизель, 2.0 л, 136 л.с.)","2025–наст.","2100","Дизельная версия Патриота. Точная снаряжённая масса не раскрыта, оценка: ~2100 кг"
"УАЗ","Хантер (ЗМЗ-40906, 135 л.с.)","2003–наст.","1845","Классический рамный внедорожник, преемник УАЗ-469. Масса варьируется от 1760 до 1845 кг"
"УАЗ","Хантер (Экспедиционный, ЗМЗ-40906)","2003–наст.","1840","Хантер в комплектации Экспедиционный. Масса: 1840 кг"
"УАЗ","Хантер (базовая версия, ЗМЗ-40906)","2003–наст.","1760","Хантер в базовой комплектации. Масса: 1760 кг"
"УАЗ","СГР «Буханка» (ЗМЗ-40911, 112 л.с.)","1965–наст.","1905","Цельнометаллический фургон/микроавтобус. Масса варьируется от 1820 до 1905 кг"
"УАЗ","СГР «Буханка» (УАЗ-3909, базовая)","1965–наст.","1820","Базовая версия Буханки. Масса: 1820 кг"
"УАЗ","СГР «Буханка» (УАЗ-33094 «Фермер»)","1965–наст.","1995","Грузопассажирская версия Буханки. Масса: 1995 кг"
"УАЗ","Профи (бортовой, однорядная кабина)","2018–наст.","1840","Лёгкий коммерческий грузовик. Масса варьируется от 1840 до 1990 кг"
"УАЗ","Профи (бортовой, двухрядная кабина)","2018–наст.","2225","Версия с двухрядной кабиной на 5 мест. Масса: 2225 кг"
"УАЗ","Профи (фургон, однорядная кабина)","2018–наст.","1990","Фургон на базе Профи. Масса: 1990 кг"
"УАЗ","Профи (фургон, двухрядная кабина)","2018–наст.","2225","Фургон с двухрядной кабиной. Масса: 2225 кг"
"УАЗ","Пикап (ЗМЗ-409051, 150 л.с.)","2008–наст.","2135","Пикап на удлинённой платформе Патриота. Масса варьируется от 2070 до 2135 кг"
"УАЗ","УАЗ-469 (2.4 л, 72 л.с.)","1972–1985","1650","Легендарный советский внедорожник. Масса: 1540 кг (469Б) или 1650 кг (469)"
"УАЗ","УАЗ-3151 (2.9 л, 84 л.с.)","1985–2003","1750","Модернизированная версия УАЗ-469. Масса варьируется от 1650 до 1750 кг"
"УАЗ","УАЗ-3160 (2.4 л, 76 л.с.)","1997–2005","1680","Предшественник Патриота. Масса: 1680 кг"
"УАЗ","УАЗ-3162 (2.7 л, 128 л.с.)","2000–2005","1770","Модернизированная версия УАЗ-3160. Масса: 1770 кг"
"Vauxhall","Corsa F (1.2 Turbo 136 GS 5dr)","2019–наст.","1219","Хэтчбек B-сегмента. Масса варьируется от 1170 до 1290 кг"
"Vauxhall","Corsa-e (электрический)","2020–наст.","1598","Электрический хэтчбек. Масса варьируется от 1544 до 1598 кг"
"Vauxhall","Corsa C (1.4 MT, 2003-2006)","2000–2006","960","Хэтчбек третьего поколения. Масса варьируется от 944 до 965 кг"
"Vauxhall","Astra L (1.4 MT, 2009-2015)","2009–2015","1373","Хэтчбек и универсал C-сегмента. Масса варьируется от 1373 до 1350 кг (кабриолет)"
"Vauxhall","Astra F (1.2 MT, 1998-2005)","1991–2002","990","Хэтчбек первого поколения. Масса варьируется от 830 до 1140 кг"
"Vauxhall","Insignia B (1.6L ECOTEC 6MT, 115 HP)","2017–2022","1510","Семейный автомобиль D-сегмента. Масса варьируется от 1440 до 1878 кг"
"Vauxhall","Insignia A (2.8 MT 4WD)","2008–2017","1710","Первое поколение. Масса варьируется от 1428 до 1743 кг"
"Vauxhall","Mokka II (2024, Facelift)","2024–наст.","1690","Компактный кроссовер второго поколения. Масса варьируется от 1294 до 1750 кг"
"Vauxhall","Mokka-e (электрический)","2020–наст.","1598","Электрическая версия кроссовера"
"Vauxhall","Mokka I (1.4 MT 4WD, 2016-2019)","2016–2019","1445","Первое поколение. Масса варьируется от 1324 до 1504 кг"
"Vauxhall","Crossland X (1.2 Turbo SE 5dr)","2017–2024","1170","Субкомпактный кроссовер. Масса варьируется от 1163 до 1319 кг"
"Vauxhall","Grandland II (2025)","2024–наст.","1600","Компактный кроссовер второго поколения. Масса варьируется от 1600 до 2132 кг"
"Vauxhall","Grandland X (1.6 Diesel Auto, 2017)","2017–2021","1430","Первое поколение. Масса варьируется от 1350 до 1433 кг"
"Vauxhall","Vivaro (L1H1, 2.0 CDTI)","2019–наст.","1660","Коммерческий фургон. Масса варьируется от 1660 до 1770 кг"
"Vauxhall","Vivaro (более ранняя версия)","2001–2014","2965","Микроавтобус, снаряжённая масса 2965 кг"
"Vauxhall","Combo Cargo (2018)","2018–наст.","1355","Лёгкий коммерческий фургон. Масса варьируется от 1355 до 2030 кг"
"Vauxhall","Combo C (1.4i 16V, 90 Hp, 2004)","2001–2011","1235","Компактный фургон, снаряжённая масса 1235 кг"
"Vauxhall","Combo Life (1.5 Turbo D Edition 5dr)","2018–наст.","1405","Пассажирская версия Combo"
"Vauxhall","VXR8 (6.0L V8 6AT, 417 HP)","2007–2017","1850","Спортивный седан. Масса варьируется от 1831 до 1850 кг"
"Vauxhall","VXR8 Bathurst S","2009–2017","1830","Более мощная версия VXR8"
"VinFast","VF3","2024–наст.","857","Самый компактный электромобиль VinFast. 44 л.с., 2-дверный, 4-местный, батарея 18,64 кВт·ч."
"VinFast","VF e34","2021–наст.","1490","Первый электромобиль VinFast. 150 л.с., батарея 44,5 кВт·ч. Масса: 1,490–1,554 кг."
"VinFast","VF5","2023–наст.","1340","Компактный электрический хэтчбек. 136 л.с., батарея 29,6–37,23 кВт·ч. Масса: 1,285–1,360 кг."
"VinFast","VF6 (Plus)","2023–наст.","1962","Субкомпактный электрический кроссовер. 136 л.с., батарея 59,6 кВт·ч. Масса: 1,550–2,028 кг."
"VinFast","VF6 (Plus, 201 л.с.)","2023–наст.","2028","Субкомпактный электрический кроссовер. 201 л.с., батарея 59,6 кВт·ч."
"VinFast","VF7 (Eco, 201 л.с.)","2023–наст.","2085","Компактный электрический кроссовер. 201 л.с., батарея 59,6 кВт·ч."
"VinFast","VF7 (Plus, 243 л.с.)","2023–наст.","2127","Компактный электрический кроссовер. 243 л.с., батарея 70,8 кВт·ч."
"VinFast","VF7 (AWD, 355 л.с.)","2023–наст.","2218","Компактный электрический кроссовер. 355 л.с., полный привод, батарея 70,8 кВт·ч."
"VinFast","VF8 (Eco, 349 л.с.)","2021–наст.","2618","Среднеразмерный электрический кроссовер. 349 л.с., батарея 82–87,7 кВт·ч. Масса: 2,418–2,618 кг."
"VinFast","VF9 (Eco, 408 л.с.)","2023–наст.","2911","Полноразмерный электрический кроссовер. 408 л.с., трёхрядный салон, батарея 92–123 кВт·ч. Масса: 2,735–2,911 кг."
"VinFast","Fadil (1.4, 98 л.с.)","2019–2022","992","Ребеджинг Chevrolet Spark. Самый лёгкий автомобиль VinFast. Масса: 992–1,005 кг."
"VinFast","Lux A2.0 (2.0T, 176 л.с.)","2018–2022","1795","Седан бизнес-класса на базе BMW 5 Series (F10)."
"VinFast","Lux SA2.0 (2.0T, 228 л.с.)","2018–2022","2100","Среднеразмерный кроссовер на базе BMW X5 (F15). Масса: 2,100–2,140 кг."
"VinFast","President (6.2 V8, 420 л.с.)","2020–2022","2424","Флагманский рамный внедорожник с двигателем GM LT1 V8."
"Volkswagen","Polo (Mk6)","2017–наст.","1105","Компактный хэтчбек B-класса на платформе MQB A0. Масса: 1,105–1,355 кг"
"Volkswagen","Polo (Mk2)","1981–1994","736","Классическое второе поколение. Масса: 736–804 кг"
"Volkswagen","Golf (Mk8, 1.5 TSI)","2019–наст.","1368","Хэтчбек C-класса на платформе MQB Evo. Масса: 1,368–1,441 кг"
"Volkswagen","Golf GTI (Mk8)","2020–наст.","1444","Спортивная версия, 2.0 л турбо (245 л.с.). Масса: 3,188 lbs"
"Volkswagen","Golf R (Mk8, универсал)","2022–наст.","1621","Полноприводная версия, 2.0 л турбо (320 л.с.). Масса: 3,574 lbs"
"Volkswagen","Jetta (A7)","2018–наст.","1310","Компактный седан на платформе MQB. Масса: 1,310–1,347 кг"
"Volkswagen","Passat (B8, 2.0 TSI)","2015–2023","1503","Бизнес-седан D-класса. Масса: 1,426–1,580 кг"
"Volkswagen","Arteon","2017–наст.","1672","Премиальный фастбек, 2.0 л турбо (300 л.с.). Масса: 3,677 lbs"
"Volkswagen","Arteon (AWD)","2017–наст.","1794","Полноприводная версия Arteon. Масса: 3,955 lbs"
"Volkswagen","T-Cross","2019–наст.","1245","Субкомпактный кроссовер B-класса. Масса: 1,245–1,390 кг"
"Volkswagen","T-Roc","2017–наст.","1270","Компактный кроссовер C-класса. Масса: 1,270–1,530 кг"
"Volkswagen","Tiguan (III поколение)","2024–наст.","1598","Популярный компактный кроссовер. Масса: 1,598–1,890 кг"
"Volkswagen","Tiguan (II поколение)","2016–2023","1724","Предыдущее поколение Tiguan. Масса: 3,801 lbs"
"Volkswagen","Tayron II","2025–наст.","1607","Среднеразмерный кроссовер. Масса: 1,607–1,873 кг"
"Volkswagen","Atlas","2017–наст.","2069","Полноразмерный трёхрядный кроссовер для США. Масса: 4,343–4,601 lbs"
"Volkswagen","Atlas Cross Sport","2020–наст.","1889","Купеобразная версия Atlas. Масса: 4,165 lbs"
"Volkswagen","Taos","2021–наст.","1440","Компактный кроссовер для рынка США. Масса: 3,175 lbs"
"Volkswagen","Taos (AWD)","2021–наст.","1556","Полноприводная версия Taos. Масса: 3,430 lbs"
"Volkswagen","Touareg (III поколение)","2018–наст.","2175","Флагманский кроссовер на платформе MLB Evo. Масса: ~4,800 lbs"
"Volkswagen","Touareg (I поколение)","2002–2010","2220","Первое поколение Touareg. Масса: 2,210–2,229 кг"
"Volkswagen","ID.3","2019–наст.","1772","Электрический хэтчбек C-класса на платформе MEB. Масса: 1,772–1,935 кг"
"Volkswagen","ID.4","2020–наст.","2210","Электрический кроссовер на платформе MEB. Масса: 1,958–2,210 кг"
"Volkswagen","ID.5","2022–наст.","1970","Купеобразная версия ID.4. Масса: 1,970–2,337 кг"
"Volkswagen","ID.5 GTX (AWD)","2022–наст.","2337","Полноприводная версия ID.5, 299 л.с."
"Volkswagen","ID. Buzz","2022–наст.","2716","Электрический минивэн в стиле T1. Масса: 5,988 lbs"
"Volkswagen","Beetle (A5)","2011–2019","1450","Современная версия «Жука». Масса: 1,300–1,450 кг"
"Volkswagen","Passat (B1, 1973)","1973–1981","880","Первое поколение Passat. Масса: 880–1,005 кг"
"Volvo","S60 (B5 AWD)","2019–наст.","1770","Спортивный седан D-класса, 2.0 л турбо (250 л.с.), полный привод. Масса: 1,770–1,810 кг"
"Volvo","S90 (B6 AWD)","2016–наст.","1940","Флагманский седан E-класса, 2.0 л турбонаддув (300 л.с.), полный привод"
"Volvo","V60 (B5 AWD)","2018–наст.","1800","Универсал D-класса, 2.0 л турбо (250 л.с.), полный привод"
"Volvo","V60 Cross Country (B5 AWD)","2018–наст.","1850","Универсал повышенной проходимости, 2.0 л турбо (250 л.с.), полный привод"
"Volvo","V90 (B6 AWD)","2016–наст.","1936","Флагманский универсал E-класса, 2.0 л турбонаддув (300 л.с.), полный привод. Масса: 1,830–1,936 кг"
"Volvo","V90 Cross Country (B6 AWD)","2016–наст.","1950","Внедорожный флагманский универсал, 2.0 л турбонаддув (300 л.с.), полный привод"
"Volvo","XC40 (T5 AWD)","2017–наст.","1737","Компактный кроссовер, 2.0 л турбо (247 л.с.), полный привод. Масса: 1,700–1,737 кг"
"Volvo","XC60 (B5 AWD)","2017–наст.","1955","Среднеразмерный кроссовер, 2.0 л турбо (250 л.с.), полный привод. Масса: 1,880–1,955 кг"
"Volvo","XC60 T8 (PHEV, AWD)","2017–наст.","2150","Подзаряжаемый гибрид, 2.0 л турбо + э/м (455 л.с.), полный привод. Масса: 2,140–2,150 кг"
"Volvo","XC90 (B6 AWD)","2015–наст.","2200","Флагманский трёхрядный кроссовер, 2.0 л турбонаддув (300 л.с.), полный привод. Масса: 2,110–2,200 кг"
"Volvo","XC90 T8 (PHEV, AWD)","2015–наст.","2350","Подзаряжаемый гибрид, 2.0 л турбо + э/м (455 л.с.), полный привод. Масса: 2,288–2,350 кг"
"Volvo","EX30 (Single Motor)","2024–наст.","1830","Электрический кроссовер, 272 л.с., задний привод, батарея 49–69 кВт·ч. Масса: 1,830–1,850 кг"
"Volvo","EX30 (Twin Motor Performance)","2024–наст.","1960","Электрический кроссовер, 428 л.с., полный привод, батарея 69 кВт·ч"
"Volvo","EX40 (Single Motor, 69 кВт·ч)","2021–наст.","2065","Электрический кроссовер (ранее XC40 Recharge), 252 л.с., задний привод, запас хода 460 км (WLTP). Масса: 2,065–2,090 кг"
"Volvo","EX40 (Twin Motor, 78 кВт·ч)","2021–наст.","2180","Электрический кроссовер, 408 л.с., полный привод, батарея 78 кВт·ч"
"Volvo","EC40 (Single Motor, 69 кВт·ч)","2022–наст.","2085","Купеобразный электрический кроссовер (ранее C40 Recharge), 252 л.с., задний привод. Масса: 2,085–2,105 кг"
"Volvo","EC40 (Twin Motor, 78 кВт·ч)","2022–наст.","2190","Купеобразный электрический кроссовер, 408 л.с., полный привод"
"Volvo","EX90 (Twin Motor, 111 кВт·ч)","2024–наст.","2748","Флагманский электрический кроссовер, 408–517 л.с., полный привод, 7-местный, запас хода до 600 км (WLTP). Масса: 2,748–2,811 кг"
"Volvo","ES90 (Single Motor, 92 кВт·ч)","2025–наст.","2500","Электрический седан E-класса, 329 л.с., задний привод, 800-вольтовая архитектура, запас хода до 700 км (WLTP)"
"Volvo","ES90 (Twin Motor, 106 кВт·ч)","2025–наст.","2600","Электрический седан, 449–680 л.с., полный привод, батарея 106 кВт·ч"
"Volvo","240 (универсал, 2.3 л)","1974–1993","1400","Легендарный «кирпич», один из самых безопасных автомобилей своего времени"
"Volvo","940 (универсал, 2.3 л)","1990–1998","1500","Последний классический заднеприводный Volvo. Масса: 1,470–1,530 кг"
"Volvo","850 (универсал, T5)","1991–1997","1500","Переднеприводная модель, прославившаяся в BTCC"
"Volvo","C30 (T5)","2006–2013","1400","Компактный трёхдверный хэтчбек в ретро-стиле. Масса: 1,330–1,400 кг"
"Voyah","Free (BEV, RWD, базовая)","2021–наст.","2270","Электрический кроссовер, задний привод"
"Voyah","Free (BEV, AWD, топ-версия)","2021–наст.","2485","Электрический кроссовер, полный привод, 694 л.с."
"Voyah","Free (EREV, 1.5T, AWD)","2021–наст.","2290","Гибридный кроссовер, 1.5T генератор + 2 э/м (490 л.с.), полный привод. Масса: 2270-2290 кг"
"Voyah","Dreamer (PHEV, 1.5T, AWD)","2022–наст.","2590","Полноразмерный гибридный минивэн, 7 мест, полный привод"
"Voyah","Dreamer (BEV, AWD)","2022–наст.","2645","Электрический минивэн, полный привод. Масса: 2645-2685 кг"
"Voyah","Passion / Zhuiguang (BEV, базовая)","2023–наст.","2286","Представительский электрический седан, задний привод. Масса: 2258-2286 кг"
"Voyah","Passion / Zhuiguang (BEV, AWD)","2023–наст.","2266","Электрический седан, полный привод, 694 л.с."
"Voyah","Passion (PHEV, 1.5T, AWD)","2023–наст.","2245","Гибридный представительский седан, 1.5T генератор + 2 э/м, полный привод"
"Voyah","Courage / Zhiyin (BEV, 77 кВт·ч)","2024–наст.","2099","Электрический кроссовер, задний привод, батарея 77 кВт·ч"
"W Motors","Lykan HyperSport","2013–2017","1380","Эксклюзивный гиперкар, 3.7 л твин-турбо V6 RUF (780 л.с.), 6-ст. секвентальная КПП, задний привод. Тираж 7 экз. Масса: 1,380–1,400 кг."
"W Motors","Fenyr SuperSport","2017–наст.","1200","Гиперкар, 4.0 л твин-турбо V6 RUF (800 л.с.), 7-ст. PDK, задний привод, карбоновый кузов. Тираж 110 экз. Масса: 1,200–1,350 кг."
"Wuling","Sunshine / Zhiguang","2002–наст.","920–1050","Классический микроавтобус, один из самых продаваемых автомобилей в Китае. Масса: 920–1,050 кг"
"Wuling","Sunshine EV / Zhiguang EV","2025–наст.","892","Электрическая версия Sunshine, батарея 17.7 кВт·ч, запас хода 201 км (CLTC). Масса: 892 кг"
"Wuling","Hongguang","2010–наст.","1130–1260","Компактный минивэн (MPV), бестселлер китайского рынка. Масса: 1,130–1,260 кг"
"Wuling","Hongguang S3","2018–наст.","1215–1275","Второе поколение Hongguang S (Xin Hongguang). Масса: 1,215–1,275 кг"
"Wuling","Jiachen","2022–наст.","1410–1530","Компактный минивэн с трёхрядным салоном (2+2+3). Масса: 1,410–1,530 кг"
"Wuling","Xingchi","2022–наст.","1190–1320","Субкомпактный кроссовер, 1.5L (99 л.с.) / 1.5T (147 л.с.). Масса: 1,190–1,320 кг"
"Wuling","Nebula","2023–наст.","1565–1600","Компактный гибридный кроссовер, 2.0L (136 л.с.) + э/м (177 л.с.). Масса: 1,565–1,600 кг"
"Wuling","Air EV","2022–наст.","760–888","Городской электромобиль (city car). Масса: 760 кг (SWB) / 888 кг (LWB). Также MG Comet EV / Chevrolet Spark EV"
"Wuling","Hongguang Mini EV","2020–наст.","665–780","Самый продаваемый электромобиль в Китае. Масса: 665 кг (ранние) / 780 кг (4-дверные). Версии: Macaron, Gameboy, Convertible"
"Wuling","Binguo","2023–наст.","990–1185","Электрический хэтчбек на смену Mini EV. Масса: 990–1,185 кг"
"Wuling","Binguo Plus / Bingo S","2024–наст.","1235–1250","Более крупная версия Binguo. Масса: 1,235–1,250 кг"
"Wuling","Rongguang","2020–наст.","1220–1450","Коммерческий фургон и микроавтобус. Масса: 1,220–1,450 кг"
"Wuling","Sunshine Pickup","2002–наст.","930–1010","Пикап на базе микроавтобуса Sunshine. Масса: 930–1,010 кг"
"Xiaomi","SU7 (Standard, RWD)","2024–наст.","1980","Базовый седан, задний привод, батарея 73.6 кВт·ч, запас хода 700 км (CLTC)"
"Xiaomi","SU7 (AWD, топ-версия)","2024–наст.","2205","Полноприводный седан, два электромотора, батарея 101 кВт·ч, запас хода 800 км"
"Xiaomi","SU7 (2026, рестайлинг)","2026–наст.","2167","Обновлённая версия седана. Масса: 2,055–2,280 кг"
"Xiaomi","SU7 Ultra (AWD, трёхмоторная)","2024–наст.","2360","Экстремальный седан, три электромотора (1,548 л.с.), разгон 0-100 км/ч за 2.1 с, карбоновый обвес"
"Xiaomi","YU7 (Standard, RWD)","2025–наст.","2200","Базовый кроссовер, задний привод, батарея 73 кВт·ч, запас хода 633 км. Масса: 2,200–2,315 кг"
"Xiaomi","YU7 (AWD, топ-версия)","2025–наст.","2405","Полноприводный кроссовер, 681 л.с., батарея 101 кВт·ч, запас хода 760 км, разгон 0-100 км/ч за 3.23 с"
"XPeng","MONA M03 (515 км, RWD)","2024–наст.","1739","Доступный седан суббренда MONA. Батарея 51.8 кВт·ч, запас хода 515 км (CLTC). Масса: 1661–1739 кг"
"XPeng","MONA M03 (620 км, RWD)","2024–наст.","1810","Седан MONA. Батарея 62.2 кВт·ч, запас хода 620 км (CLTC). Масса: 1739–1810 кг"
"XPeng","P5 (460 км, RWD)","2021–наст.","1730","Компактный седан. Батарея 55.4 кВт·ч, запас хода 460 км (NEDC). Масса: 1715–1730 кг"
"XPeng","P5 (600 км, RWD)","2021–наст.","1770","Компактный седан. Батарея 71.4 кВт·ч, запас хода 600 км (CLTC)"
"XPeng","P7+ (602 км, RWD)","2024–наст.","2035","Новый седан, наследник P7i. Батарея 60.7 кВт·ч, запас хода 602 км (CLTC). Масса: 1937–2035 кг"
"XPeng","G6 (580 км, RWD)","2023–наст.","2020","Среднеразмерный кроссовер-купе. Батарея 66 кВт·ч, запас хода 580 км (CLTC). Масса: 1900–2020 кг"
"XPeng","G6 (755 км, RWD)","2023–наст.","2020","Кроссовер-купе. Батарея 87.5 кВт·ч, запас хода 755 км (CLTC)"
"XPeng","G6 (AWD, 700 км)","2023–наст.","2095","Полноприводный кроссовер-купе. Два э/м (487 л.с.), батарея 87.5 кВт·ч, запас хода 700 км (CLTC)"
"XPeng","G9 (570 км, RWD)","2022–наст.","2205","Флагманский кроссовер. Батарея 78.2 кВт·ч, запас хода 570 км (CLTC). Масса: 2205–2235 кг"
"XPeng","G9 (702 км, RWD)","2022–наст.","2235","Флагманский кроссовер. Батарея 98 кВт·ч, запас хода 702 км (CLTC). Масса: 2235–2270 кг"
"XPeng","G9 (AWD, 650 км)","2022–наст.","2360","Полноприводный флагманский кроссовер. Два э/м (551 л.с.), батарея 98 кВт·ч, запас хода 650 км (CLTC)"
"XPeng","X9 (610 км, FWD)","2024–наст.","2630","Полноразмерный электрический минивэн. Батарея 84.5 кВт·ч, запас хода 610 км (CLTC). Масса: 2560–2630 кг"
"XPeng","G3 / G3i (Identity X)","2018–2024","1637","Компактный кроссовер, снят с производства в 2024 г. Масса: 1609–1637 кг"
"XPeng","P7 / P7i (Performance, AWD)","2020–2024","2140","Полноприводный седан. Снят с производства, заменён моделью P7+"
"X-Cite","X-Cross 7","2024–2025","1540","Переднеприводный кроссовер (Chery Tiggo 7 Pro Max). 1.5 л турбо (147 л.с.), вариатор CVT. Колёсная база: 2670 мм, клиренс: 190 мм."
"X-Cite","X-Cross 8 (передний привод)","2024–2025","1629","Семиместный кроссовер (Chery Tiggo 8 Pro). 1.6 л турбо (150 л.с.), 7-ст. робот DCT. Клиренс: 190 мм. Масса варьируется от 1629 до 1734 кг."
"X-Cite","X-Cross 8 (полный привод, AWD)","2024–2025","1734","Полноприводная версия флагманского кроссовера. Масса: 1734 кг."
"Yangwang","U8 (PHEV, EREV)","2023–наст.","3490","Полноразмерный рамный внедорожник, 4 э/м (1196 л.с.) + 2.0T генератор, гидроподвеска DiSus-P, запас хода до 1000 км (CLTC). Масса: 3460–3490 кг."
"Yangwang","U9 (BEV)","2024–наст.","2475","Электрический суперкар, 4 э/м (1305 л.с.), разгон 0-100 км/ч за 2.36 с, батарея 80 кВт·ч, DiSus-X"
"Yangwang","U7 (BEV, RWD, базовая)","2024–наст.","3095","Представительский электрический седан, задний привод, батарея 135.5 кВт·ч, запас хода 720 км (CLTC). Масса: 3060–3095 кг."
"Yangwang","U7 (BEV, AWD, топ-версия)","2024–наст.","3195","Представительский электрический седан, полный привод, 1305 л.с., батарея 135.5 кВт·ч, разгон 0-100 км/ч за 2.9 с. Масса: 3145–3195 кг."
"ZAZ","965 («Горбатый»)","1960–1969","665","Первый «Запорожец», заднее расположение двигателя"
"ZAZ","966","1966–1974","780","Второе поколение «Запорожца»"
"ZAZ","968","1971–1994","840","Модернизированный «Запорожец». Масса: 790–840 кг"
"ZAZ","1102 «Таврия»","1987–2007","710","Переднеприводный хэтчбек B-класса. Масса: 710–745 кг"
"ZAZ","1103 «Славута»","1999–2011","745","Седан на базе Таврии, 1.1 л MeMZ (51 л.с.)"
"ZAZ","1105 «Дана»","1994–2011","755","Универсал на базе Таврии. Масса: 755–789 кг"
"ZAZ","Sens","2002–2017","1000","Седан на базе Daewoo Lanos"
"ZAZ","Chance (1.3 MT)","2009–2015","1105","Седан на базе Daewoo Lanos, 1.3 л (70 л.с.)"
"ZAZ","Forza","2010–2017","1205","Седан на базе Chery Fulwin 2. Масса: 1205–1210 кг"
"ZAZ","Vida","2012–2017","1205","Седан на базе Chevrolet Aveo T250, 1.5 л (109 л.с.)"
"Zeekr","001 (RWD, 75 кВт·ч)","2021–наст.","2280","Премиальный лифтбек, задний привод, 272 л.с., запас хода 576 км. Масса: 2,200–2,280 кг"
"Zeekr","001 (AWD, 100 кВт·ч)","2021–наст.","2475","Полноприводный лифтбек, 536 л.с., разгон 0-100 км/ч за 3.8 с. Масса: 2,350–2,475 кг"
"Zeekr","001 FR (AWD)","2023–наст.","2585","Экстремальный лифтбек, 4 э/м (1,265 л.с.), разгон 0-100 км/ч за 2.02 с. Масса: 2,530–2,585 кг"
"Zeekr","X (RWD, 66 кВт·ч)","2023–наст.","1940","Компактный кроссовер, задний привод, 272 л.с., запас хода 440 км. Масса: 1,885–1,940 кг"
"Zeekr","X (AWD, 66 кВт·ч)","2023–наст.","1995","Полноприводный кроссовер, 428 л.с., разгон 0-100 км/ч за 3.8 с. Масса: 1,990–1,995 кг"
"Zeekr","007 (RWD, 75 кВт·ч)","2024–наст.","2266","Электрический седан, задний привод, 422 л.с., запас хода 688 км. Масса: 2,150–2,266 кг"
"Zeekr","007 (AWD, 100 кВт·ч)","2024–наст.","2356","Полноприводный седан, 646 л.с., разгон 0-100 км/ч за 2.84 с. Масса: 2,290–2,356 кг"
"Zeekr","007 GT (RWD, 75 кВт·ч)","2025–наст.","2185","Универсал на базе 007, задний привод, 422 л.с., запас хода 650 км"
"Zeekr","7X (RWD, 75 кВт·ч)","2024–наст.","2298","Среднеразмерный кроссовер, задний привод, 422 л.с., запас хода 605 км"
"Zeekr","7X (AWD, 100 кВт·ч)","2024–наст.","2475","Полноприводный кроссовер, 646 л.с., разгон 0-100 км/ч за 3.8 с"
"Zeekr","009 (AWD, 140 кВт·ч)","2023–наст.","2890","Полноразмерный минивэн, полный привод, 544 л.с., запас хода 822 км. Масса: 2,830–2,890 кг"
"Zeekr","Mix","2024–наст.","2905","Компактный минивэн с инновационным дизайном и сдвижными дверями. Масса: 2,739–2,905 кг"
"Zenvo","ST1","2009–2016","1590","Первый гиперкар марки, 6.8 л V8 твин-турбо (1,104 л.с.), 7-ст. секвентальная КПП, задний привод. Выпущено 15 экз. Масса: 1,376–1,590 кг"
"Zenvo","TS1 GT","2016–2019","1710","Эволюция ST1, 6.2 л LS7 V8 твин-турбо (1,104 л.с.). Выпущено 5 экз. Масса: 1,395–1,710 кг"
"Zenvo","TSR-S","2018–2023","1495","Трековая версия с активным антикрылом Centripetal, 6.2 л LS7 V8 твин-турбо (1,177 л.с.). Выпущено 5 экз."
"Zenvo","Aurora Tur","2026 (план)","1450","Гибридный гиперкар GT, 6.6 л V12 твин-турбо (1,250 л.с.) + э/м (200 л.с.), суммарная мощность 1,450 л.с. Тираж 50 экз."
"Zenvo","Aurora Agil","2026 (план)","1300","Облегчённая трековая версия Aurora, гибрид 1,450 л.с. Тираж 50 экз."
"Zotye","T300","2017–2021","1345","Компактный кроссовер, 1.5 л турбо (112–156 л.с.), 5-ст. МКПП или вариатор, передний привод. Масса: 1,345–1,420 кг"
"Zotye","T500","2017–2021","1427","Компактный кроссовер, 1.5 л турбо (156 л.с.), 5-ст. МКПП или 6-ст. АКПП. Масса: 1,427–1,560 кг"
"Zotye","T600","2013–2020","1541","Среднеразмерный кроссовер, бестселлер Zotye. Двигатели 1.5–2.0 л. Масса: 1,541–1,661 кг"
"Zotye","T700","2017–2021","1740","Флагманский среднеразмерный кроссовер, 1.8–2.0 л турбо, 5-ст. МКПП или 6-ст. DCT. Масса: 1,740–1,810 кг"
"Zotye","SR9","2016–2019","1665","Кроссовер, «китайский Porsche Macan». 2.0 л турбо (190 л.с.), 5-ст. МКПП или 6-ст. робот. Масса: 1,665–1,685 кг"
"Zotye","Z300","2012–2017","1275","Компактный седан, 1.5–1.6 л (113–122 л.с.), 5-ст. МКПП или 4-ст. АКПП. Масса: 1,275–1,325 кг"
"Zotye","Z500","2014–2020","1360","Среднеразмерный седан, 1.5 л турбо (150 л.с.), 5-ст. МКПП или вариатор. Масса: 1,360–1,380 кг"
"Zotye","E200","2016–2021","1080","Компактный электрический хэтчбек, электромотор 82 л.с., батарея 24.5–31.9 кВт·ч, запас хода до 220 км. Масса: 1,080–1,100 кг"
"Zotye","2008 / 5008","2005–2016","1100","Компактный внедорожник на базе Daihatsu Terios. Масса: ~1,100 кг"
"Zotye","Damy X5","2015–2020","1390","Компактный кроссовер, 1.5 л турбо (150 л.с.), 5-ст. МКПП или вариатор. Масса: 1,390 кг"
"ZX Auto","Grand Tiger TUV (2.4, бензин, 4x2)","2012–наст.","1670","Среднеразмерный пикап, 2.4 л бензин Mitsubishi 4G69 (136 л.с.), 5-ст. МКПП, задний привод. Масса: 1,670–1,775 кг"
"ZX Auto","Grand Tiger (2.5, дизель, базовая)","2006–наст.","1700","Классический пикап, 2.5 л турбодизель (143 л.с.)"
"ZX Auto","Terralord","2019–наст.","1985","Современный среднеразмерный пикап, 2.5 л турбодизель Isuzu (150 л.с.) или 2.4 л бензин турбо (211 л.с.). Масса: 1,985–2,140 кг"
"ZX Auto","Weishi / G9 (2.0T, бензин, 4x4)","2021–наст.","2100","Флагманский полноразмерный пикап, 2.0 л бензин турбо (190–197 л.с.) или 2.3 л турбодизель (163 л.с.). Масса: 1,900–2,300 кг"
"ZX Auto","Landmark V7","2019–наст.","1890","Среднеразмерный рамный внедорожник на базе Terralord, 2.0 л бензин турбо (218 л.с.). Масса: 1,890–2,020 кг"
"ZX Auto","Landmark V5","2021–наст.","1820","Компактный рамный внедорожник, 2.4 л турбодизель (150 л.с.), 6-ст. МКПП"
"ZX Auto","C3 Urban Ark","2023–наст.","1760","Кроссовер с несущим кузовом, 1.5T (150 л.с.) или 2.0T дизель (163 л.с.). Масса: 1,760–1,955 кг"
"ZX Auto","Tiger Mini Van","2004–наст.","1105","Компактный минивэн на базе Toyota HiAce"
"ZX Auto","Zhongxing 1949 (пикап)","2022–наст.","2400","Крупнейший пикап ZX, 2.0 л бензин турбо (197 л.с.) или 2.3 л турбодизель (163 л.с.). Масса: 2,100–2,400 кг"
"Aurus","Senat S600","2018–наст.","2635","Седан, 4.4 л V8 гибрид (598 л.с.), полный привод, 9-ст. АКПП"
"Aurus","Senat L700","2018–наст.","2750","Удлинённый лимузин, 4.4 л V8 гибрид (598 л.с.), полный привод"
"Aurus","Komendant","2022–наст.","3235","Внедорожник, 4.4 л V8 гибрид (598 л.с.), полный привод, 9-ст. АКПП"
"Aurus","Arsenal","2023–наст.","3100","Минивэн, 4.4 л V8 гибрид (598 л.с.), полный привод, 9-ст. АКПП. Масса ориентировочная"
"AM General","Hummer H1","1992–2006","3680","Культовый гражданский внедорожник на базе военного HMMWV"
"Caterham","Seven","1973–наст.","550","Классический британский спорткар, наследник Lotus Seven"
"DeLorean","DMC-12","1981–1983","1244","Культовый автомобиль из фильма 'Назад в будущее'"
"Fiat","500 (классический)","1957–1975","500","Народный итальянский автомобиль, символ эпохи"
"Ford","GT40","1964–1969","908","Легендарный спорткар, 4-кратный победитель Ле-Мана"
"Jaguar","E-Type","1961–1975","1220","Один из самых красивых автомобилей в истории"
"Lamborghini","Countach","1974–1990","1488","Культовый суперкар, символ 80-х"
"Lamborghini","Miura","1966–1973","1292","Революционный суперкар, один из первых среднемоторных"
"Lotus","Esprit","1976–2004","1220","Британский спорткар, 'звезда' фильмов о Джеймсе Бонде"
"Mazda","RX-7 (FD3S)","1991–2002","1280","Культовый японский спорткар с роторным двигателем"
"Mercedes-Benz","300 SL","1954–1963","1295","Легендарный спорткар с дверями 'крыло чайки'"
"Mini","Cooper (классический)","1961–2000","650","Культовый британский городской автомобиль"
"Mitsubishi","Lancer Evolution X","2007–2016","1560","Культовый раллийный японский седан"
"Nissan","Skyline GT-R (R34)","1999–2002","1540","Легендарный японский суперкар, 'Годзилла'"
"Pontiac","Firebird Trans Am","1967–2002","1600","Культовый американский маслкар"
"Subaru","Impreza WRX STI","1992–2014","1505","Культовый раллийный японский седан"
"Toyota","Supra Mk4 (A80)","1993–2002","1615","Культовый японский спорткар, икона тюнинга"
"Volkswagen","Beetle (классический)","1938–2003","800","Народный автомобиль, один из самых продаваемых в истории"
"BMW","M5 Touring (G99)","2024–наст.","2475","Универсал на базе BMW M5, 4.4 л V8 Twin Turbo гибрид (727 л.с.), полный привод"
"Mercedes-Benz","GLB (электрический, 2026+)","2026–наст.","","Новый полностью электрический компактный внедорожник. Точная снаряжённая масса пока не объявлена"
"Volkswagen","Tayron L PHEV","2026–наст.","1882","Гибридный среднеразмерный кроссовер для китайского рынка"
"Volkswagen","Tiguan L Pro 380TSI R-Line","2026–наст.","","Обновлённая версия Tiguan L для китайского рынка. Точная снаряжённая масса не указана"
"Opel","Frontera (1.2T MHEV, GS)","2024–наст.","1269","Компактный кроссовер с 1.2 л турбо (100 л.с.) и мягким гибридом"
"Alfa Romeo","Alfasud (1-е поколение)","1972–1983","830","Компактный хэтчбек, 1.2 л (63 л.с.), 4-ст. МКПП, передний привод"
"AMC","Eagle (универсал)","1980–1988","1600","Один из первых кроссоверов, 4.2 л I6 (112 л.с.), полный привод"
"Buick","Riviera (1-е поколение)","1963–1965","1700","Купе класса люкс, 6.5–7.0 л V8 (325–360 л.с.), задний привод"
"Cadillac","Eldorado (1959)","1959","2300","Классический полноразмерный кабриолет, 6.4 л V8 (345 л.с.)"
"Chevrolet","El Camino (1959)","1959–1960","1500","Классический ют, 4.6 л V8 (185 л.с.), задний привод"
"Citroën","DS (1-е поколение)","1955–1975","1170","Легендарный седан бизнес-класса, 1.9–2.3 л (83–141 л.с.), гидропневматическая подвеска"
"Citroën","2CV (1-е поколение)","1948–1990","560","Народный французский автомобиль, 0.4–0.6 л (12–29 л.с.), 4-ст. МКПП, передний привод"
"Citroën","Traction Avant","1934–1957","1100","Революционный переднеприводный седан, 1.6–2.9 л (56–77 л.с.)"
"Datsun","240Z (S30)","1969–1973","1050","Культовый японский спорткар, 2.4 л I6 (151 л.с.), 4-ст. МКПП, задний привод"
"Ferrari","Dino 246 GT","1969–1974","1080","Среднемоторное купе, названное в честь сына Энцо Феррари, 2.4 л V6 (195 л.с.)"
"Fiat","500 (классический)","1957–1975","500","Народный итальянский автомобиль, символ эпохи, 0.5 л (13–21 л.с.)"
"Fiat","124 Sport Spider","1966–1982","950","Классический итальянский родстер, 1.4–1.8 л (90–118 л.с.), дизайн Pininfarina"
"Ford","Thunderbird (1-е поколение)","1955–1957","1480","Культовое американское купе, 4.8 л V8 (193–245 л.с.), задний привод"
"Ford","Model T","1908–1927","700","Автомобиль, поставивший мир на колёса, 2.9 л I4 (20 л.с.), 2-ст. планетарная КПП"
"Honda","NSX (1-е поколение)","1990–2005","1370","Легендарный японский суперкар, 3.0–3.2 л V6 (270–290 л.с.), задний привод"
"Jaguar","XK120","1948–1954","1300","Классический британский спорткар, 3.4 л I6 (160–180 л.с.), задний привод"
"Lada","VAZ-2101 (Жигули)","1970–1984","955","Один из самых массовых автомобилей в истории, лицензионный Fiat 124, 1.2 л (62 л.с.)"
"Maserati","Ghibli (AM115, классический)","1967–1972","1550","Классическое купе Gran Turismo, 4.7–4.9 л V8 (330 л.с.), задний привод"
"Nissan","240Z (S30)","1969–1973","1050","Культовый японский спорткар, 2.4 л I6 (151 л.с.), 4-ст. МКПП, задний привод"
"Oldsmobile","442 (2-е поколение)","1968–1972","1650","Классический американский маслкар, 6.6–7.5 л V8 (350–370 л.с.)"
"Opel","GT","1968–1973","940","Компактное немецкое купе, 1.1–1.9 л (60–102 л.с.), задний привод"
"Plymouth","Barracuda (1-е поколение)","1964–1966","1500","Один из первых пони-каров, 4.5 л V8 (180–235 л.с.)"
"Pontiac","GTO (1-е поколение)","1964–1967","1600","Классический маслкар, положивший начало эпохе, 6.4 л V8 (325–360 л.с.)"
"Porsche","959","1986–1993","1450","Технологичный суперкар, 2.8 л твин-турбо (450 л.с.), полный привод"
"Renault","5 Turbo","1980–1986","970","Культовый французский хот-хэтч, 1.4 л турбо (160 л.с.), задний привод"
"Rolls-Royce","Silver Shadow","1965–1980","2100","Революционный люксовый седан, 6.2–6.75 л V8 (200–220 л.с.), задний привод"
"Toyota","2000GT","1967–1970","1120","Легендарный японский спорткар, 2.0 л I6 (150 л.с.), 5-ст. МКПП, задний привод"
"Triumph","Spitfire","1962–1980","735","Классический британский родстер, 1.1–1.5 л (63–71 л.с.), 4-ст. МКПП"
"Volkswagen","Karmann Ghia (Type 14)","1955–1974","820","Стильное купе на базе Beetle, 1.2–1.6 л (34–54 л.с.), задний привод"
"Volvo","P1800 (Jensen)","1961–1973","1200","Культовое шведское купе, 1.8–2.0 л (100–130 л.с.), задний привод"
"Willys","Jeep MB","1941–1945","1100","Легендарный армейский внедорожник, 2.2 л I4 (60 л.с.), полный привод"
"Buick","Riviera (1963)","1963–1965","1700","Культовое американское купе класса люкс, 6.5 л V8 (325 л.с.)"
"Cadillac","Eldorado (1959)","1959","2300","Классический полноразмерный кабриолет, 6.4 л V8 (345 л.с.)"
"Caterham","Seven","1973–наст.","550","Классический британский спорткар, наследник Lotus Seven"
"Chevrolet","El Camino (1959)","1959–1960","1500","Классический американский ют, 4.6 л V8 (185 л.с.)"
"Chevrolet","Impala (1967)","1967","1600","Культовый американский седан, 5.4 л V8 (275 л.с.)"
"Citroën","2CV","1948–1990","560","Народный французский автомобиль, символ эпохи"
"Citroën","DS","1955–1975","1170","Легендарный французский седан с гидропневматической подвеской"
"Datsun","240Z (S30)","1969–1973","1050","Культовый японский спорткар, 2.4 л I6 (151 л.с.)"
"Dodge","Challenger HEMI (классический)","1969–1974","1610","Классический маслкар, 7.0 л V8 HEMI (425 л.с.)"
"Dodge","Charger R/T (классический)","1968–1970","1650","Культовый маслкар, известен по фильму «Форсаж»"
"Fiat","500 (классический)","1957–1975","500","Народный итальянский автомобиль, символ эпохи"
"Ford","Escort (1-е поколение)","1968–1974","850","Европейский бестселлер, более 20 млн проданных авто"
"Ford","Fiesta (1-е поколение)","1976–1983","845","Один из самых популярных супермини, 1.0 л (45 л.с.)"
"Ford","Focus (1-е поколение)","1998–2004","1175","Мировой бестселлер C-класса, 1.8 л (75 л.с.)"
"Ford","Model T","1908–1927","700","Автомобиль, поставивший мир на колёса, 2.9 л I4 (20 л.с.)"
"Ford","Thunderbird (1-е поколение)","1955–1957","1480","Культовое американское купе, 4.8 л V8 (193 л.с.)"
"Hennessey","Venom GT","2011–2017","1244","Американский гиперкар, 7.0 л V8 твин-турбо (1244 л.с.)"
"Honda","Civic (1-е поколение)","1972–1979","750","Один из самых продаваемых автомобилей в истории"
"Honda","Integra Type R (DC2)","1995–2001","1080","Культовый японский спорткар, 1.8 л VTEC (200 л.с.)"
"Honda","NSX (1-е поколение)","1990–2005","1370","Легендарный японский суперкар, 3.0 л V6 (270 л.с.)"
"Honda","Prelude (5-е поколение)","1996–2001","1300","Культовое японское купе, 2.2 л VTEC (200 л.с.)"
"Honda","S2000","1999–2009","1250","Легендарный японский родстер, 2.0 л VTEC (240 л.с.)"
"Hyundai","Elantra (1-е поколение)","1990–1995","1100","Один из самых продаваемых седанов в истории"
"Hyundai","Sonata (1-е поколение)","1985–1991","1200","Первый корейский седан бизнес-класса"
"Jaguar","XK120","1948–1954","1300","Классический британский спорткар, 3.4 л I6 (160 л.с.)"
"Lamborghini","Countach","1974–1990","1488","Культовый суперкар, символ 1980-х, 5.2 л V12 (455 л.с.)"
"Lamborghini","Miura","1966–1973","1292","Революционный суперкар, один из первых среднемоторных"
"Mazda","MX-5 Miata (NA)","1989–1997","955","Самый продаваемый родстер в истории"
"Mazda","RX-7 (FD3S)","1991–2002","1280","Культовый японский спорткар с роторным двигателем"
"Mazda","RX-8","2003–2012","1309","Последний роторный спорткар Mazda, 1.3 л RENESIS"
"Mercedes-Benz","300 SL (W198)","1954–1963","1295","Легендарный спорткар с дверями «крыло чайки»"
"Mitsubishi","3000GT / GTO","1990–2001","1700","Японский суперкар с полным приводом, 3.0 л V6 твин-турбо"
"Mitsubishi","Eclipse (2-е поколение)","1995–1999","1400","Культовое японское купе, известно по фильму «Форсаж»"
"Nissan","240SX (S13)","1989–1994","1220","Культовый японский спорткар, основа для дрифта"
"Nissan","Silvia S15","1999–2002","1200","Культовый японский спорткар, 2.0 л турбо (250 л.с.)"
"Nissan","Skyline GT-R (R34)","1999–2002","1540","Легендарный японский суперкар, «Годзилла»"
"Oldsmobile","Cutlass Supreme","1961–1999","1445","Классический американский маслкар"
"Opel","GT","1968–1973","940","Компактное немецкое купе, 1.9 л (102 л.с.)"
"Peugeot","205 GTI","1984–1994","850","Культовый французский хот-хэтч"
"Peugeot","208 (2-е поколение)","2019–наст.","1033","Популярный европейский хэтчбек B-класса"
"Plymouth","Barracuda (1-е поколение)","1964–1966","1500","Один из первых пони-каров, 4.5 л V8"
"Plymouth","Road Runner (классический)","1968–1974","1685","Культовый маслкар, 7.2 л V8 (375 л.с.)"
"Pontiac","Firebird Trans Am","1969–2002","1600","Культовый американский маслкар"
"Pontiac","GTO Judge (классический)","1969–1970","1725","Легендарный маслкар, 6.6 л V8 (366 л.с.)"
"Porsche","959","1986–1993","1450","Технологичный суперкар, 2.8 л твин-турбо (450 л.с.)"
"Renault","Clio (1-е поколение)","1990–1998","920","Один из самых продаваемых европейских хэтчбеков"
"Subaru","Impreza WRX STI","1992–2014","1505","Культовый раллийный японский седан"
"Suzuki","Swift (1-е поколение)","1983–1989","740","Популярный японский хэтчбек B-класса"
"Toyota","2000GT","1967–1970","1120","Легендарный японский спорткар, 2.0 л I6 (150 л.с.)"
"Toyota","AE86 Corolla Levin / Sprinter Trueno","1983–1987","900","Культовый японский спорткар, основа для дрифта"
"Toyota","Celica (7-е поколение)","1999–2006","1200","Культовое японское купе, 1.8 л VVT-i (140 л.с.)"
"Toyota","Corolla (1-е поколение)","1966–1970","800","Самый продаваемый автомобиль в истории"
"Toyota","MR2 (2-е поколение)","1989–1999","1200","Культовый японский среднемоторный спорткар"
"Toyota","Supra Mk4 (A80)","1993–2002","1615","Культовый японский спорткар, икона тюнинга"
"Volkswagen","Beetle (классический)","1938–2003","800","Народный автомобиль, один из самых продаваемых в истории"
"Volkswagen","Golf GTI (Mk1)","1976–1983","840","Культовый хот-хэтч, основатель класса"
"Volvo","P1800","1961–1973","1200","Культовое шведское купе, 1.8 л I4 (100 л.с.)"
"Willys","Jeep MB","1941–1945","1100","Легендарный армейский внедорожник"
"AMC","AMX","1968–1970","1377","Культовый двухместный маслкар, 6.4 л V8 (315 л.с.), задний привод"
"AMC","Eagle","1980–1988","1600","Один из первых кроссоверов в истории, 4.2 л I6 (112 л.с.), полный привод"
"Buick","Grand National","1984–1987","1530","Культовый турбомаслкар, 3.8 л V6 турбо (245 л.с.). Масса: 1530 кг (3373 lbs)"
"Buick","GNX","1987","1611","Один из самых редких маслкаров Buick, 3.8 л V6 турбо (276 л.с.). Выпущено 547 экз."
"Buick","Riviera (1963)","1963–1965","1700","Культовое американское купе класса люкс, 6.5 л V8 (325 л.с.)"
"Cadillac","Eldorado (1959)","1959","2300","Классический полноразмерный кабриолет, 6.4 л V8 (345 л.с.)"
"Chevrolet","El Camino (1959)","1959–1960","1500","Классический американский ют, 4.6 л V8 (185 л.с.)"
"Chevrolet","Chevelle SS (1970)","1970","1500","Культовый маслкар, 7.4 л V8 LS6 (450 л.с.). Масса: 1500 кг (3307 lbs)"
"Cisitalia","202","1947–1952","780","Дизайн Pininfarina, признан произведением искусства в MoMA"
"Cord","810","1936–1937","1860","Шедевр ар-деко с передним приводом и убирающимися фарами"
"Delahaye","135","1935–1954","1557","Французский Gran Turismo, символ предвоенной роскоши"
"De Tomaso","Mangusta","1967–1971","1300","Среднемоторное купе с дизайном Джуджаро, Ford V8 4.7 л (305 л.с.)"
"Dodge","Omni GLH","1985–1988","969","Культовый хот-хэтч от Carroll Shelby, 2.2 л турбо (146 л.с.)"
"Duesenberg","Model J","1929–1937","2390","Вершина американской довоенной роскоши, 6.9 л I8 (265 л.с.)"
"Facel Vega","HK500","1958–1963","1830","Французский люкс с американским V8 Chrysler 6.3 л (360 л.с.)"
"Fiat","500 (классический)","1957–1975","500","Народный итальянский автомобиль, символ эпохи"
"Ford","Mustang Boss 429","1969–1970","1686","Культовый маслкар, 7.0 л V8 (375 л.с.). Масса: 1686 кг"
"Ford","Thunderbird (1-е поколение)","1955–1957","1480","Культовое американское купе, 4.8 л V8 (193 л.с.)"
"Honda","Prelude (5-е поколение)","1996–2001","1269","Культовое японское купе, 2.2 л VTEC (200 л.с.)"
"Honda","S600 / S800","1964–1970","750","Первый спорткар Honda, высокооборотный мотоциклетный двигатель"
"Honda","S2000","1999–2009","1250","Легендарный японский родстер, 2.0 л VTEC (240 л.с.)"
"Hyundai","Pony","1975–1990","1200","Первый массовый корейский автомобиль, дизайн Джуджаро. Масса ориентировочная"
"Isuzu","117 Coupe","1968–1981","1090","Дизайн Джуджаро, один из первых японских Gran Turismo"
"Jaguar","XK120","1948–1954","1300","Классический британский спорткар, 3.4 л I6 (160 л.с.)"
"Lamborghini","Miura","1966–1973","1292","Революционный суперкар, один из первых среднемоторных"
"Mazda","Cosmo / Eunos Cosmo","1990–1995","1600","Единственный в мире серийный 3-роторный автомобиль"
"Mazda","MX-6","1987–1997","1255","Культовое японское купе, 2.5 л V6 (200 л.с.)"
"Mazda","RX-7 (FD3S)","1991–2002","1280","Культовый японский спорткар с роторным двигателем"
"Mitsubishi","3000GT VR-4","1991–1999","1695","Японский суперкар с полным приводом, 3.0 л V6 твин-турбо (280 л.с.)"
"Mitsubishi","Galant VR4","1988–1992","1470","Культовый раллийный седан, 2.0 л турбо (240 л.с.), полный привод"
"Mitsubishi","Starion","1982–1989","1265","Японское купе с турбонаддувом, задний привод. Масса: 1245–1340 кг"
"Nash","Ambassador (1957)","1957","1745","Инновационный американский седан с дизайном Pininfarina, 5.4 л V8"
"Nissan","300ZX (Z32)","1989–2000","1550","Культовый японский суперкар, 3.0 л V6 твин-турбо (300 л.с.)"
"Nissan","NX2000","1991–1993","1150","Лёгкое купе-тарга с SR20DE, отличная управляемость. Масса: 1020–1140 кг"
"Nissan","Pulsar GTI-R","1990–1994","1220","Культовый полноприводный хот-хэтч, 2.0 л турбо (227 л.с.)"
"Nissan","Skyline GT-R (R34)","1999–2002","1540","Легендарный японский суперкар, 'Годзилла'"
"Oldsmobile","442 (2-е поколение)","1968–1972","1648","Классический американский маслкар, 6.6–7.5 л V8 (350–370 л.с.)"
"Oldsmobile","Toronado","1966–1992","2039","Первый американский переднеприводный люкс-купе, 7.0 л V8 (385 л.с.)"
"Packard","Caribbean","1953–1956","1835","Классический американский кабриолет класса люкс, 5.9 л V8 (310 л.с.)"
"Pierce-Arrow","Silver Arrow","1933","2314","Шедевр ар-деко, V12 7.6 л (175 л.с.). Выпущено всего 5 экземпляров"
"Plymouth","Barracuda (1-е поколение)","1964–1966","1500","Один из первых пони-каров, 4.5 л V8"
"Plymouth","Road Runner (классический)","1968–1974","1691","Культовый маслкар, 7.2 л V8 (375 л.с.)"
"Pontiac","GTO Judge (классический)","1969–1970","1715","Легендарный маслкар, 6.6 л V8 Ram Air IV (370 л.с.)"
"Pontiac","Firebird Trans Am","1969–2002","1600","Культовый американский маслкар, звезда фильма «Смоки и бандит»"
"Porsche","959","1986–1993","1450","Технологичный суперкар, 2.8 л твин-турбо (450 л.с.), полный привод"
"Studebaker","Avanti","1962–1963","1428","Инновационное купе с дизайном Раймонда Лоуи, 4.7 л V8 (240 л.с.)"
"Subaru","Impreza WRX STI","1992–2014","1505","Культовый раллийный японский седан"
"Tatra","87","1936–1950","1370","Аэродинамичный чешский седан с заднемоторной компоновкой, V8 воздушного охлаждения"
"Toyota","Celica GT-Four (ST205)","1994–1999","1390","Культовый раллийный автомобиль, 2.0 л турбо (255 л.с.), полный привод"
"Triumph","Spitfire","1962–1980","735","Классический британский родстер, 1.1–1.5 л (63–71 л.с.), 4-ст. МКПП"
"Tucker","48","1948","1900","Революционный автомобиль Престона Такера, 5.5 л I6 (166 л.с.). Выпущена 51 единица"
"Volvo","P1800","1961–1973","1200","Культовое шведское купе, 1.8 л I4 (100 л.с.)"
"Benz","Patent-Motorwagen","1886–1894","270","Самый первый в мире автомобиль с ДВС, запатентованный Карлом Бенцем. Одноцилиндровый 4-тактный двигатель (0.75 л.с.)"
"Bugatti","Type 35","1924–1930","750","Легендарный гоночный автомобиль, одержавший более 2000 побед. Масса: 650–750 кг"
"Lotus","49","1967–1970","501","Революционный болид Формулы-1, первый автомобиль с двигателем Cosworth DFV в качестве несущего элемента шасси. 420 л.с. при весе 501 кг"
"Porsche","917","1969–1973","820","Легендарный гоночный прототип, принесший первую победу Porsche в Ле-Мане (1970). Масса: 820 кг"
"Rolls-Royce","Silver Ghost (40/50HP)","1906–1926","1383","Модель, принесшая Rolls-Royce статус производителя 'лучших автомобилей в мире'. Масса: 1383 кг"
"Shelby","AC Cobra 427","1962–1967","1035","Культовый американо-британский родстер, созданный Кэрроллом Шелби. Оснащался 7.0 л V8 Ford (425 л.с.)"
"Mini","Austin Mini Cooper","1961–2000","650","Культовый британский городской автомобиль, завоевавший множество раллийных побед. Масса: 585–760 кг"
"Lotus","Elan (1-е поколение)","1962–1975","680","Лёгкий родстер, вдохновивший создателей Mazda MX-5. Масса: 680 кг"
"Nissan","Silvia S15","1999–2002","1240","Культовый японский спорткар, последнее поколение линейки Silvia. 2.0 л турбо (250 л.с.)"
"Nissan","Fairlady Z (Z32)","1989–2000","1550","Японский суперкар с 3.0 л V6 твин-турбо (300 л.с.). Известен как 300ZX"
"Toyota","Celica GT-Four (ST205)","1994–1999","1390","Культовый раллийный автомобиль, 2.0 л турбо (255 л.с.), полный привод"
"Holden","Commodore (VB)","1978–1980","1350","Первый австралийский Commodore. Оснащался 2.8–5.0 л двигателями"
"Ford","Falcon XB GT (Австралия)","1973–1976","1600","Культовый австралийский маслкар, известный по фильму 'Безумный Макс'. 5.8 л V8 (300 л.с.)"
"AMC","AMX","1968–1970","1377","Культовый двухместный маслкар, 6.4 л V8 (315 л.с.), задний привод"
"Buick","Grand National","1984–1987","1530","Культовый турбомаслкар, 3.8 л V6 турбо (245 л.с.)"
"Buick","GNX","1987","1611","Один из самых редких маслкаров Buick, 3.8 л V6 турбо (276 л.с.). Выпущено 547 экз."
"Chevrolet","Chevelle SS (1970)","1970","1500","Культовый маслкар, 7.4 л V8 LS6 (450 л.с.)"
"Chevrolet","Impala (1967)","1967","1600","Культовый американский седан, 5.4 л V8 (275 л.с.)"
"Chrysler","Minivan (1-е поколение)","1984–1990","1500","Первый минивэн, изменивший автомобильный рынок США"
"De Tomaso","Mangusta","1967–1971","1300","Среднемоторное купе с дизайном Джуджаро, Ford V8 4.7 л (305 л.с.)"
"De Tomaso","Pantera","1971–1992","1420","Среднемоторный спорткар с Ford V8 5.8 л, дизайн Гизелла"
"Dodge","Omni GLH","1985–1988","969","Культовый хот-хэтч от Carroll Shelby, 2.2 л турбо (146 л.с.)"
"Facel Vega","HK500","1958–1963","1830","Французский люкс с американским V8 Chrysler 6.3 л (360 л.с.)"
"Ford","Capri (1-е поколение)","1969–1974","953","Европейское купе, «Mustang для Европы». Масса: 940–1120 кг"
"Ford","Escort (1-е поколение)","1968–1974","850","Европейский бестселлер, более 20 млн проданных авто"
"Ford","F-150 Lightning (1999)","1999–2004","2120","Спортивный пикап с 5.4 л V8 наддув (380 л.с.)"
"Ford","Sierra RS Cosworth","1986–1992","1240","Культовый европейский спортседан, 2.0 л турбо (204 л.с.)"
"Holden","Commodore (VB)","1978–1980","1350","Первый австралийский Commodore. Оснащался 2.8–5.0 л двигателями"
"Honda","Integra Type R (DC2)","1995–2001","1080","Культовый японский спорткар, 1.8 л VTEC (200 л.с.)"
"Hyundai","Pony","1975–1990","1200","Первый массовый корейский автомобиль, дизайн Джуджаро"
"Lamborghini","Diablo","1990–2001","1576","Легендарный суперкар 90-х, 5.7 л V12 (492 л.с.)"
"Lancia","Delta HF Integrale","1987–1994","1230","Культовый раллийный хот-хэтч, 2.0 л турбо (200 л.с.)"
"Mercedes-Benz","C36 AMG","1995–1997","1560","Первый официальный AMG, 3.6 л I6 (276 л.с.)"
"Mercury","Cougar (1-е поколение)","1967–1970","1375","Культовый американский маслкар, 4.7–7.0 л V8"
"Mitsubishi","3000GT VR-4","1991–1999","1695","Японский суперкар с полным приводом, 3.0 л V6 твин-турбо (280 л.с.)"
"Nissan","300ZX (Z32)","1989–2000","1550","Культовый японский суперкар, 3.0 л V6 твин-турбо (300 л.с.)"
"Nissan","Silvia S15","1999–2002","1240","Культовый японский спорткар, последнее поколение линейки Silvia. 2.0 л турбо (250 л.с.)"
"Oldsmobile","Cutlass Supreme","1961–1999","1445","Классический американский маслкар"
"Peugeot","205 GTI","1984–1994","850","Культовый французский хот-хэтч"
"Plymouth","Superbird","1970","1742","Культовый маслкар NASCAR, 7.0 л V8 HEMI (425 л.с.)"
"Pontiac","GTO Judge (классический)","1969–1970","1715","Легендарный маслкар, 6.6 л V8 Ram Air IV (370 л.с.)"
"Porsche","944","1982–1991","1280","Культовый транзаксный спорткар, 2.5 л I4 (150–217 л.с.)"
"Porsche","928","1978–1995","1580","Флагманский GT с V8, 5.4 л V8 (350 л.с.)"
"Renault","5 Turbo","1980–1986","970","Культовый французский хот-хэтч, 1.4 л турбо (160 л.с.), задний привод"
"Subaru","SVX","1991–1996","1600","Культовое купе с окнами «самолётного типа», 3.3 л H6 (230 л.с.)"
"Toyota","Celica GT-Four (ST205)","1994–1999","1390","Культовый раллийный автомобиль, 2.0 л турбо (255 л.с.), полный привод"
"Toyota","Chaser Tourer V (JZX100)","1996–2001","1490","Культовый японский седан, 2.5 л турбо 1JZ-GTE (280 л.с.)"
"Toyota","Prius (1-е поколение)","1997–2003","1254","Первый в мире массовый гибридный автомобиль"
"Volkswagen","Passat (B1, 1973)","1973–1981","880","Первое поколение Passat. Очень лёгкий — от 880 кг"
"Volkswagen","Scirocco (1-е поколение)","1974–1981","800","Культовое европейское купе на базе Golf"
"Willys","Jeep MB","1941–1945","1100","Легендарный армейский внедорожник"